# https://github.com/mikedh/trimesh
v 1.08910001 95.12982209 -1.22230596
v 0.09027200 94.95431428 -21.55388624
v 1.08909795 94.95431428 -21.57840772
v -0.90614996 94.95431428 -21.48038526
v -1.89776393 94.95431428 -21.35808302
v -2.88218194 94.95431428 -21.18727003
v -3.85703391 94.95431428 -20.96835891
v -4.81996785 94.95431428 -20.70187942
v -5.76866808 94.95431428 -20.38847000
v -6.70084763 94.95431428 -20.02888993
v -7.61426008 94.95431428 -19.62400103
v -8.50670208 94.95431428 -19.17478351
v -9.37602762 94.95431428 -18.68231526
v -10.22014381 94.95431428 -18.14778524
v -11.03701147 94.95431428 -17.57248130
v -11.82467015 94.95431428 -16.95778771
v -12.58121798 94.95431428 -16.30518518
v -13.30483125 94.95431428 -15.61624965
v -13.99376922 94.95431428 -14.89263517
v -14.64636930 94.95431428 -14.13609221
v -15.26106533 94.95431428 -13.34843110
v -15.83636927 94.95431428 -12.53156344
v -16.37089929 94.95431428 -11.68745213
v -16.86336998 94.95431428 -10.81812598
v -17.31258750 94.95431428 -9.92568154
v -17.71747519 94.95431428 -9.01227153
v -18.07705526 94.95431428 -8.08009564
v -18.39046590 94.95431428 -7.13139755
v -18.65694783 94.95431428 -6.16846605
v -18.87586017 94.95431428 -5.19361561
v -19.04667194 94.95431428 -4.20920187
v -19.16897784 94.95431428 -3.21758995
v -19.24247760 94.95431428 -2.22117198
v -19.26700152 94.95431428 -1.22234800
v -19.24248370 94.95431428 -0.22352399
v -19.16898517 94.95431428 0.77289595
v -19.04668414 94.95431428 1.76450802
v -18.87587604 94.95431428 2.74892389
v -18.65696736 94.95431428 3.72377189
v -18.39048909 94.95431428 4.68670583
v -18.07708578 94.95431428 5.63540576
v -17.71750815 94.95431428 6.56758408
v -17.31262412 94.95431428 7.48099410
v -16.86340783 94.95431428 8.37343792
v -16.37094324 94.95431428 9.24276591
v -15.83641810 94.95431428 10.08688149
v -15.26111538 94.95431428 10.90375342
v -14.64642423 94.95431428 11.69141331
v -13.99382415 94.95431428 12.44796115
v -13.30488984 94.95431428 13.17157930
v -12.58127779 94.95431428 13.86051727
v -11.82473606 94.95431428 14.51312223
v -11.03707739 94.95431428 15.12782193
v -10.22020607 94.95431428 15.70313319
v -9.37608805 94.95431428 16.23766931
v -8.50676006 94.95431428 16.73014123
v -7.61431379 94.95431428 17.17936119
v -6.70090012 94.95431428 17.58425376
v -5.76871996 94.95431428 17.94383993
v -4.82001790 94.95431428 18.25724935
v -3.85708182 94.95431428 18.52373616
v -2.88222802 94.95431428 18.74264729
v -1.89780803 94.95431428 18.91346393
v -0.90619200 94.95431428 19.03577106
v 0.09023200 94.95431428 19.10927203
v 1.08905996 94.95431428 19.13379596
v 2.08788997 94.95431428 19.10927814
v 3.08431390 94.95431428 19.03577716
v 4.07592978 94.95431428 18.91347614
v 5.06034992 94.95431428 18.74266193
v 6.03520372 94.95431428 18.52375325
v 6.99814193 94.95431428 18.25727376
v 7.94684553 94.95431428 17.94386557
v 8.87902751 94.95431428 17.58428550
v 9.79244180 94.95431428 17.17939537
v 10.68488990 94.95431428 16.73017785
v 11.55421971 94.95431428 16.23770594
v 12.39833713 94.95431428 15.70317592
v 13.21521333 94.95431428 15.12786709
v 14.00287322 94.95431428 14.51317228
v 14.75942350 94.95431428 13.86056732
v 15.48303920 94.95431428 13.17162568
v 16.17198206 94.95431428 12.44800998
v 16.82458581 94.95431428 11.69145726
v 17.43928184 94.95431428 10.90379736
v 18.01458700 94.95431428 10.08692177
v 18.54911946 94.95431428 9.24280375
v 19.04158771 94.95431428 8.37347210
v 19.49080523 94.95431428 7.48102400
v 19.89569414 94.95431428 6.56760972
v 20.25527543 94.95431428 5.63542773
v 20.56868118 94.95431428 4.68672383
v 20.83516067 94.95431428 3.72378593
v 21.05407180 94.95431428 2.74893182
v 21.22488234 94.95431428 1.76451198
v 21.34718458 94.95431428 0.77289396
v 21.42068311 94.95431428 -0.22352800
v 21.44519972 94.95431428 -1.22235799
v 21.42067579 94.95431428 -2.22118800
v 21.34717237 94.95431428 -3.21760979
v 21.22486769 94.95431428 -4.20922598
v 21.05405226 94.95431428 -5.19364612
v 20.83513625 94.95431428 -6.16849962
v 20.56865188 94.95431428 -7.13143600
v 20.25524003 94.95431428 -8.08013776
v 19.89565507 94.95431428 -9.01231791
v 19.49076128 94.95431428 -9.92573159
v 19.04153766 94.95431428 -10.81817603
v 18.54906575 94.95431428 -11.68750340
v 18.01452963 94.95431428 -12.53162203
v 17.43921958 94.95431428 -13.34849213
v 16.82451989 94.95431428 -14.13615203
v 16.17191126 94.95431428 -14.89269620
v 15.48296596 94.95431428 -15.61631191
v 14.75934537 94.95431428 -16.30524988
v 14.00279144 94.95431428 -16.95784996
v 13.21512910 94.95431428 -17.57254111
v 12.39825168 94.95431428 -18.14784505
v 11.55412938 94.95431428 -18.68237141
v 10.68479835 94.95431428 -19.17483722
v 9.79234780 94.95431428 -19.62405108
v 8.87892986 94.95431428 -20.02893510
v 7.94674604 94.95431428 -20.38851395
v 6.99804184 94.95431428 -20.70191604
v 6.03510362 94.95431428 -20.96839064
v 5.06024799 94.95431428 -21.18729445
v 4.07582785 94.95431428 -21.35810011
v 3.08420983 94.95431428 -21.48039991
v 2.08778590 94.95431428 -21.55389356
v -0.90614996 94.42822055 -41.83648344
v 1.08909795 94.42822055 -41.88546293
v -2.89658990 94.42822055 -41.68966215
v -4.87743001 94.42822055 -41.44535064
v -6.84389389 94.42822055 -41.10412994
v -8.79124797 94.42822055 -40.66683503
v -10.71479957 94.42822055 -40.13452059
v -12.60991427 94.42822055 -39.50845615
v -14.47202604 94.42822055 -38.79016027
v -16.29665003 94.42822055 -37.98136146
v -18.07938314 94.42822055 -37.08400796
v -19.81594316 94.42822055 -36.10025798
v -21.50214063 94.42822055 -35.03248945
v -23.13391062 94.42822055 -33.88326584
v -24.70732611 94.42822055 -32.65536060
v -26.21859805 94.42822055 -31.35172781
v -27.66408385 94.42822055 -29.97551691
v -29.04029964 94.42822055 -28.53002866
v -30.34392999 94.42822055 -27.01876404
v -31.57183767 94.42822055 -25.44534611
v -32.72106128 94.42822055 -23.81357369
v -33.78883714 94.42822055 -22.12738232
v -34.77258711 94.42822055 -20.39082352
v -35.66994061 94.42822055 -18.60808918
v -36.47873942 94.42822055 -16.78347008
v -37.19703530 94.42822055 -14.92136319
v -37.82310218 94.42822055 -13.02625337
v -38.35541906 94.42822055 -11.10270971
v -38.79271398 94.42822055 -9.15535990
v -39.13393223 94.42822055 -7.18889999
v -39.37824619 94.42822055 -5.20806812
v -39.52507480 94.42822055 -3.21763207
v -39.57405917 94.42822055 -1.22238996
v -39.52508212 94.42822055 0.77285399
v -39.37826328 94.42822055 2.76329004
v -39.13395664 94.42822055 4.74412404
v -38.79275060 94.42822055 6.71058396
v -38.35546057 94.42822055 8.65793560
v -37.82315101 94.42822055 10.58148170
v -37.19709390 94.42822055 12.47659396
v -36.47880534 94.42822055 14.33870329
v -35.67001141 94.42822055 16.16332728
v -34.77266524 94.42822055 17.94606405
v -33.78892014 94.42822055 19.68262407
v -32.72115650 94.42822055 21.36882276
v -31.57193777 94.42822055 23.00060007
v -30.34403741 94.42822055 24.57401801
v -29.04040951 94.42822055 26.08529727
v -27.66420104 94.42822055 27.53078552
v -26.21872012 94.42822055 28.90700619
v -24.70745550 94.42822055 30.21063897
v -23.13403757 94.42822055 31.43855887
v -21.50226270 94.42822055 32.58779224
v -19.81606157 94.42822055 33.65557542
v -18.07949911 94.42822055 34.63934005
v -16.29675989 94.42822055 35.53669842
v -14.47213224 94.42822055 36.34550700
v -12.61001559 94.42822055 37.06380777
v -10.71489722 94.42822055 37.68987709
v -8.79134563 94.42822055 38.22220129
v -6.84398788 94.42822055 38.65950109
v -4.87751790 94.42822055 39.00072178
v -2.89667596 94.42822055 39.24503819
v -0.90622999 94.42822055 39.39186924
v 1.08902196 94.42822055 39.44085361
v 3.08427392 94.42822055 39.39187412
v 5.07471974 94.42822055 39.24505772
v 7.05556381 94.42822055 39.00074620
v 9.02203410 94.42822055 38.65953039
v 10.96939429 94.42822055 38.22224036
v 12.89295015 94.42822055 37.68992592
v 14.78806974 94.42822055 37.06386148
v 16.65018517 94.42822055 36.34556559
v 18.47481526 94.42822055 35.53676190
v 20.25756180 94.42822055 34.63940841
v 21.99413037 94.42822055 33.65565354
v 23.68033150 94.42822055 32.58788013
v 25.31211125 94.42822055 31.43865164
v 26.88553407 94.42822055 30.21074151
v 28.39681333 94.42822055 28.90710385
v 29.84230402 94.42822055 27.53087829
v 31.21852469 94.42822055 26.08539004
v 32.52215992 94.42822055 24.57411078
v 33.75007249 94.42822055 23.00068308
v 34.89930098 94.42822055 21.36890089
v 35.96707683 94.42822055 19.68269731
v 36.95082437 94.42822055 17.94613119
v 37.84818031 94.42822055 16.16338709
v 38.65698400 94.42822055 14.33875578
v 39.37527500 94.42822055 12.47663913
v 40.00133700 94.42822055 10.58151954
v 40.53365144 94.42822055 8.65796184
v 40.97093658 94.42822055 6.71060410
v 41.31214751 94.42822055 4.74413197
v 41.55646391 94.42822055 2.76328790
v 41.70328032 94.42822055 0.77284201
v 41.75225493 94.42822055 -1.22240995
v 41.70327055 94.42822055 -3.21766198
v 41.55644438 94.42822055 -5.20810779
v 41.31211822 94.42822055 -7.18895003
v 40.97089752 94.42822055 -9.15541789
v 40.53360261 94.42822055 -11.10277563
v 40.00127596 94.42822055 -13.02633028
v 39.37520664 94.42822055 -14.92144620
v 38.65690099 94.42822055 -16.78355920
v 37.84808997 94.42822055 -18.60818562
v 36.95072671 94.42822055 -20.39092728
v 35.96696941 94.42822055 -22.12748974
v 34.89918379 94.42822055 -23.81369087
v 33.74995042 94.42822055 -25.44546330
v 32.52202808 94.42822055 -27.01888123
v 31.21838553 94.42822055 -28.53015073
v 29.84215509 94.42822055 -29.97563898
v 28.39665708 94.42822055 -31.35185477
v 26.88537293 94.42822055 -32.65548267
v 25.31194524 94.42822055 -33.88338303
v 23.68015816 94.42822055 -35.03260664
v 21.99394970 94.42822055 -36.10037517
v 20.25737504 94.42822055 -37.08412026
v 18.47462727 94.42822055 -37.98146399
v 16.64999597 94.42822055 -38.79025792
v 14.78787320 94.42822055 -39.50854404
v 12.89274996 94.42822055 -40.13459871
v 10.96919165 94.42822055 -40.66690339
v 9.02182963 94.42822055 -41.10418365
v 7.05535812 94.42822055 -41.44538482
v 5.07451374 94.42822055 -41.68968657
v 3.08406579 94.42822055 -41.83649809
v -1.89776393 93.55282017 -62.02123885
v 1.08909597 93.55282017 -62.09455916
v -4.87743001 93.55282017 -61.80144393
v -7.84272199 93.55282017 -61.43571152
v -10.78649634 93.55282017 -60.92491563
v -13.70166229 93.55282017 -60.27029162
v -16.58119348 93.55282017 -59.47342152
v -19.41815508 93.55282017 -58.53621451
v -22.20571728 93.55282017 -57.46093133
v -24.93715520 93.55282017 -56.25016476
v -27.60589050 93.55282017 -54.90683959
v -30.20549493 93.55282017 -53.43418338
v -32.72971118 93.55282017 -51.83573615
v -35.17245283 93.55282017 -50.11536509
v -37.52784096 93.55282017 -48.27720595
v -39.79019198 93.55282017 -46.32568256
v -41.95407133 93.55282017 -44.26550682
v -44.01424706 93.55282017 -42.10164457
v -45.96576069 93.55282017 -39.83928622
v -47.80393448 93.55282017 -37.48390541
v -49.52430553 93.55282017 -35.04116133
v -51.12275276 93.55282017 -32.51695240
v -52.59540898 93.55282017 -29.91734308
v -53.93873903 93.55282017 -27.24861267
v -55.14950072 93.55282017 -24.51718207
v -56.22478390 93.55282017 -21.72962842
v -57.16199091 93.55282017 -18.89267414
v -57.95886589 93.55282017 -16.01314906
v -58.61349478 93.55282017 -13.09799409
v -59.12429555 93.55282017 -10.15422585
v -59.49002797 93.55282017 -7.18894210
v -59.70982288 93.55282017 -4.20928579
v -59.78315296 93.55282017 -1.22243199
v -59.70984242 93.55282017 1.76442394
v -59.49005726 93.55282017 4.74408193
v -59.12432485 93.55282017 7.70936811
v -58.61354361 93.55282017 10.65313575
v -57.95893425 93.55282017 13.56829315
v -57.16206903 93.55282017 16.44782190
v -56.22487179 93.55282017 19.28478350
v -55.14959838 93.55282017 22.07233837
v -53.93884645 93.55282017 24.80377386
v -52.59552617 93.55282017 27.47251403
v -51.12286995 93.55282017 30.07212335
v -49.52444225 93.55282017 32.59634204
v -47.80408096 93.55282017 35.03909101
v -45.96592671 93.55282017 37.39448159
v -44.01441308 93.55282017 39.65684482
v -41.95423734 93.55282017 41.82072172
v -39.79037753 93.55282017 43.88091211
v -37.52803383 93.55282017 45.83243550
v -35.17264326 93.55282017 47.67061417
v -32.72989673 93.55282017 49.39100964
v -30.20567315 93.55282017 50.98946663
v -27.60605895 93.55282017 52.46214238
v -24.93731878 93.55282017 53.80548220
v -22.20587353 93.55282017 55.01625854
v -19.41831011 93.55282017 56.09154660
v -16.58134362 93.55282017 57.02876337
v -13.70180511 93.55282017 57.82564812
v -10.78663550 93.55282017 58.48027701
v -7.84285566 93.55282017 58.99107778
v -4.87755787 93.55282017 59.35682485
v -1.89788402 93.55282017 59.57661976
v 1.08898397 93.55282017 59.64994984
v 4.07585196 93.55282017 59.57663441
v 7.05552597 93.55282017 59.35684438
v 10.02082558 93.55282017 58.99111685
v 12.96460786 93.55282017 58.48032584
v 15.87977992 93.55282017 57.82570672
v 18.75931965 93.55282017 57.02883173
v 21.59629346 93.55282017 56.09162472
v 24.38385932 93.55282017 55.01634643
v 27.11530701 93.55282017 53.80557497
v 29.78405695 93.55282017 52.46224980
v 32.38367603 93.55282017 50.98957894
v 34.90790205 93.55282017 49.39113171
v 37.35065590 93.55282017 47.67075089
v 39.70605136 93.55282017 45.83258687
v 41.96841703 93.55282017 43.88105371
v 44.13230370 93.55282017 41.82086821
v 46.19247944 93.55282017 39.65698154
v 48.14401260 93.55282017 37.39461342
v 49.98218638 93.55282017 35.03921797
v 51.70256720 93.55282017 32.59645923
v 53.30100467 93.55282017 30.07223566
v 54.77367065 93.55282017 27.47261169
v 56.11700070 93.55282017 24.80386663
v 57.32776239 93.55282017 22.07241650
v 58.40304557 93.55282017 19.28484942
v 59.34025258 93.55282017 16.44787805
v 60.13711780 93.55282017 13.56833588
v 60.79173692 93.55282017 10.65316138
v 61.30252793 93.55282017 7.70937971
v 61.66825057 93.55282017 4.74407979
v 61.88803573 93.55282017 1.76440792
v 61.96135604 93.55282017 -1.22246198
v 61.88802596 93.55282017 -4.20933005
v 61.66822128 93.55282017 -7.18900191
v 61.30247910 93.55282017 -10.15429970
v 60.79166856 93.55282017 -13.09807954
v 60.13703967 93.55282017 -16.01324915
v 59.34015492 93.55282017 -18.89278522
v 58.40293815 93.55282017 -21.72975049
v 57.32764520 93.55282017 -24.51731879
v 56.11686398 93.55282017 -27.24875916
v 54.77352417 93.55282017 -29.91749933
v 53.30084842 93.55282017 -32.51711353
v 51.70239142 93.55282017 -35.04133222
v 49.98200084 93.55282017 -37.48408119
v 48.14381728 93.55282017 -39.83946688
v 46.19227436 93.55282017 -42.10182523
v 44.13207909 93.55282017 -44.26569237
v 41.96818266 93.55282017 -46.32587299
v 39.70580722 93.55282017 -48.27738662
v 37.35040444 93.55282017 -50.11554575
v 34.90764082 93.55282017 -51.83591681
v 32.38340748 93.55282017 -53.43434939
v 29.78378107 93.55282017 -54.90700073
v 27.11502625 93.55282017 -56.25032101
v 24.38357123 93.55282017 -57.46107293
v 21.59599805 93.55282017 -58.53633658
v 18.75902302 93.55282017 -59.47353383
v 15.87947718 93.55282017 -60.27039416
v 12.96430147 93.55282017 -60.92499864
v 10.02051552 93.55282017 -61.43577011
v 7.05521591 93.55282017 -61.80148299
v 4.07554190 93.55282017 -62.02125838
v -2.88218408 92.33018348 -82.05951965
v 1.08909597 92.33018348 -82.15701965
v -6.84389572 92.33018348 -81.76729309
v -10.78649634 92.33018348 -81.28101869
v -14.70048917 92.33018348 -80.60187808
v -18.57644124 92.33018348 -79.73149724
v -22.40501903 92.33018348 -78.67199043
v -26.17699649 92.33018348 -77.42589671
v -29.88329035 92.33018348 -75.99621412
v -33.51496507 92.33018348 -74.38640459
v -37.06326821 92.33018348 -72.60034506
v -40.51965974 92.33018348 -70.64232264
v -43.87580957 92.33018348 -68.51705902
v -47.12364152 92.33018348 -66.22968114
v -50.25532114 92.33018348 -63.78569682
v -53.26330936 92.33018348 -61.19098496
v -56.14036007 92.33018348 -58.45181510
v -58.87953970 92.33018348 -55.57476927
v -61.47423691 92.33018348 -52.56678105
v -63.91823099 92.33018348 -49.43510143
v -66.20561375 92.33018348 -46.18727924
v -68.33087738 92.33018348 -42.83112697
v -70.28890468 92.33018348 -39.37474033
v -72.07496909 92.33018348 -35.82643963
v -73.68478351 92.33018348 -32.19476979
v -75.11445145 92.33018348 -28.48849057
v -76.36055493 92.33018348 -24.71652289
v -77.42006663 92.33018348 -20.88795852
v -78.29044747 92.33018348 -17.01201622
v -78.96959784 92.33018348 -13.09803315
v -79.45586736 92.33018348 -9.15544352
v -79.74811345 92.33018348 -5.19374195
v -79.84561345 92.33018348 -1.22247197
v -79.74812322 92.33018348 2.74879785
v -79.45590643 92.33018348 6.71050156
v -78.96963691 92.33018348 10.65309424
v -78.29051583 92.33018348 14.56707731
v -77.42014475 92.33018348 18.44302327
v -76.36065259 92.33018348 22.27159618
v -75.11457840 92.33018348 26.04356875
v -73.68491046 92.33018348 29.74985285
v -72.07511558 92.33018348 33.38152757
v -70.28906093 92.33018348 36.92983316
v -68.33104339 92.33018348 40.38622957
v -66.20579930 92.33018348 43.74238672
v -63.91843607 92.33018348 46.99022844
v -61.47445175 92.33018348 50.12191294
v -58.87975454 92.33018348 53.12991092
v -56.14058468 92.33018348 56.00696652
v -53.26355350 92.33018348 58.74615591
v -50.25557505 92.33018348 61.34087265
v -47.12389543 92.33018348 63.78488139
v -43.87606347 92.33018348 66.07228368
v -40.51989411 92.33018348 68.19757172
v -37.06349527 92.33018348 70.15561367
v -33.51517747 92.33018348 71.94169761
v -29.88349787 92.33018348 73.55152179
v -26.17719912 92.33018348 74.98121414
v -22.40521678 92.33018348 76.22731275
v -18.57663411 92.33018348 77.28683909
v -14.70067350 92.33018348 78.15722482
v -10.78667334 92.33018348 78.83637519
v -6.84406357 92.33018348 79.32266424
v -2.88234399 92.33018348 79.61490545
v 1.08894597 92.33018348 79.71240544
v 5.06023579 92.33018348 79.61492010
v 9.02195781 92.33018348 79.32269842
v 12.96457002 92.33018348 78.83642402
v 16.87857140 92.33018348 78.15729317
v 20.75453567 92.33018348 77.28691722
v 24.58312201 92.33018348 76.22740552
v 28.35511167 92.33018348 74.98131180
v 32.06141286 92.33018348 73.55163898
v 35.69309979 92.33018348 71.94182945
v 39.24142002 92.33018348 70.15576015
v 42.69783108 92.33018348 68.19771820
v 46.05400288 92.33018348 66.07245458
v 49.30184460 92.33018348 63.78506693
v 52.43353398 92.33018348 61.34106796
v 55.44154173 92.33018348 58.74634634
v 58.31860221 92.33018348 56.00715207
v 61.05779160 92.33018348 53.13009647
v 63.65250834 92.33018348 50.12209361
v 66.09650243 92.33018348 46.99039446
v 68.38389496 92.33018348 43.74254785
v 70.50915858 92.33018348 40.38637605
v 72.46717611 92.33018348 36.92996499
v 74.25326006 92.33018348 33.38164476
v 75.86306471 92.33018348 29.74995539
v 77.29273265 92.33018348 26.04365664
v 78.53882637 92.33018348 22.27166454
v 79.59832830 92.33018348 18.44307698
v 80.46869937 92.33018348 14.56711393
v 81.14783998 92.33018348 10.65311133
v 81.63409974 92.33018348 6.71049973
v 81.92632629 92.33018348 2.74877588
v 82.02380676 92.33018348 -1.22251401
v 81.92630676 92.33018348 -5.19380176
v 81.63406068 92.33018348 -9.15552409
v 81.14778139 92.33018348 -13.09813203
v 80.46862125 92.33018348 -17.01213219
v 79.59824041 92.33018348 -20.88809035
v 78.53870918 92.33018348 -24.71667425
v 77.29259593 92.33018348 -28.48865659
v 75.86289869 92.33018348 -32.19495045
v 74.25307451 92.33018348 -35.82663006
v 72.46698080 92.33018348 -39.37494541
v 70.50894374 92.33018348 -42.83134670
v 68.38366058 92.33018348 -46.18750385
v 66.09625829 92.33018348 -49.43534069
v 63.65224467 92.33018348 -52.56702031
v 61.05750840 92.33018348 -55.57500852
v 58.31829948 92.33018348 -58.45205924
v 55.44122923 92.33018348 -61.19123887
v 52.43321172 92.33018348 -63.78593607
v 49.30151257 92.33018348 -66.22992039
v 46.05365131 92.33018348 -68.51729827
v 42.69746975 92.33018348 -70.64254237
v 39.24105381 92.33018348 -72.60055990
v 35.69272625 92.33018348 -74.38660967
v 32.06102712 92.33018348 -75.99640455
v 28.35472105 92.33018348 -77.42606272
v 24.58272650 92.33018348 -78.67213691
v 20.75413528 92.33018348 -79.73162419
v 16.87816613 92.33018348 -80.60197574
v 12.96415987 92.33018348 -81.28109193
v 9.02154582 92.33018348 -81.76734192
v 5.05982197 92.33018348 -82.05955871
v -3.85703605 90.76331828 -101.90308366
v 1.08909399 90.76331828 -102.02449967
v -8.79125163 90.76331828 -101.53910906
v -13.70166595 90.76331828 -100.93346454
v -18.57644612 90.76331828 -100.08760518
v -23.40384957 90.76331828 -99.00357201
v -28.17225035 90.76331828 -97.68398219
v -32.87015307 90.76331828 -96.13199980
v -37.48624916 90.76331828 -94.35138461
v -42.00941312 90.76331828 -92.34639442
v -46.42873920 90.76331828 -90.12189252
v -50.73359262 90.76331828 -87.68323046
v -54.91359252 90.76331828 -85.03627740
v -58.95868032 90.76331828 -82.18740051
v -62.85911969 90.76331828 -79.14346503
v -66.60548679 90.76331828 -75.91182448
v -70.18877773 90.76331828 -72.50024740
v -73.60035968 90.76331828 -68.91696135
v -76.83200024 90.76331828 -65.17059425
v -79.87593571 90.76331828 -61.27015976
v -82.72481260 90.76331828 -57.22507685
v -85.37176567 90.76331828 -53.04507206
v -87.81043749 90.76331828 -48.74022352
v -90.03494916 90.76331828 -44.32090233
v -92.03992958 90.76331828 -39.79774813
v -93.82055454 90.76331828 -35.18166914
v -95.37254670 90.76331828 -30.48377862
v -96.69213651 90.76331828 -25.71539493
v -97.77617946 90.76331828 -20.88800246
v -98.62202905 90.76331828 -16.01323328
v -99.22768333 90.76331828 -11.10283545
v -99.59165793 90.76331828 -6.16863206
v -99.71309347 90.76331828 -1.22251401
v -99.59167746 90.76331828 3.72360587
v -99.22772239 90.76331828 8.65780987
v -98.62209740 90.76331828 13.56821137
v -97.77625758 90.76331828 18.44298299
v -96.69223417 90.76331828 23.27038034
v -95.37266388 90.76331828 28.03876890
v -93.82070103 90.76331828 32.73666919
v -92.04008583 90.76331828 37.35275795
v -90.03512494 90.76331828 41.87592192
v -87.81064257 90.76331828 46.29524799
v -85.37198051 90.76331828 50.60010141
v -82.72503721 90.76331828 54.78012085
v -79.87617986 90.76331828 58.82522329
v -76.83226391 90.76331828 62.72565778
v -73.60064289 90.76331828 66.47204930
v -70.18907070 90.76331828 70.05535000
v -66.60578953 90.76331828 73.46694172
v -62.85943219 90.76331828 76.69859204
v -58.95899282 90.76331828 79.74255193
v -54.91390502 90.76331828 82.59145323
v -50.73387582 90.76331828 85.23844536
v -46.42901263 90.76331828 87.67713671
v -42.00967680 90.76331828 89.90165815
v -37.48651039 90.76331828 91.90666787
v -32.87040698 90.76331828 93.68730259
v -28.17249449 90.76331828 95.23930451
v -23.40408883 90.76331828 96.55890409
v -18.57667561 90.76331828 97.64294704
v -13.70188324 90.76331828 98.48882592
v -8.79146160 90.76331828 99.09448021
v -3.85723380 90.76331828 99.45845481
v 1.08890798 90.76331828 99.57989035
v 6.03505174 90.76331828 99.45847434
v 10.96927954 90.76331828 99.09450950
v 15.87970546 90.76331828 98.48887475
v 20.75449905 90.76331828 97.64302516
v 25.58191593 90.76331828 96.55900175
v 30.35032647 90.76331828 95.23941193
v 35.04824873 90.76331828 93.68742955
v 39.66435458 90.76331828 91.90680459
v 44.18753807 90.76331828 89.90182416
v 48.60687391 90.76331828 87.67732226
v 52.91175663 90.76331828 85.23863091
v 57.09177607 90.76331828 82.59166808
v 61.13689316 90.76331828 79.74278142
v 65.03734230 90.76331828 76.69884106
v 68.78372893 90.76331828 73.46718098
v 72.36703940 90.76331828 70.05558437
v 75.77862135 90.76331828 66.47227390
v 79.01028144 90.76331828 62.72588239
v 82.05422668 90.76331828 58.82543326
v 84.90311334 90.76331828 54.78031616
v 87.55007617 90.76331828 50.60029184
v 89.98874799 90.76331828 46.29541400
v 92.21325966 90.76331828 41.87606840
v 94.21824008 90.76331828 37.35288491
v 95.99885528 90.76331828 32.73678149
v 97.55083766 90.76331828 28.03886168
v 98.87041771 90.76331828 23.27044870
v 99.95444113 90.76331828 18.44302815
v 100.80029072 90.76331828 13.56823334
v 101.40592547 90.76331828 8.65780803
v 101.76988054 90.76331828 3.72357993
v 101.89129655 90.76331828 -1.22256398
v 101.76986101 90.76331828 -6.16870592
v 101.40587664 90.76331828 -11.10293432
v 100.80022236 90.76331828 -16.01335535
v 99.95434347 90.76331828 -20.88814651
v 98.87030052 90.76331828 -25.71556095
v 97.55068141 90.76331828 -30.48396416
v 95.99867949 90.76331828 -35.18187910
v 94.21804477 90.76331828 -39.79797763
v 92.21303505 90.76331828 -44.32114159
v 89.98851361 90.76331828 -48.74048231
v 87.54981250 90.76331828 -53.04534549
v 84.90282037 90.76331828 -57.22536005
v 82.05392395 90.76331828 -61.27045273
v 79.00995917 90.76331828 -65.17089210
v 75.77828932 90.76331828 -68.91726408
v 72.36667807 90.76331828 -72.50056479
v 68.78334807 90.76331828 -75.91213698
v 65.03693214 90.76331828 -79.14377753
v 61.13647324 90.76331828 -82.18769348
v 57.09134638 90.76331828 -85.03656060
v 52.91130741 90.76331828 -87.68351367
v 48.60642469 90.76331828 -90.12216595
v 44.18706932 90.76331828 -92.34665809
v 39.66387607 90.76331828 -94.35160922
v 35.04776289 90.76331828 -96.13221465
v 30.34983331 90.76331828 -97.68417750
v 25.58141544 90.76331828 -99.00373802
v 20.75399368 90.76331828 -100.08774190
v 15.87919520 90.76331828 -100.93356220
v 10.96876562 90.76331828 -101.53916765
v 6.03453600 90.76331828 -101.90311296
v -4.81997182 88.85594528 -121.50405002
v 1.08909399 88.85594528 -121.64910861
v -10.71480201 88.85594528 -121.06922581
v -16.58119592 88.85594528 -120.34568090
v -22.40501903 88.85594528 -119.33513405
v -28.17224302 88.85594528 -118.04006572
v -33.86897629 88.85594528 -116.46356185
v -39.48149082 88.85594528 -114.60944080
v -44.99626853 88.85594528 -112.48215569
v -50.40001840 88.85594528 -110.08684324
v -55.67971555 88.85594528 -107.42925541
v -60.82265489 88.85594528 -104.51582774
v -65.81644384 88.85594528 -101.35353289
v -70.64905116 88.85594528 -97.95003687
v -75.30883621 88.85594528 -94.31350375
v -79.78456853 88.85594528 -90.45271282
v -84.06547664 88.85594528 -86.37696096
v -88.14123826 88.85594528 -82.09606262
v -92.00202919 88.85594528 -77.62033030
v -95.63856232 88.85594528 -72.96054524
v -99.04207786 88.85594528 -68.12794281
v -102.20436295 88.85594528 -63.13415875
v -105.11780038 88.85594528 -57.99121941
v -107.77538822 88.85594528 -52.71152714
v -110.17070066 88.85594528 -47.30778703
v -112.29798577 88.85594528 -41.79303129
v -114.15211659 88.85594528 -36.18053142
v -115.72862046 88.85594528 -30.48381768
v -117.02369856 88.85594528 -24.71660589
v -118.03423564 88.85594528 -18.89279743
v -118.75780008 88.85594528 -13.02641939
v -119.19263405 88.85594528 -7.13160568
v -119.33770241 88.85594528 -1.22255399
v -119.19265359 88.85594528 4.68649800
v -118.75784891 88.85594528 10.58131324
v -118.03431377 88.85594528 16.44769617
v -117.02379621 88.85594528 22.27150829
v -115.72873765 88.85594528 28.03872496
v -114.15226307 88.85594528 33.73544358
v -112.29816155 88.85594528 39.34795322
v -110.17089597 88.85594528 44.86272361
v -107.77560306 88.85594528 50.26646860
v -105.11803476 88.85594528 55.54617552
v -102.20460709 88.85594528 60.68911974
v -99.04235130 88.85594528 65.68291845
v -95.63886505 88.85594528 70.51554042
v -92.00234169 88.85594528 75.17533035
v -88.14157030 88.85594528 79.65108220
v -84.06581843 88.85594528 83.93200008
v -79.78493962 88.85594528 88.00777147
v -75.30921707 88.85594528 91.86857217
v -70.64942225 88.85594528 95.50514435
v -65.81681494 88.85594528 98.90868920
v -60.82300645 88.85594528 102.07100358
v -55.68005735 88.85594528 104.98448008
v -50.40034067 88.85594528 107.64207767
v -44.99657126 88.85594528 110.03741942
v -39.48179355 88.85594528 112.16472406
v -33.86927415 88.85594528 114.01886464
v -28.17253111 88.85594528 115.59537828
v -22.40529491 88.85594528 116.89047590
v -16.58145715 88.85594528 117.90102276
v -10.71505225 88.85594528 118.62459696
v -4.82020985 88.85594528 119.05943093
v 1.08886999 88.85594528 119.20449929
v 6.99795211 88.85594528 119.05945046
v 12.89279512 88.85594528 118.62463602
v 18.75920612 88.85594528 117.90109111
v 24.58304633 88.85594528 116.89057356
v 30.35028741 88.85594528 115.59549546
v 36.04703044 88.85594528 114.01900136
v 41.65956450 88.85594528 112.16488031
v 47.17435441 88.85594528 110.03758543
v 52.57812382 88.85594528 107.64227298
v 57.85785027 88.85594528 104.98469492
v 63.00081890 88.85594528 102.07122819
v 67.99462739 88.85594528 98.90893334
v 72.82725423 88.85594528 95.50541779
v 77.48706858 88.85594528 91.86887490
v 81.96281067 88.85594528 88.00805467
v 86.24373831 88.85594528 83.93228328
v 90.31950970 88.85594528 79.65135076
v 94.18032993 88.85594528 75.17559402
v 97.81687281 88.85594528 70.51578944
v 101.22038836 88.85594528 65.68315283
v 104.38268321 88.85594528 60.68934435
v 107.29613041 88.85594528 55.54637571
v 109.95370848 88.85594528 50.26664927
v 112.34903069 88.85594528 44.86287497
v 114.47631580 88.85594528 39.34808506
v 116.33042709 88.85594528 33.73555100
v 117.90692119 88.85594528 28.03880308
v 119.20198952 88.85594528 22.27156200
v 120.21250708 88.85594528 16.44771936
v 120.93605198 88.85594528 10.58131202
v 121.37085666 88.85594528 4.68646596
v 121.51590549 88.85594528 -1.22261396
v 121.37083713 88.85594528 -7.13169357
v 120.93598362 88.85594528 -13.02653779
v 120.21242895 88.85594528 -18.89294391
v 119.20187234 88.85594528 -24.71677679
v 117.90677471 88.85594528 -30.48401299
v 116.33025131 88.85594528 -36.18075114
v 114.47610096 88.85594528 -41.79327543
v 112.34879632 88.85594528 -47.30805558
v 109.95344481 88.85594528 -52.71181523
v 107.29583745 88.85594528 -57.99152702
v 104.38236095 88.85594528 -63.13448589
v 101.22005633 88.85594528 -68.12827973
v 97.81651149 88.85594528 -72.96089192
v 94.17992954 88.85594528 -77.62068186
v 90.31909954 88.85594528 -82.09641418
v 86.24329885 88.85594528 -86.37733205
v 81.96236145 88.85594528 -90.45308392
v 77.48658030 88.85594528 -94.31386508
v 72.82676595 88.85594528 -97.95038844
v 67.99410981 88.85594528 -101.35389422
v 63.00028179 88.85594528 -104.51615977
v 57.85730339 88.85594528 -107.42958744
v 52.57756718 88.85594528 -110.08714598
v 47.17378801 88.85594528 -112.48243889
v 41.65898344 88.85594528 -114.60969470
v 36.04644207 88.85594528 -116.46378646
v 30.34968926 88.85594528 -118.04025127
v 24.58244086 88.85594528 -119.33529030
v 18.75859577 88.85594528 -120.34578833
v 12.89218111 88.85594528 -121.06930393
v 6.99733566 88.85594528 -121.50409885
v -5.76867358 86.61267385 -140.81527029
v 1.08909399 86.61267385 -140.98361990
v -12.60991549 86.61267385 -140.31063163
v -19.41815997 86.61267385 -139.47092462
v -26.17699893 86.61267385 -138.29814144
v -32.87015063 86.61267385 -136.79514343
v -39.48149326 86.61267385 -134.96554386
v -45.99509663 86.61267385 -132.81373727
v -52.39527227 86.61267385 -130.34490920
v -58.66659049 86.61267385 -127.56502645
v -64.79394386 86.61267385 -124.48077847
v -70.76257654 86.61267385 -121.09958714
v -76.55812329 86.61267385 -117.42959698
v -82.16659973 86.61267385 -113.47966543
v -87.57451953 86.61267385 -109.25929443
v -92.76882605 86.61267385 -104.77865000
v -97.73702907 86.61267385 -100.04853292
v -102.46714615 86.61267385 -95.08032991
v -106.94780034 86.61267385 -89.88602338
v -111.16818111 86.61267385 -84.47810358
v -115.11811266 86.61267385 -78.86963203
v -118.78811258 86.61267385 -73.07410481
v -122.16930391 86.61267385 -67.10546725
v -125.25356165 86.61267385 -60.97811875
v -128.03344440 86.61267385 -54.70680542
v -130.50227247 86.61267385 -48.30665419
v -132.65408883 86.61267385 -41.79306547
v -134.48368840 86.61267385 -35.18174726
v -135.98669618 86.61267385 -28.48861264
v -137.15948912 86.61267385 -21.72979444
v -137.99920590 86.61267385 -14.92156949
v -138.50384456 86.61267385 -8.08034162
v -138.67221370 86.61267385 -1.22259397
v -138.50387386 86.61267385 5.63515612
v -137.99925473 86.61267385 12.47638522
v -137.15956725 86.61267385 19.28461383
v -135.98681337 86.61267385 26.04343692
v -134.48382512 86.61267385 32.73658130
v -132.65425485 86.61267385 39.34790928
v -130.50246779 86.61267385 45.86150288
v -128.03367878 86.61267385 52.26166875
v -125.25381556 86.61267385 58.53298697
v -122.16958711 86.61267385 64.66034523
v -118.78840555 86.61267385 70.62899256
v -115.11844469 86.61267385 76.42453931
v -111.16852291 86.61267385 82.03304504
v -106.94816167 86.61267385 87.44095508
v -102.46753677 86.61267385 92.63530066
v -97.73742946 86.61267385 97.60351344
v -92.76924597 86.61267385 102.33365006
v -87.57494921 86.61267385 106.81431402
v -82.16703918 86.61267385 111.03473385
v -76.55855298 86.61267385 114.98470446
v -70.76298670 86.61267385 118.65473368
v -64.79433449 86.61267385 122.03596407
v -58.66696158 86.61267385 125.12024134
v -52.39563359 86.61267385 127.90015339
v -45.99544819 86.61267385 130.36900099
v -39.48183506 86.61267385 132.52082712
v -32.87048511 86.61267385 134.35045598
v -26.17731631 86.61267385 135.85347353
v -19.41846392 86.61267385 137.02626647
v -12.61020724 86.61267385 137.86600278
v -5.76894762 86.61267385 138.37064144
v 1.08883398 86.61267385 138.53901058
v 7.94661786 86.61267385 138.37067074
v 14.78787931 86.61267385 137.86605161
v 21.59613721 86.61267385 137.02634459
v 28.35499692 86.61267385 135.85358095
v 35.04816816 86.61267385 134.35058293
v 41.65952055 86.61267385 132.52098337
v 48.17315322 86.61267385 130.36917677
v 54.57333862 86.61267385 127.90034870
v 60.84468614 86.61267385 125.12046595
v 66.97206882 86.61267385 122.03621798
v 72.94073079 86.61267385 118.65500711
v 78.73630683 86.61267385 114.98499743
v 84.34481257 86.61267385 111.03504635
v 89.75275190 86.61267385 106.81465582
v 94.94707796 86.61267385 102.33398209
v 99.91531027 86.61267385 97.60383571
v 104.64545665 86.61267385 92.63561316
v 109.12612061 86.61267385 87.44127734
v 113.34651114 86.61267385 82.03332824
v 117.29646222 86.61267385 76.42481763
v 120.96646214 86.61267385 70.62924647
v 124.34766324 86.61267385 64.66057961
v 127.43192098 86.61267385 58.53319693
v 130.21180373 86.61267385 52.26184942
v 132.68061227 86.61267385 45.86165913
v 134.83240910 86.61267385 39.34803135
v 136.66200866 86.61267385 32.73667407
v 138.16499691 86.61267385 26.04350039
v 139.33775079 86.61267385 19.28464190
v 140.17745780 86.61267385 12.47638156
v 140.68207693 86.61267385 5.63512011
v 140.85041677 86.61267385 -1.22266400
v 140.68204764 86.61267385 -8.08044599
v 140.17738944 86.61267385 -14.92170621
v 139.33765314 86.61267385 -21.72996045
v 138.16486019 86.61267385 -28.48881284
v 136.66184265 86.61267385 -35.18197675
v 134.83220402 86.61267385 -41.79332914
v 132.68037789 86.61267385 -48.30693740
v 130.21153029 86.61267385 -54.70711792
v 127.43160848 86.61267385 -60.97845079
v 124.34732144 86.61267385 -67.10582370
v 120.96609105 86.61267385 -73.07447591
v 117.29606183 86.61267385 -78.87002753
v 113.34609122 86.61267385 -84.47851374
v 109.12566162 86.61267385 -89.88643354
v 104.64497813 86.61267385 -95.08074983
v 99.91480245 86.61267385 -100.04895284
v 94.94655061 86.61267385 -104.77907969
v 89.75219526 86.61267385 -109.25971435
v 84.34424616 86.61267385 -113.48008535
v 78.73570137 86.61267385 -117.43000714
v 72.94011556 86.61267385 -121.09997776
v 66.97143405 86.61267385 -124.48114956
v 60.84403184 86.61267385 -127.56538777
v 54.57267456 86.61267385 -130.34524123
v 48.17247939 86.61267385 -132.81402047
v 41.65884673 86.61267385 -134.96579776
v 35.04747236 86.61267385 -136.79536804
v 28.35429380 86.61267385 -138.29832699
v 21.59543409 86.61267385 -139.47106134
v 14.78716520 86.61267385 -140.31072929
v 7.94590192 86.61267385 -140.81531912
v -6.70085373 84.03891414 -159.79022104
v 1.08909200 84.03891414 -159.98145150
v -14.47203215 84.03891414 -159.21697886
v -22.20571972 84.03891414 -158.26312146
v -29.88329279 84.03891414 -156.93092423
v -37.48624672 84.03891414 -155.22361958
v -44.99627829 84.03891414 -153.14532861
v -52.39527227 84.03891414 -150.70102202
v -59.66542835 84.03891414 -147.89660802
v -66.78921726 84.03891414 -144.73886395
v -73.74945148 84.03891414 -141.23535817
v -80.52941226 84.03891414 -137.39456724
v -87.11274219 84.03891414 -133.22570991
v -93.48359166 84.03891414 -128.73885454
v -99.62660910 84.03891414 -123.94480192
v -105.52698006 84.03891414 -118.85510477
v -111.17051509 84.03891414 -113.48202871
v -116.54360091 84.03891414 -107.83849368
v -121.63330783 84.03891414 -101.93812272
v -126.42737022 84.03891414 -95.79510528
v -130.91422559 84.03891414 -89.42427534
v -135.08307315 84.03891414 -82.84095518
v -138.92388361 84.03891414 -76.06098951
v -142.42738939 84.03891414 -69.10075529
v -145.58513346 84.03891414 -61.97698104
v -148.38954746 84.03891414 -54.70685425
v -150.83386382 84.03891414 -47.30787492
v -152.91216455 84.03891414 -39.79787509
v -154.61948873 84.03891414 -32.19493580
v -155.95168597 84.03891414 -24.51738715
v -156.90554337 84.03891414 -16.78371789
v -157.47878554 84.03891414 -9.01255778
v -157.67004530 84.03891414 -1.22263196
v -157.47883437 84.03891414 6.56729355
v -156.90561173 84.03891414 14.33845427
v -155.95176409 84.03891414 22.07212841
v -154.61961568 84.03891414 29.74968195
v -152.91233057 84.03891414 37.35262612
v -150.83405913 84.03891414 44.86263572
v -148.38977207 84.03891414 52.26162969
v -145.58539714 84.03891414 59.53177113
v -142.42767260 84.03891414 66.65555027
v -138.92419611 84.03891414 73.61580402
v -135.08341495 84.03891414 80.39576969
v -130.91459668 84.03891414 86.97910938
v -126.42775108 84.03891414 93.34997838
v -121.63371798 84.03891414 99.49299582
v -116.54404036 84.03891414 105.39340585
v -111.17096431 84.03891414 111.03696041
v -105.52745858 84.03891414 116.41006576
v -99.62709738 84.03891414 121.49978244
v -93.48407994 84.03891414 126.29388390
v -87.11322071 84.03891414 130.78077833
v -80.52987125 84.03891414 134.94967472
v -73.74990070 84.03891414 138.79051448
v -66.78963718 84.03891414 142.29403979
v -59.66583851 84.03891414 145.45183269
v -52.39567266 84.03891414 148.25627598
v -44.99665915 84.03891414 150.70059233
v -37.48662514 84.03891414 152.77893213
v -29.88365412 84.03891414 154.48624655
v -22.20606884 84.03891414 155.81844378
v -14.47236174 84.03891414 156.77234025
v -6.70116562 84.03891414 157.34558242
v 1.08879796 84.03891414 157.53684218
v 8.87876201 84.03891414 157.34563125
v 16.64996179 84.03891414 156.77238907
v 24.38367133 84.03891414 155.81854144
v 32.06126393 84.03891414 154.48636373
v 39.66423739 84.03891414 152.77907862
v 47.17428605 84.03891414 150.70076812
v 54.57330933 84.03891414 148.25647130
v 61.84347518 84.03891414 145.45206706
v 68.96729338 84.03891414 142.29430346
v 75.92756666 84.03891414 138.79079768
v 82.70756651 84.03891414 134.94997745
v 89.29093550 84.03891414 130.78112012
v 95.66180450 84.03891414 126.29423546
v 101.80484147 84.03891414 121.50017307
v 107.70524173 84.03891414 116.41044662
v 113.34880606 84.03891414 111.03732174
v 118.72191141 84.03891414 105.39376718
v 123.81163786 84.03891414 99.49335715
v 128.60571002 84.03891414 93.35031041
v 133.09259468 84.03891414 86.97943165
v 137.26144224 84.03891414 80.39606754
v 141.10225271 84.03891414 73.61607746
v 144.60575849 84.03891414 66.65578953
v 147.76352209 84.03891414 59.53197621
v 150.56791656 84.03891414 52.26180547
v 153.01221338 84.03891414 44.86278220
v 155.09050435 84.03891414 37.35273354
v 156.79778946 84.03891414 29.74975519
v 158.12996717 84.03891414 22.07216259
v 159.08381480 84.03891414 14.33844939
v 159.65703745 84.03891414 6.56725205
v 159.84824838 84.03891414 -1.22271199
v 159.65698862 84.03891414 -9.01267558
v 159.08372691 84.03891414 -16.78387170
v 158.12984998 84.03891414 -24.51757758
v 156.79764298 84.03891414 -32.19516530
v 155.09029927 84.03891414 -39.79813388
v 153.01195947 84.03891414 -47.30816301
v 150.56763335 84.03891414 -54.70717651
v 147.76320959 84.03891414 -61.97733748
v 144.60541669 84.03891414 -69.10113127
v 141.10187185 84.03891414 -76.06140455
v 137.26102232 84.03891414 -82.84137510
v 133.09212593 84.03891414 -89.42472456
v 128.60523150 84.03891414 -95.79557403
v 123.81112028 84.03891414 -101.93860124
v 118.72137430 84.03891414 -107.83897220
v 113.34822989 84.03891414 -113.48251699
v 107.70464603 84.03891414 -118.85560281
v 101.80420671 84.03891414 -123.94529020
v 95.66115021 84.03891414 -128.73933306
v 89.29025191 84.03891414 -133.22617866
v 82.70686339 84.03891414 -137.39500669
v 75.92685377 84.03891414 -141.23578786
v 68.96655119 84.03891414 -144.73925458
v 61.84272323 84.03891414 -147.89698888
v 54.57253784 84.03891414 -150.70134429
v 47.17350480 84.03891414 -153.14561181
v 39.66345126 84.03891414 -155.22388325
v 32.06046559 84.03891414 -156.93113907
v 24.38286811 84.03891414 -158.26326795
v 16.64915124 84.03891414 -159.21708628
v 8.87794963 84.03891414 -159.79026987
v -7.61426558 81.14085756 -178.38314054
v 1.08909200 81.14085756 -178.59679288
v -16.29665613 81.14085756 -177.74267181
v -24.93716009 81.14085756 -176.67698824
v -33.51496751 81.14085756 -175.18857030
v -42.00941312 81.14085756 -173.28107035
v -50.40002817 81.14085756 -170.95909774
v -58.66659049 81.14085756 -168.22817983
v -66.78920749 81.14085756 -165.09493772
v -74.74829911 81.14085756 -161.56691045
v -82.52466612 81.14085756 -157.65262343
v -90.09960736 81.14085756 -153.36147118
v -97.45487087 81.14085756 -148.70380527
v -104.57273204 81.14085756 -143.69084640
v -111.43605220 81.14085756 -138.33466488
v -118.02826885 81.14085756 -132.64816110
v -124.33354214 81.14085756 -126.64506553
v -136.02315126 81.14085756 -113.74757558
v -141.37934254 81.14085756 -106.88426519
v -146.39229165 81.14085756 -99.76641379
v -151.04998686 81.14085756 -92.41116004
v -155.34113911 81.14085756 -84.83621881
v -159.25543589 81.14085756 -77.05985668
v -162.78347292 81.14085756 -69.10078459
v -165.91671504 81.14085756 -60.97819688
v -168.64763295 81.14085756 -52.71164433
v -170.96962508 81.14085756 -44.32105858
v -172.87712504 81.14085756 -35.82663982
v -174.36552345 81.14085756 -27.24885681
v -175.43124608 81.14085756 -18.60837361
v -176.07171481 81.14085756 -9.92600564
v -176.28538668 81.14085756 -1.22266996
v -176.07173435 81.14085756 7.48066573
v -175.43130467 81.14085756 16.16303309
v -174.36562110 81.14085756 24.80352484
v -172.87726176 81.14085756 33.38131273
v -170.96978133 81.14085756 41.87573637
v -168.64784779 81.14085756 50.26633677
v -165.91694942 81.14085756 58.53289908
v -162.78374636 81.14085756 66.65550144
v -159.25574839 81.14085756 74.61458818
v -155.34148090 81.14085756 82.39096496
v -151.05034819 81.14085756 89.96591596
v -146.39271157 81.14085756 97.32118923
v -141.37977223 81.14085756 104.43906993
v -111.43660884 81.14085756 135.88958681
v -104.57327891 81.14085756 141.24582692
v -97.45541774 81.14085756 146.25882486
v -90.10012494 81.14085756 150.91654936
v -82.52516417 81.14085756 155.20775044
v -74.74876786 81.14085756 159.12208629
v -66.78966648 81.14085756 162.65015261
v -58.66703970 81.14085756 165.78341426
v -50.40045786 81.14085756 168.51433217
v -42.00983305 81.14085756 170.83636337
v -33.51537279 81.14085756 172.74388286
v -24.93754827 81.14085756 174.23230079
v -16.29702356 81.14085756 175.29804296
v -7.61461409 81.14085756 175.93851169
v 1.08876195 81.14085756 176.15218356
v 9.79214150 81.14085756 175.93853122
v 18.47455403 81.14085756 175.29810155
v 27.11507996 81.14085756 174.23239845
v 35.69291180 81.14085756 172.74401958
v 44.18738182 81.14085756 170.83653915
v 52.57801640 81.14085756 168.51454701
v 60.84460802 81.14085756 165.78362911
v 68.96724455 81.14085756 162.65038699
v 76.92635570 81.14085756 159.12236949
v 84.70277154 81.14085756 155.20806294
v 92.27776161 81.14085756 150.91690092
v 99.63305441 81.14085756 146.25920572
v 106.75094488 81.14085756 141.24621755
v 113.61429434 81.14085756 135.89001649
v 120.20655005 81.14085756 130.20349318
v 126.51184288 81.14085756 124.20034879
v 132.51496774 81.14085756 117.89505596
v 138.20150082 81.14085756 111.30279048
v 143.55771163 81.14085756 104.43944102
v 148.57068027 81.14085756 97.32154079
v 153.22835595 81.14085756 89.96624799
v 157.51952773 81.14085756 82.39126769
v 161.43382452 81.14085756 74.61485185
v 164.96185178 81.14085756 66.65573093
v 168.09509390 81.14085756 58.53309928
v 170.82597274 81.14085756 50.26649790
v 173.14796488 81.14085756 41.87585844
v 175.05544531 81.14085756 33.38139086
v 176.54382418 81.14085756 24.80355902
v 177.60950775 81.14085756 16.16303187
v 178.24993742 81.14085756 7.48061812
v 178.46358976 81.14085756 -1.22275998
v 178.24991789 81.14085756 -9.92613747
v 177.60942962 81.14085756 -18.60854573
v 176.54368746 81.14085756 -27.24907166
v 175.05526952 81.14085756 -35.82689373
v 173.14776957 81.14085756 -44.32134667
v 170.82571884 81.14085756 -52.71197148
v 168.09478140 81.14085756 -60.97855332
v 164.96150022 81.14085756 -69.10118498
v 161.43344366 81.14085756 -77.06027660
v 157.51909804 81.14085756 -84.83667779
v 153.22788720 81.14085756 -92.41163856
v 148.57017246 81.14085756 -99.76691183
v 143.55716476 81.14085756 -106.88478277
v 138.20092465 81.14085756 -113.74810293
v 132.51437204 81.14085756 -120.34032934
v 126.51118858 81.14085756 -126.64560264
v 120.20587622 81.14085756 -132.64871774
v 113.61358144 81.14085756 -138.33519222
v 106.75021246 81.14085756 -143.69137374
v 99.63229269 81.14085756 -148.70433261
v 92.27698036 81.14085756 -153.36196923
v 84.70197076 81.14085756 -157.65310194
v 76.92553539 81.14085756 -161.56736944
v 68.96640471 81.14085756 -165.09534787
v 60.84375841 81.14085756 -168.22855093
v 52.57714726 81.14085756 -170.95942977
v 44.18649315 81.14085756 -173.28138285
v 35.69202069 81.14085756 -175.18880468
v 27.11418396 81.14085756 -176.67714449
v 18.47364705 81.14085756 -177.74278900
v 9.79123391 81.14085756 -178.38319914
v -8.50671185 77.92549631 -196.54925342
v 1.08908994 77.92549631 -196.78483935
v -18.07939535 77.92549631 -195.84314015
v -27.60590270 77.92549631 -194.66815971
v -37.06328042 77.92549631 -193.02714412
v -46.42874896 77.92549631 -190.92405823
v -55.67973508 77.92549631 -188.36396063
v -64.79396340 77.92549631 -185.35302320
v -73.74948077 77.92549631 -181.89849203
v -186.05249584 77.92549631 -57.99138054
v -188.61257391 77.92549631 -48.74041883
v -190.71567933 77.92549631 -39.37497959
v -192.35671445 77.92549631 -29.91762628
v -193.53171442 77.92549631 -20.39114701
v -194.23784722 77.92549631 -10.81848609
v -194.47343315 77.92549631 -1.22270795
v -194.23788628 77.92549631 8.37306988
v -193.53179255 77.92549631 17.94573324
v -192.35683164 77.92549631 27.47222107
v -190.71583558 77.92549631 36.92957925
v -188.61276922 77.92549631 46.29502826
v -186.05271069 77.92549631 55.54599974
v -183.04183185 77.92549631 64.66022316
v -73.74997882 77.92549631 179.45366786
v -64.79446144 77.92549631 182.90823810
v -55.68021360 77.92549631 185.91919506
v -46.42920795 77.92549631 188.47933172
v -37.06372476 77.92549631 190.58243715
v -27.60633239 77.92549631 192.22349180
v -18.07980306 77.92549631 193.39851130
v -8.50709576 77.92549631 194.10464410
v 1.08872800 77.92549631 194.34023003
v 10.68455543 77.92549631 194.10468316
v 20.25726517 77.92549631 193.39856990
v 29.78379328 77.92549631 192.22360898
v 39.24119785 77.92549631 190.58259340
v 48.60668837 77.92549631 188.47952704
v 57.85770378 77.92549631 185.91942944
v 66.97196139 77.92549631 182.90849201
v 75.92749830 77.92549631 179.45396083
v 84.70274225 77.92549631 175.56417576
v 181.76542562 77.92549631 73.61597003
v 185.21993727 77.92549631 64.66043801
v 188.23087470 77.92549631 55.54617552
v 190.79095277 77.92549631 46.29516010
v 192.89403866 77.92549631 36.92966714
v 194.53501518 77.92549631 27.47226013
v 195.70999563 77.92549631 17.94573202
v 196.41608936 77.92549631 8.37301983
v 196.65163623 77.92549631 -1.22280599
v 196.41605030 77.92549631 -10.81863013
v 195.70987844 77.92549631 -20.39133499
v 194.53487846 77.92549631 -29.91786554
v 192.89382381 77.92549631 -39.37525791
v 190.79071839 77.92549631 -48.74074110
v 188.23058173 77.92549631 -57.99174187
v 185.21960524 77.92549631 -67.10598483
v 181.76505453 77.92549631 -76.06151197
v 177.87521087 77.92549631 -84.83673639
v 101.62741960 77.92549631 -168.96241810
v 93.27567174 77.92549631 -173.69357034
v 84.70184381 77.92549631 -178.00921477
v 75.92657057 77.92549631 -181.89896078
v 66.97102389 77.92549631 -185.35343336
v 57.85674675 77.92549631 -188.36431220
v 48.60572157 77.92549631 -190.92437073
v 39.24021885 77.92549631 -193.02739803
v 29.78280451 77.92549631 -194.66835502
v 20.25626786 77.92549631 -195.84327687
v 10.68355323 77.92549631 -196.54935108
v -9.37604166 74.40057451 -214.24483896
v 1.08908994 74.40057451 -214.50175302
v -19.81595903 74.40057451 -213.47474132
v -30.20551690 74.40057451 -212.19333510
v -40.51968415 74.40057451 -210.40364764
v -50.73361215 74.40057451 -208.11001488
v -209.88187031 74.40057451 -32.51726978
v -211.16331559 74.40057451 -22.12774365
v -211.93341323 74.40057451 -11.68785008
v -212.19034682 74.40057451 -1.22274396
v -211.93347183 74.40057451 9.24236002
v -211.16341325 74.40057451 19.68225786
v -209.88198750 74.40057451 30.07179132
v -208.09235863 74.40057451 40.38593660
v -50.73411996 74.40057451 205.66528837
v -40.52016755 74.40057451 207.95894066
v -30.20598321 74.40057451 209.74864766
v -19.81640337 74.40057451 211.03011247
v -9.37646158 74.40057451 211.80021011
v 1.08869398 74.40057451 212.05714370
v 11.55385228 74.40057451 211.80026870
v 21.99379834 74.40057451 211.03019060
v 32.38338062 74.40057451 209.74876484
v 42.69757717 74.40057451 207.95909691
v 52.91153202 74.40057451 205.66548368
v 207.97692895 74.40057451 50.59998910
v 210.27054218 74.40057451 40.38603425
v 212.06017104 74.40057451 30.07183527
v 213.34161633 74.40057451 19.68225176
v 214.11167490 74.40057451 9.24230570
v 214.36854990 74.40057451 -1.22285199
v 214.11161631 74.40057451 -11.68800755
v 213.34149914 74.40057451 -22.12794872
v 212.06003432 74.40057451 -32.51752857
v 210.27030780 74.40057451 -42.83171291
v 207.97665551 74.40057451 -53.04565799
v 72.93956868 74.40057451 -202.03474158
v 62.99959820 74.40057451 -205.31839385
v 52.91046757 74.40057451 -208.11036644
v 42.69650295 74.40057451 -210.40392108
v 32.38230396 74.40057451 -212.19353041
v 21.99270947 74.40057451 -213.47489757
v 11.55276219 74.40057451 -214.24493662
v -10.22015968 70.57457850 -231.42724092
v 1.08908994 70.57457850 -231.70485810
v -21.50216016 70.57457850 -230.59501438
v -32.72973804 70.57457850 -229.21022925
v -229.11579566 70.57457850 -12.53199923
v -229.39345190 70.57457850 -1.22277997
v -229.11585425 70.57457850 10.08643959
v -228.28366677 70.57457850 21.36841749
v -32.73024097 70.57457850 226.76554181
v -21.50264112 70.57457850 228.15036599
v -10.22061195 70.57457850 228.98259254
v 1.08866201 70.57457850 229.26024878
v 12.39793796 70.57457850 228.98265113
v 23.67997017 70.57457850 228.15046365
v 34.90757490 70.57457850 226.76567853
v 229.07710425 70.57457850 32.59601978
v 230.46186985 70.57457850 21.36841261
v 231.29405733 70.57457850 10.08637978
v 231.57165498 70.57457850 -1.22289594
v 231.29399874 70.57457850 -12.53217013
v 230.46175266 70.57457850 -23.81419869
v 229.07692847 70.57457850 -35.04180097
v 57.09037958 70.57457850 -224.79794419
v 46.05255756 70.57457850 -227.27649883
v 34.90641035 70.57457850 -229.21044410
v 23.67879586 70.57457850 -230.59517063
v 12.39675998 70.57457850 -231.42731905
v -11.03703222 66.45673680 -248.05503352
v 1.08908796 66.45673680 -248.35270929
v -23.13393747 66.45673680 -247.16268979
v -246.04130309 66.45673680 -1.22281400
v -11.03751806 66.45673680 245.61038514
v 1.08862997 66.45673680 245.90809997
v 13.21477998 66.45673680 245.61044373
v 247.92184993 66.45673680 10.90321143
v 248.21950617 66.45673680 -1.22293798
v 247.92179133 66.45673680 -13.34908539
v 37.34904946 66.45673680 -245.67811951
v 25.31045842 66.45673680 -247.16286557
v 13.21351533 66.45673680 -248.05511164
v -11.82469212 62.05695174 -264.08819722
v 1.08908796 62.05695174 -264.40520893
v 26.88377137 62.05695174 -263.13809959
v 14.00106536 62.05695174 -264.08829488
v 1.08908597 57.38582880 -279.82366562
v 14.75750822 57.38582880 -279.48815782
v -19.26702716 -50.57239145 -415.58022509
v 1.08907995 -50.57239145 -416.07995164
v -39.57409580 -50.57239145 -414.08229543
v -59.78320179 -50.57239145 -411.58975643
v -79.84566228 -50.57239145 -408.10854557
v -99.71314230 -50.57239145 -403.64713942
v -119.33778054 -50.57239145 -398.21628016
v -138.67230159 -50.57239145 -391.82901468
v -157.67012343 -50.57239145 -384.50077266
v -176.28548434 -50.57239145 -376.24913222
v -194.47347222 -50.57239145 -367.09405429
v -212.19034682 -50.57239145 -357.05757014
v -229.39343237 -50.57239145 -346.16385945
v -246.04124450 -50.57239145 -334.43913315
v -262.09370508 -50.57239145 -321.91165296
v -277.51214223 -50.57239145 -308.61163373
v -292.25940753 -50.57239145 -294.57108717
v -306.29999315 -50.57239145 -279.82386093
v -319.60001239 -50.57239145 -264.40542378
v -332.12749258 -50.57239145 -248.35294367
v -343.85221888 -50.57239145 -231.70515107
v -354.74596863 -50.57239145 -214.50210458
v -364.78245278 -50.57239145 -196.78522998
v -373.93753070 -50.57239145 -178.59724210
v -382.18917114 -50.57239145 -159.98193002
v -389.51745223 -50.57239145 -140.98416677
v -395.90471771 -50.57239145 -121.64969455
v -401.33561603 -50.57239145 -102.02511491
v -405.79702218 -50.57239145 -82.15769348
v -409.27823304 -50.57239145 -62.09528182
v -411.77081111 -50.57239145 -41.88622953
v -413.26874076 -50.57239145 -21.57921827
v -413.76854544 -50.57239145 -1.22315999
v -413.26885795 -50.57239145 19.13289996
v -411.77096736 -50.57239145 39.43992099
v -409.27846741 -50.57239145 59.64898792
v -405.79737374 -50.57239145 79.71140447
v -401.33600665 -50.57239145 99.57884543
v -395.90522553 -50.57239145 119.20345437
v -389.51803817 -50.57239145 138.53794612
v -382.18983521 -50.57239145 157.53574843
v -373.93827289 -50.57239145 176.15108981
v -364.78327310 -50.57239145 194.33909722
v -354.74682801 -50.57239145 212.05601089
v -343.85315638 -50.57239145 229.25911597
v -332.12850820 -50.57239145 245.90698669
v -319.60110614 -50.57239145 261.95946680
v -306.30110643 -50.57239145 277.37796255
v -292.26059894 -50.57239145 292.12528644
v -277.51341177 -50.57239145 306.16589159
v -262.09503320 -50.57239145 319.46594989
v -246.04253356 -50.57239145 331.99354727
v -229.39468237 -50.57239145 343.71839075
v -212.19155776 -50.57239145 354.61221864
v -194.47464409 -50.57239145 364.64881997
v -176.28657809 -50.57239145 373.80401508
v -157.67119765 -50.57239145 382.05569459
v -138.67333674 -50.57239145 389.38405380
v -119.33879616 -50.57239145 395.77135834
v -99.71412863 -50.57239145 401.20229572
v -79.84660954 -50.57239145 405.66374093
v -59.78410999 -50.57239145 409.14499085
v -39.57495761 -50.57239145 411.63760799
v -19.26784381 -50.57239145 413.13553764
v 1.08831197 -50.57239145 413.63534232
v 21.44447218 -50.57239145 413.13565483
v 41.75159086 -50.57239145 411.63772517
v 61.96075057 -50.57239145 409.14522523
v 82.02325989 -50.57239145 405.66405343
v 101.89079850 -50.57239145 401.20268634
v 121.51548557 -50.57239145 395.77182709
v 140.85007498 -50.57239145 389.38456161
v 159.84794565 -50.57239145 382.05628052
v 178.46335539 -50.57239145 373.80464008
v 196.65144092 -50.57239145 364.64956216
v 214.36843271 -50.57239145 354.61299989
v 231.57159639 -50.57239145 343.71925013
v 248.21948664 -50.57239145 331.99448477
v 264.27200581 -50.57239145 319.46698505
v 279.69052109 -50.57239145 306.16688769
v 294.43784498 -50.57239145 292.12624347
v 308.47845014 -50.57239145 277.37891958
v 321.77854750 -50.57239145 261.96038477
v 334.30608628 -50.57239145 245.90784607
v 346.03085164 -50.57239145 229.25993628
v 356.92460140 -50.57239145 212.05677260
v 366.96112461 -50.57239145 194.33980034
v 376.11620253 -50.57239145 176.15169528
v 384.36780391 -50.57239145 157.53627578
v 391.69604593 -50.57239145 138.53840511
v 398.08331141 -50.57239145 119.20382546
v 403.51413161 -50.57239145 99.57912863
v 407.97553776 -50.57239145 79.71159002
v 411.45663143 -50.57239145 59.64907582
v 413.94917044 -50.57239145 39.43991123
v 415.44706103 -50.57239145 19.13279132
v 415.94674852 -50.57239145 -1.22336797
v 415.44694384 -50.57239145 -21.57952100
v 413.94893606 -50.57239145 -41.88663969
v 411.45635799 -50.57239145 -62.09578474
v 407.97510807 -50.57239145 -82.15827941
v 403.51366286 -50.57239145 -102.02579850
v 398.08268641 -50.57239145 -121.65046603
v 391.69534281 -50.57239145 -140.98500661
v 384.36698360 -50.57239145 -159.98284799
v 376.11526503 -50.57239145 -178.59823820
v 366.96010899 -50.57239145 -196.78630420
v 356.92350765 -50.57239145 -214.50321786
v 346.02964070 -50.57239145 -231.70632295
v 334.30479722 -50.57239145 -248.35417414
v 321.77719984 -50.57239145 -264.40665425
v 308.47704389 -50.57239145 -279.82507187
v 294.43632154 -50.57239145 -294.57235670
v 279.68893906 -50.57239145 -308.61290326
v 264.27036519 -50.57239145 -321.91290296
v 248.21776789 -50.57239145 -334.44038315
v 231.56981904 -50.57239145 -346.16503133
v 214.36659677 -50.57239145 -357.05870296
v 196.64956592 -50.57239145 -367.09518711
v 178.46144132 -50.57239145 -376.25018690
v 159.84598276 -50.57239145 -384.50171016
v 140.84806326 -50.57239145 -391.82987405
v 121.51346408 -50.57239145 -398.21706141
v 101.88874772 -50.57239145 -403.64780348
v 82.02117981 -50.57239145 -408.10909244
v 61.95865096 -50.57239145 -411.59014705
v 41.74947661 -50.57239145 -414.08252981
v 21.44234815 -50.57239145 -415.58034227
v -494.93616081 0.00000000 -393.81616307
v -433.29842782 4.53156392 -451.61268522
v -494.93616081 4.53156392 -451.61268522
v -371.66069482 0.00000000 -451.61268522
v -1.83441402 2.81850580 -451.61268522
v 244.71643984 5.34829761 473.13163005
v 367.99186677 4.92446797 473.13163005
v 491.26733277 -0.00000000 473.13163005
v 491.26733277 5.07781178 68.55598480
v 491.26733277 5.07781178 -104.83357188
v -494.93616081 3.85579184 415.33510790
v -494.93616081 2.51311594 473.13163005
v -433.29842782 3.85579184 473.13163005
v -248.38526789 -0.00000000 473.13163005
v -494.93616081 -0.00000000 299.74206361
v 491.26733277 3.07728997 -336.01964093
v 367.99186677 -0.59104998 -451.61268522
v 491.26733277 0.00000000 -451.61268522
f 1308 1438 1439
f 1447 1450 1341
f 1341 1342 1447
f 1446 1292 1438
f 1453 1443 1404
f 1308 1439 1309
f 1440 1306 1453
f 1450 1436 1340
f 1340 1341 1450
f 1230 1446 1447
f 1453 1309 1452
f 1452 1309 1439
f 1438 1306 1437
f 1306 1440 1437
f 1442 1294 1441
f 1294 1448 1441
f 1294 1272 1293
f 1293 1448 1294
f 1272 1448 1293
f 1295 1294 1442
f 1273 1272 1294
f 1438 1047 1046
f 1257 1256 1453
f 1170 1169 1447
f 1170 1063 1169
f 1447 1065 1064
f 1064 1065 938
f 1443 1444 1296
f 1296 1279 1443
f 1282 1451 1453
f 1442 1443 1242
f 1443 1243 1242
f 1453 1256 1255
f 1417 1453 1416
f 1417 1418 1453
f 1453 1418 1419
f 1453 1423 1424
f 1453 1421 1422
f 1422 1423 1453
f 1286 1285 1453
f 1453 1306 1307
f 1307 1305 1453
f 1306 1305 1307
f 1304 1300 1453
f 1453 1305 1304
f 1303 1306 1438
f 1303 1305 1306
f 1442 1275 1274
f 1274 1295 1442
f 1274 1275 1239
f 1239 1273 1274
f 1294 1295 1274
f 1274 1273 1294
f 1335 1436 1438
f 1438 1334 1335
f 1310 1438 1308
f 1310 1311 1438
f 1312 1313 1438
f 1438 1311 1312
f 1316 1317 1438
f 1438 1315 1316
f 1438 1313 1314
f 1314 1315 1438
f 1324 1325 1438
f 1438 1323 1324
f 1438 1321 1322
f 1322 1323 1438
f 1438 1317 1318
f 1318 1319 1438
f 1320 1321 1438
f 1438 1319 1320
f 1438 1158 1051
f 1453 1285 1284
f 1284 1257 1453
f 1285 1257 1284
f 1292 1446 1267
f 1446 1268 1267
f 1438 1292 1267
f 1446 1230 1269
f 1269 1268 1446
f 1230 1268 1269
f 1168 1167 1232
f 1447 1169 1168
f 1168 1232 1447
f 1231 1167 1230
f 1232 1167 1231
f 1231 1230 1447
f 1447 1232 1231
f 1171 1170 1447
f 1447 1064 1171
f 1063 1170 1171
f 1171 1064 1063
f 1453 1413 1414
f 1453 1410 1411
f 1453 1404 1405
f 1409 1410 1453
f 1443 1193 1192
f 1443 1279 1278
f 1443 1246 1245
f 1195 1245 1246
f 1188 1187 1443
f 1093 1187 1188
f 1443 1187 1186
f 1276 1275 1442
f 1239 1275 1240
f 1275 1276 1240
f 1127 1126 1453
f 1134 1133 1453
f 1209 1208 1453
f 1208 1209 1138
f 1453 1208 1138
f 1453 1426 1427
f 1427 1428 1453
f 1430 1431 1453
f 1453 1433 1434
f 1453 1431 1432
f 1432 1433 1453
f 1420 1421 1453
f 1453 1419 1420
f 1425 1426 1453
f 1453 1424 1425
f 1453 1300 1299
f 1299 1286 1453
f 1287 1299 1300
f 1286 1299 1287
f 1287 1261 1260
f 1438 1291 1289
f 1438 916 915
f 915 914 1438
f 1043 916 1438
f 1438 1044 1043
f 1043 1044 916
f 1438 1046 1045
f 1045 1044 1438
f 1038 1037 1438
f 1438 1039 1038
f 1438 1037 1036
f 1212 1211 1453
f 1453 1255 1212
f 1212 1255 1256
f 1256 1213 1212
f 1256 1257 1214
f 1214 1213 1256
f 1260 1261 1218
f 1218 1217 1260
f 1258 1257 1285
f 1258 1214 1257
f 1438 1034 1157
f 1157 1156 1438
f 1034 1156 1157
f 1438 1156 1155
f 1438 1267 1266
f 1229 1268 1230
f 1229 1267 1268
f 855 727 854
f 720 591 719
f 944 943 1447
f 1447 945 944
f 1069 1068 1447
f 1447 1068 1067
f 1447 947 946
f 946 945 1447
f 1447 1072 1071
f 1167 1168 1061
f 1061 1168 1169
f 1443 1449 1372
f 1372 1449 1447
f 1444 1445 1297
f 1297 1296 1444
f 1279 1296 1297
f 1198 1197 1248
f 1248 1249 1198
f 1198 1249 1199
f 1249 1250 1199
f 1254 1253 1453
f 1453 1253 1252
f 1416 1453 1415
f 1453 1414 1415
f 1412 1413 1453
f 1453 1411 1412
f 1406 1407 1453
f 1453 1405 1406
f 1453 1407 1408
f 1408 1409 1453
f 1443 1379 1380
f 1391 1392 1443
f 1443 1386 1387
f 1443 1401 1402
f 1400 1401 1443
f 1394 1395 1443
f 1443 1395 1396
f 1191 1190 1443
f 1443 1192 1191
f 1112 1192 1193
f 1277 1246 1443
f 1443 1278 1277
f 1244 1193 1443
f 1443 1245 1244
f 855 854 982
f 1443 1107 1106
f 1106 1105 1443
f 1106 982 1105
f 1443 1105 1104
f 1104 982 981
f 1105 982 1104
f 1189 1188 1443
f 1185 1242 1243
f 1185 1243 1443
f 1443 1186 1185
f 1092 1187 1093
f 1241 1240 1276
f 1442 1242 1241
f 1241 1276 1442
f 1272 1236 1271
f 1447 1448 1271
f 1271 1448 1272
f 1239 1240 1181
f 1181 1180 1239
f 1239 1180 1238
f 1238 1273 1239
f 1272 1273 1238
f 1447 1174 1173
f 1453 1126 1207
f 1207 1206 1453
f 1126 1206 1207
f 1205 1204 1453
f 1453 1206 1205
f 1124 1205 1206
f 1124 1123 1204
f 1204 1205 1124
f 1453 1211 1210
f 1210 1209 1453
f 1453 1428 1429
f 1429 1430 1453
f 1435 1309 1453
f 1453 1434 1435
f 1288 1287 1300
f 1263 1261 1288
f 1261 1287 1288
f 1302 1303 1438
f 1438 1289 1302
f 1302 1289 1303
f 1223 1222 1438
f 1436 1337 1338
f 1436 1335 1336
f 1336 1337 1436
f 1438 1325 1326
f 1326 1327 1438
f 1328 1329 1438
f 1438 1327 1328
f 1333 1334 1438
f 1438 1332 1333
f 1438 1329 1330
f 1225 1162 1161
f 1438 1225 1161
f 1161 1160 1438
f 1161 1055 1054
f 1162 1055 1161
f 1159 1158 1438
f 1438 1160 1159
f 1052 1159 1160
f 1052 1051 1158
f 1158 1159 1052
f 921 1049 922
f 1051 1052 924
f 924 1052 925
f 541 542 413
f 1230 1167 1166
f 675 802 803
f 1438 914 1042
f 1042 1041 1438
f 914 913 1042
f 1042 913 1041
f 1040 913 912
f 1041 913 1040
f 1040 1039 1438
f 1438 1041 1040
f 914 915 787
f 1044 1045 918
f 918 1046 919
f 918 1045 1046
f 919 791 918
f 1037 1038 909
f 909 1036 1037
f 1035 1034 1438
f 1438 1036 1035
f 1035 907 1034
f 1035 1036 907
f 1143 1212 1213
f 1213 1214 1143
f 1214 1258 1215
f 1217 1218 1148
f 1259 1287 1260
f 1286 1287 1259
f 1285 1286 1259
f 1259 1258 1285
f 1222 1223 1153
f 1033 1156 1034
f 1228 1266 1267
f 1267 1229 1228
f 1228 1229 1164
f 1164 1163 1228
f 332 333 205
f 597 598 470
f 597 725 598
f 721 720 849
f 849 722 721
f 592 591 720
f 589 588 716
f 1447 943 1070
f 1070 1069 1447
f 937 1064 938
f 1063 1064 937
f 937 936 1063
f 1066 1065 1447
f 1447 1067 1066
f 949 1071 1072
f 952 953 824
f 573 574 446
f 574 573 702
f 1447 1342 1343
f 1343 1344 1447
f 1346 1347 1447
f 1351 1352 1447
f 1447 1350 1351
f 1447 1347 1348
f 1360 1361 1447
f 1447 1359 1360
f 1447 1357 1358
f 1358 1359 1447
f 1447 1352 1353
f 1353 1354 1447
f 1356 1357 1447
f 1378 1379 1443
f 1443 1377 1378
f 1443 1375 1376
f 1376 1377 1443
f 1443 1372 1373
f 1447 1370 1371
f 1371 1372 1447
f 1447 1361 1362
f 1362 1363 1447
f 1364 1365 1447
f 1447 1363 1364
f 1369 1370 1447
f 1447 1365 1366
f 1366 1367 1447
f 1298 1445 1451
f 1298 1297 1445
f 1247 1278 1279
f 1279 1248 1247
f 1246 1277 1247
f 1247 1277 1278
f 1247 1195 1246
f 1247 1196 1195
f 1247 1248 1197
f 1197 1196 1247
f 1283 1282 1453
f 1453 1252 1283
f 1282 1283 1251
f 1251 1283 1252
f 1251 1199 1250
f 1201 1251 1252
f 1381 1382 1443
f 1443 1380 1381
f 1385 1386 1443
f 1443 1384 1385
f 1443 1382 1383
f 1383 1384 1443
f 1443 1389 1390
f 1390 1391 1443
f 1388 1389 1443
f 1443 1387 1388
f 1403 1404 1443
f 1443 1402 1403
f 1443 1398 1399
f 1399 1400 1443
f 1443 1392 1393
f 1393 1394 1443
f 1397 1398 1443
f 1443 1396 1397
f 1194 1112 1193
f 1245 1195 1194
f 1193 1244 1194
f 1194 1244 1245
f 1110 1191 1192
f 1190 1191 1110
f 981 852 980
f 852 979 980
f 980 1104 981
f 851 979 852
f 1443 1102 1101
f 1101 1100 1443
f 1102 979 1101
f 1443 1100 1099
f 1099 1100 976
f 978 1101 979
f 1100 1101 978
f 979 851 978
f 983 984 855
f 855 982 983
f 982 1106 983
f 1107 984 983
f 983 1106 1107
f 1108 1107 1443
f 1447 1271 1270
f 1270 1271 1236
f 1177 1234 1235
f 1235 1234 1447
f 1447 1270 1235
f 1235 1270 1236
f 1447 1234 1233
f 1177 1235 1178
f 1178 1235 1236
f 1182 1181 1240
f 1237 1236 1272
f 1272 1238 1237
f 1172 1077 1447
f 1447 1173 1172
f 1172 1173 1077
f 1077 1173 1078
f 1078 1173 1174
f 1125 1206 1126
f 1125 1124 1206
f 1123 1124 1001
f 1140 1018 1017
f 1140 1210 1211
f 1016 1015 1138
f 1016 1140 1017
f 887 1015 1016
f 1014 1015 887
f 1135 1134 1453
f 1453 1136 1135
f 1263 1288 1290
f 1305 1303 1290
f 1303 1289 1290
f 1220 1261 1263
f 1264 1289 1291
f 1264 1291 1438
f 1150 1220 1219
f 1150 1218 1261
f 1261 1220 1150
f 1224 1223 1438
f 1339 1340 1436
f 1436 1338 1339
f 1331 1332 1438
f 1438 1330 1331
f 1053 1052 1160
f 1053 1161 1054
f 1160 1161 1053
f 1054 1055 927
f 1055 928 927
f 927 1053 1054
f 1048 1047 1438
f 1438 1049 1048
f 1048 921 1047
f 1049 921 1048
f 920 791 919
f 1047 921 920
f 919 1046 920
f 920 1046 1047
f 796 925 797
f 796 924 925
f 1051 924 1050
f 1438 1051 1050
f 1050 1049 1438
f 794 665 793
f 793 921 794
f 794 921 922
f 793 665 792
f 665 664 792
f 791 920 792
f 663 791 792
f 792 664 663
f 792 921 793
f 792 920 921
f 665 538 537
f 537 664 665
f 539 538 667
f 1165 1166 1058
f 1165 1057 1164
f 1058 1057 1165
f 1164 1229 1165
f 1165 1229 1230
f 1230 1166 1165
f 1058 1166 1059
f 1056 1163 1164
f 1164 1057 1056
f 1056 1055 1162
f 1162 1163 1056
f 1056 928 1055
f 930 1056 1057
f 800 927 928
f 799 927 800
f 933 934 805
f 805 934 806
f 785 913 914
f 916 1044 917
f 1044 918 917
f 918 789 917
f 907 1036 908
f 1036 909 908
f 892 1021 893
f 1144 1143 1214
f 1144 1215 1145
f 1214 1215 1144
f 1021 1143 1144
f 1145 1022 1144
f 1144 1022 1021
f 1020 1143 1021
f 1020 1021 892
f 1211 1212 1142
f 1212 1143 1142
f 1146 1022 1145
f 1027 1150 1026
f 1027 1148 1218
f 1218 1150 1027
f 1260 1217 1216
f 1216 1259 1260
f 1217 1146 1216
f 1216 1215 1258
f 1258 1259 1216
f 1145 1215 1216
f 1216 1146 1145
f 905 1033 1034
f 1226 1225 1438
f 1226 1162 1225
f 1226 1163 1162
f 81 82 1
f 1 80 81
f 855 984 856
f 984 857 856
f 856 727 855
f 985 857 984
f 986 857 985
f 985 1108 986
f 985 984 1107
f 1107 1108 985
f 853 725 852
f 854 725 853
f 853 852 981
f 981 982 853
f 853 982 854
f 726 854 727
f 726 725 854
f 727 598 726
f 598 725 726
f 852 725 724
f 724 851 852
f 725 597 724
f 470 598 599
f 599 598 727
f 603 475 602
f 602 601 730
f 602 731 603
f 730 731 602
f 601 602 473
f 728 599 727
f 727 856 728
f 728 856 857
f 469 597 470
f 591 592 463
f 715 586 714
f 849 720 848
f 718 846 719
f 718 719 591
f 591 590 718
f 845 974 846
f 846 718 845
f 942 1070 943
f 1069 1070 942
f 1068 1069 942
f 817 944 945
f 945 946 817
f 806 934 935
f 1063 936 935
f 935 934 1061
f 936 937 809
f 417 544 545
f 676 547 675
f 675 803 676
f 1067 940 939
f 939 1066 1067
f 940 812 939
f 938 1065 939
f 1065 1066 939
f 446 317 445
f 445 573 446
f 1077 1078 955
f 955 1078 956
f 1077 953 1076
f 953 952 1076
f 1447 1077 1076
f 323 450 451
f 195 194 323
f 324 323 452
f 452 323 451
f 452 451 579
f 1086 963 1085
f 1085 1084 1180
f 1085 1181 1086
f 1180 1181 1085
f 828 955 956
f 1447 1344 1345
f 1345 1346 1447
f 1349 1350 1447
f 1447 1348 1349
f 1447 1354 1355
f 1355 1356 1447
f 1374 1375 1443
f 1443 1373 1374
f 1447 1367 1368
f 1368 1369 1447
f 1451 1282 1281
f 1281 1298 1451
f 1297 1298 1281
f 1281 1250 1249
f 1282 1251 1281
f 1281 1251 1250
f 1453 1204 1203
f 1203 1254 1453
f 1253 1254 1203
f 341 469 470
f 1453 1133 1132
f 1132 1131 1453
f 1130 1129 1453
f 1453 1131 1130
f 1130 1131 1008
f 1008 1007 1130
f 1453 1129 1128
f 1128 1127 1453
f 620 748 749
f 1198 1199 1118
f 1192 1112 1111
f 1111 1110 1192
f 1104 980 1103
f 1103 1102 1443
f 1443 1104 1103
f 1103 979 1102
f 1103 980 979
f 850 722 849
f 850 851 722
f 850 978 851
f 1098 1097 1443
f 1443 1099 1098
f 1098 974 1097
f 1098 1099 976
f 976 1100 977
f 1100 978 977
f 849 848 977
f 977 848 976
f 977 850 849
f 978 850 977
f 1109 1110 986
f 986 1108 1109
f 1190 1110 1109
f 1443 1190 1109
f 1109 1108 1443
f 484 612 485
f 1089 1090 967
f 1185 1090 1089
f 1091 1186 1187
f 1187 1092 1091
f 1091 1185 1186
f 1091 1090 1185
f 967 1090 1091
f 1175 1233 1234
f 1175 1174 1447
f 1447 1233 1175
f 1180 1084 1179
f 1084 1178 1179
f 1179 1238 1180
f 1179 1237 1238
f 1179 1178 1236
f 1236 1237 1179
f 1183 1241 1242
f 1240 1241 1183
f 1183 1182 1240
f 1177 1082 1081
f 1080 1175 1081
f 956 1078 1079
f 1079 1078 1174
f 1174 1175 1079
f 1079 1175 1080
f 1124 1125 1002
f 1002 1001 1124
f 1002 1125 1126
f 1013 1014 885
f 752 880 881
f 881 880 1008
f 876 749 748
f 1139 1016 1138
f 1140 1016 1139
f 1139 1138 1209
f 1209 1210 1139
f 1210 1140 1139
f 1453 1138 1137
f 1137 1136 1453
f 1138 1015 1137
f 1015 1014 1137
f 1013 1136 1137
f 1137 1014 1013
f 1013 885 1012
f 1012 1136 1013
f 1012 1135 1136
f 1012 1011 1134
f 1134 1135 1012
f 1301 1288 1300
f 1301 1290 1288
f 1305 1290 1301
f 1300 1304 1301
f 1301 1304 1305
f 1262 1220 1263
f 1219 1220 1262
f 1289 1264 1262
f 1263 1290 1262
f 1262 1290 1289
f 1221 1264 1222
f 1219 1262 1221
f 1221 1262 1264
f 1222 1264 1265
f 1438 1222 1265
f 1265 1264 1438
f 1154 1153 1223
f 1223 1224 1154
f 1438 1155 1154
f 1154 1224 1438
f 1053 927 926
f 925 1052 926
f 1052 1053 926
f 797 925 926
f 926 798 797
f 926 927 799
f 799 798 926
f 674 802 675
f 671 543 542
f 544 543 671
f 415 543 544
f 542 543 415
f 527 655 656
f 665 794 666
f 666 538 665
f 667 538 666
f 795 796 667
f 667 666 795
f 795 666 794
f 924 796 795
f 795 794 922
f 664 537 536
f 536 535 663
f 663 664 536
f 541 413 540
f 540 539 667
f 1060 934 933
f 1061 934 1060
f 1167 1061 1060
f 1060 1166 1167
f 1060 1059 1166
f 931 803 802
f 802 930 931
f 1058 1059 931
f 931 1057 1058
f 931 930 1057
f 929 800 928
f 928 1056 929
f 1056 930 929
f 790 918 791
f 790 789 918
f 789 790 662
f 662 791 663
f 662 790 791
f 914 787 786
f 786 785 914
f 658 785 786
f 912 913 784
f 913 785 784
f 656 655 784
f 657 785 658
f 656 784 657
f 657 784 785
f 391 519 520
f 902 775 774
f 774 773 902
f 645 773 774
f 767 895 768
f 767 766 895
f 767 638 766
f 895 766 894
f 894 1022 895
f 1021 1022 894
f 894 893 1021
f 1141 1140 1211
f 1211 1142 1141
f 1018 1140 1141
f 1141 1142 1018
f 1143 1020 1019
f 1019 1142 1143
f 1018 1142 1019
f 1019 1020 892
f 1217 1148 1147
f 1147 1146 1217
f 1147 1148 1024
f 1024 1146 1147
f 1023 1146 1024
f 1022 1146 1023
f 1024 895 1023
f 895 1022 1023
f 1153 1029 1152
f 1222 1153 1152
f 1266 1228 1227
f 1438 1266 1227
f 1227 1226 1438
f 1227 1228 1163
f 1163 1226 1227
f 1 82 83
f 209 81 80
f 80 208 209
f 206 205 333
f 78 205 206
f 327 328 200
f 196 323 324
f 195 323 196
f 332 205 204
f 858 857 986
f 986 859 858
f 730 857 858
f 858 731 730
f 858 859 731
f 861 732 860
f 732 731 860
f 731 859 860
f 988 860 859
f 1110 1111 988
f 988 989 861
f 861 860 988
f 1112 989 988
f 988 1111 1112
f 722 851 723
f 851 724 723
f 594 722 723
f 596 724 597
f 470 599 471
f 474 602 475
f 474 473 602
f 601 473 600
f 600 728 601
f 599 728 600
f 600 471 599
f 730 601 729
f 601 728 729
f 729 857 730
f 729 728 857
f 462 590 591
f 591 463 462
f 589 590 462
f 593 722 594
f 593 721 722
f 720 721 593
f 593 592 720
f 1093 1188 1094
f 1188 1189 1094
f 1094 1095 971
f 1094 1189 1443
f 1443 1095 1094
f 840 841 713
f 714 586 713
f 970 971 843
f 970 1092 1093
f 1093 1094 970
f 970 1094 971
f 968 840 967
f 967 1091 968
f 581 710 582
f 581 582 454
f 587 716 588
f 587 715 716
f 586 715 587
f 975 1098 976
f 974 1098 975
f 971 1095 972
f 716 845 717
f 717 845 718
f 589 716 717
f 717 590 589
f 717 718 590
f 941 812 940
f 1068 942 941
f 941 1067 1068
f 941 940 1067
f 943 944 815
f 815 942 943
f 818 946 947
f 818 817 946
f 1063 935 1062
f 1062 935 1061
f 1169 1063 1062
f 1062 1061 1169
f 936 809 808
f 808 935 936
f 677 678 550
f 677 676 805
f 806 678 677
f 677 805 806
f 804 676 803
f 805 676 804
f 803 931 804
f 938 939 810
f 810 937 938
f 810 809 937
f 826 697 825
f 824 953 825
f 437 565 566
f 822 949 950
f 822 821 949
f 949 821 948
f 1071 949 948
f 948 947 1447
f 1447 1071 948
f 954 955 826
f 954 825 953
f 826 825 954
f 954 953 1077
f 1077 955 954
f 1073 1072 1447
f 1447 1074 1073
f 1073 949 1072
f 950 949 1073
f 951 822 950
f 950 1073 951
f 951 1073 1074
f 951 952 824
f 1075 1076 952
f 952 951 1075
f 1075 951 1074
f 1075 1074 1447
f 1447 1076 1075
f 193 194 66
f 76 204 205
f 292 420 421
f 548 420 547
f 547 676 548
f 177 178 50
f 50 178 179
f 1 42 43
f 422 295 294
f 171 43 42
f 555 556 427
f 1 29 30
f 34 35 1
f 34 162 35
f 1 35 36
f 35 162 163
f 161 32 160
f 160 288 161
f 162 34 161
f 162 161 290
f 1 21 22
f 22 23 1
f 446 447 319
f 574 702 575
f 446 574 575
f 575 447 446
f 448 447 575
f 575 576 448
f 579 451 578
f 451 450 578
f 578 707 579
f 448 576 449
f 449 578 450
f 453 581 454
f 452 581 453
f 573 445 572
f 699 570 698
f 698 570 697
f 698 697 826
f 457 584 585
f 585 713 586
f 584 713 585
f 456 584 457
f 454 582 583
f 582 710 583
f 1084 1085 962
f 962 1085 963
f 967 840 839
f 579 707 708
f 699 828 700
f 700 572 699
f 826 955 827
f 955 828 827
f 827 828 699
f 699 698 827
f 827 698 826
f 576 575 704
f 829 700 828
f 1084 962 961
f 961 833 832
f 962 833 961
f 1279 1297 1280
f 1297 1281 1280
f 1280 1281 1249
f 1280 1248 1279
f 1249 1248 1280
f 1114 1194 1195
f 1195 1196 1114
f 1196 1115 1114
f 1253 1203 1202
f 1202 1252 1253
f 1202 1201 1252
f 111 239 112
f 111 110 239
f 111 112 1
f 1 110 111
f 734 605 733
f 733 732 861
f 861 734 733
f 606 734 607
f 606 605 734
f 607 479 606
f 604 475 603
f 603 731 604
f 604 731 732
f 732 733 604
f 604 733 605
f 477 604 605
f 994 1118 995
f 1199 1251 1200
f 1251 1201 1200
f 621 493 620
f 620 749 621
f 621 750 622
f 749 750 621
f 362 491 363
f 490 491 362
f 358 487 359
f 490 362 489
f 489 362 361
f 1087 963 1086
f 1182 1183 1087
f 1086 1181 1087
f 1181 1182 1087
f 1242 1185 1184
f 1184 1183 1242
f 1185 1089 1184
f 1089 1183 1184
f 1177 1081 1176
f 1176 1081 1175
f 1176 1234 1177
f 1176 1175 1234
f 1080 1081 957
f 956 1079 957
f 957 1079 1080
f 957 828 956
f 957 829 828
f 1126 1127 1003
f 1003 1002 1126
f 874 1002 1003
f 884 1012 885
f 883 1011 884
f 1011 1012 884
f 886 1014 887
f 886 885 1014
f 1017 1018 889
f 889 1016 1017
f 1010 1011 883
f 1010 1132 1133
f 1133 1134 1010
f 1134 1011 1010
f 749 876 877
f 877 750 749
f 800 929 801
f 801 930 802
f 801 929 930
f 547 418 546
f 675 547 546
f 546 674 675
f 417 545 546
f 546 418 417
f 670 798 799
f 799 671 670
f 670 671 542
f 799 800 672
f 672 671 799
f 544 671 672
f 672 545 544
f 414 413 542
f 542 415 414
f 416 544 417
f 416 415 544
f 417 288 416
f 288 415 416
f 413 414 286
f 653 782 654
f 654 782 655
f 522 395 394
f 923 795 922
f 924 795 923
f 923 1050 924
f 922 1049 923
f 1049 1050 923
f 932 931 1059
f 932 1060 933
f 1059 1060 932
f 932 804 931
f 933 805 932
f 805 804 932
f 788 915 916
f 788 787 915
f 916 917 788
f 788 917 789
f 659 786 787
f 658 786 659
f 787 788 659
f 659 788 660
f 789 662 661
f 661 788 789
f 660 788 661
f 662 533 661
f 661 533 660
f 400 527 528
f 528 527 656
f 656 657 528
f 783 784 655
f 655 782 783
f 780 908 909
f 907 908 780
f 907 778 906
f 1034 907 906
f 906 905 1034
f 776 775 904
f 518 519 390
f 519 391 390
f 645 518 517
f 518 390 517
f 902 773 901
f 901 1029 902
f 899 1027 1026
f 1026 898 899
f 1148 1027 899
f 510 638 511
f 510 509 638
f 114 242 115
f 114 115 1
f 1219 1221 1151
f 1151 1221 1222
f 1222 1152 1151
f 1151 1028 1026
f 1151 1152 1029
f 1029 1028 1151
f 903 775 902
f 904 775 903
f 902 1029 1030
f 1030 903 902
f 1031 903 1030
f 1030 1029 1153
f 1153 1154 1030
f 1154 1031 1030
f 1032 905 904
f 1033 905 1032
f 904 903 1032
f 1032 903 1031
f 1032 1155 1156
f 1156 1033 1032
f 1032 1154 1155
f 1032 1031 1154
f 84 85 1
f 1 83 84
f 341 214 213
f 213 214 85
f 88 89 1
f 1 87 88
f 1 85 86
f 86 87 1
f 85 214 86
f 214 87 86
f 215 87 214
f 216 88 215
f 215 88 87
f 63 190 191
f 211 83 210
f 210 83 82
f 82 81 210
f 81 209 210
f 335 462 463
f 78 206 79
f 1 78 79
f 79 80 1
f 325 196 324
f 197 196 325
f 325 453 454
f 324 452 325
f 452 453 325
f 199 327 200
f 200 71 199
f 200 328 329
f 457 330 329
f 329 456 457
f 328 456 329
f 987 859 986
f 987 988 859
f 986 1110 987
f 1110 988 987
f 595 723 724
f 724 596 595
f 594 723 595
f 460 333 332
f 460 587 588
f 460 588 589
f 840 713 712
f 712 839 840
f 712 713 584
f 842 970 843
f 841 970 842
f 842 715 714
f 843 715 842
f 714 713 842
f 842 713 841
f 969 970 841
f 969 841 840
f 840 968 969
f 1092 970 969
f 969 1091 1092
f 969 968 1091
f 580 452 579
f 580 581 452
f 579 708 580
f 580 708 581
f 846 974 847
f 974 975 847
f 719 846 847
f 976 848 847
f 847 975 976
f 720 719 847
f 847 848 720
f 1096 972 1095
f 1097 974 1096
f 1443 1097 1096
f 1096 1095 1443
f 974 845 973
f 973 1096 974
f 972 1096 973
f 844 845 716
f 843 971 844
f 971 972 844
f 844 973 845
f 972 973 844
f 844 715 843
f 716 715 844
f 944 817 816
f 816 815 944
f 816 817 688
f 688 815 816
f 942 815 814
f 819 818 947
f 689 561 688
f 688 817 689
f 817 818 689
f 806 935 807
f 935 808 807
f 555 682 683
f 684 556 683
f 683 556 555
f 812 684 683
f 682 810 683
f 681 808 809
f 809 810 681
f 681 810 682
f 682 553 681
f 811 939 812
f 811 810 939
f 812 683 811
f 811 683 810
f 439 310 438
f 310 437 438
f 566 439 438
f 438 437 566
f 565 437 564
f 564 693 565
f 823 951 824
f 822 951 823
f 694 693 821
f 821 822 694
f 694 823 695
f 822 823 694
f 566 565 694
f 565 693 694
f 62 63 1
f 1 61 62
f 62 190 63
f 62 61 190
f 1 58 59
f 187 188 59
f 1 63 64
f 63 191 64
f 195 196 67
f 67 196 68
f 67 194 195
f 67 66 194
f 67 68 1
f 1 66 67
f 200 73 72
f 72 71 200
f 72 73 1
f 1 71 72
f 68 196 69
f 69 196 197
f 1 68 69
f 1 73 74
f 77 205 78
f 77 76 205
f 77 78 1
f 1 76 77
f 53 54 1
f 1 52 53
f 181 54 53
f 53 52 181
f 547 420 419
f 419 418 547
f 549 421 420
f 420 548 549
f 550 422 549
f 422 421 549
f 549 677 550
f 676 677 549
f 549 548 676
f 176 48 175
f 177 48 176
f 181 52 180
f 52 179 180
f 180 308 181
f 179 308 180
f 50 179 51
f 51 179 52
f 1 50 51
f 51 52 1
f 178 177 305
f 309 437 310
f 309 308 437
f 309 310 181
f 181 308 309
f 307 179 178
f 307 308 179
f 1 45 46
f 49 177 50
f 49 48 177
f 49 50 1
f 1 48 49
f 44 45 1
f 1 43 44
f 293 165 292
f 293 294 165
f 292 421 293
f 293 421 422
f 422 294 293
f 165 294 166
f 166 38 165
f 166 167 38
f 295 167 166
f 166 294 295
f 169 297 170
f 42 169 170
f 170 171 42
f 299 427 300
f 171 170 299
f 173 46 45
f 297 296 425
f 300 427 428
f 428 427 556
f 1 3 2
f 2 4 1
f 2 132 4
f 125 126 1
f 248 249 121
f 1 115 116
f 116 117 1
f 115 244 116
f 244 117 116
f 118 117 246
f 246 247 118
f 118 247 119
f 118 119 1
f 1 117 118
f 246 117 245
f 245 117 244
f 31 32 1
f 1 30 31
f 1 32 33
f 33 34 1
f 32 161 33
f 33 161 34
f 165 38 37
f 37 36 165
f 37 38 1
f 1 36 37
f 41 169 42
f 41 42 1
f 1 40 41
f 1 38 39
f 39 40 1
f 38 167 39
f 169 41 168
f 168 41 40
f 168 39 167
f 40 39 168
f 168 297 169
f 168 296 297
f 168 167 295
f 295 296 168
f 165 36 164
f 292 165 164
f 164 163 292
f 164 36 35
f 35 163 164
f 289 161 288
f 289 290 161
f 289 288 417
f 417 418 289
f 418 290 289
f 1 23 24
f 28 29 1
f 318 317 446
f 446 319 318
f 318 190 317
f 318 191 190
f 319 191 318
f 321 449 450
f 577 449 576
f 578 449 577
f 576 704 577
f 566 694 567
f 567 694 695
f 567 439 566
f 696 567 695
f 568 567 696
f 696 823 824
f 695 823 696
f 824 825 696
f 696 825 697
f 697 570 569
f 569 696 697
f 568 696 569
f 571 570 699
f 699 572 571
f 444 572 445
f 454 583 455
f 455 327 454
f 584 456 455
f 455 583 584
f 328 327 455
f 455 456 328
f 710 837 838
f 838 839 710
f 967 839 838
f 709 837 710
f 709 708 837
f 710 581 709
f 581 708 709
f 703 575 702
f 703 704 575
f 707 578 706
f 831 703 702
f 832 704 831
f 704 703 831
f 701 829 702
f 700 829 701
f 701 702 573
f 573 572 701
f 572 700 701
f 1083 1178 1084
f 1177 1178 1083
f 1083 1082 1177
f 1112 1194 1113
f 1194 1114 1113
f 1113 989 1112
f 344 473 345
f 216 215 344
f 344 215 343
f 344 343 471
f 342 214 341
f 342 341 470
f 342 215 214
f 343 215 342
f 470 471 342
f 471 343 342
f 467 595 596
f 467 466 594
f 594 595 467
f 361 362 233
f 356 228 355
f 357 228 356
f 355 484 356
f 485 357 356
f 356 484 485
f 879 1007 1008
f 1008 880 879
f 605 606 478
f 478 477 605
f 478 606 479
f 989 1113 990
f 1118 994 1117
f 1117 1197 1198
f 1198 1118 1117
f 991 1113 1114
f 991 990 1113
f 620 493 492
f 492 491 620
f 373 245 244
f 246 245 373
f 488 489 361
f 608 479 607
f 607 736 608
f 355 354 482
f 867 994 995
f 486 614 487
f 487 358 486
f 486 357 485
f 486 358 357
f 485 612 613
f 613 486 485
f 614 486 613
f 487 614 615
f 615 488 487
f 743 744 615
f 747 748 620
f 747 876 748
f 347 474 475
f 475 348 347
f 476 348 475
f 477 348 476
f 475 604 476
f 604 477 476
f 1088 1183 1089
f 1088 1087 1183
f 1122 999 998
f 1204 1123 1122
f 1122 1203 1204
f 1122 1202 1203
f 1123 1001 1000
f 1000 1122 1123
f 999 1122 1000
f 874 746 873
f 873 1002 874
f 1001 1002 873
f 997 1120 998
f 1119 1118 1199
f 1199 1200 1119
f 1120 997 1119
f 1119 1200 1201
f 1201 1120 1119
f 1201 1202 1121
f 1121 1120 1201
f 1202 1122 1121
f 998 1120 1121
f 1121 1122 998
f 1127 1128 1004
f 1004 1003 1127
f 876 1003 1004
f 1004 877 876
f 874 1003 875
f 875 1003 876
f 876 747 875
f 875 746 874
f 875 747 746
f 883 884 755
f 755 754 883
f 752 881 753
f 881 754 753
f 752 753 625
f 625 753 754
f 495 496 367
f 890 889 1018
f 758 886 887
f 887 759 758
f 757 885 758
f 885 886 758
f 760 759 887
f 760 889 761
f 892 893 764
f 764 763 892
f 764 636 763
f 882 1010 883
f 881 1010 882
f 883 754 882
f 882 754 881
f 1009 881 1008
f 1009 1010 881
f 1132 1010 1009
f 1008 1131 1009
f 1131 1132 1009
f 797 798 669
f 798 670 669
f 669 796 797
f 541 540 669
f 669 542 541
f 669 670 542
f 800 801 673
f 673 672 800
f 802 674 673
f 673 801 802
f 545 672 673
f 673 546 545
f 674 546 673
f 410 537 538
f 538 539 410
f 287 288 160
f 287 415 288
f 287 414 415
f 287 286 414
f 534 533 662
f 663 535 534
f 534 662 663
f 406 533 534
f 531 402 530
f 403 402 531
f 530 658 531
f 658 659 531
f 405 533 406
f 655 527 526
f 526 654 655
f 653 654 526
f 526 525 653
f 653 525 524
f 525 526 397
f 266 394 395
f 394 266 393
f 520 521 393
f 393 521 522
f 522 394 393
f 12 13 1
f 149 22 21
f 529 528 657
f 529 658 530
f 529 657 658
f 530 402 529
f 400 528 529
f 912 784 911
f 784 783 911
f 911 1040 912
f 1039 1040 911
f 909 782 781
f 781 780 909
f 781 782 653
f 653 780 781
f 904 905 777
f 777 776 904
f 905 906 777
f 777 906 778
f 778 650 777
f 779 778 907
f 907 780 779
f 522 521 649
f 649 650 522
f 649 521 520
f 776 777 649
f 649 777 650
f 638 509 637
f 509 636 637
f 514 642 644
f 644 773 645
f 639 767 768
f 768 640 639
f 638 767 639
f 511 638 639
f 513 385 384
f 900 901 773
f 900 898 1026
f 1026 1028 900
f 1029 901 900
f 900 1028 1029
f 1024 1148 1025
f 1148 899 1025
f 771 899 898
f 509 510 381
f 384 385 256
f 4 132 5
f 5 6 1
f 1 4 5
f 239 367 240
f 112 239 240
f 240 241 112
f 1 112 113
f 113 114 1
f 112 241 113
f 113 241 242
f 242 114 113
f 1149 1150 1219
f 1219 1151 1149
f 1026 1150 1149
f 1149 1151 1026
f 212 83 211
f 212 84 83
f 341 213 212
f 85 84 212
f 212 213 85
f 317 190 189
f 189 188 317
f 190 61 189
f 61 188 189
f 315 188 187
f 193 64 192
f 192 64 191
f 334 206 333
f 333 462 334
f 462 335 334
f 207 79 206
f 206 334 207
f 207 334 335
f 207 208 80
f 80 79 207
f 592 593 465
f 465 593 594
f 594 466 465
f 197 325 326
f 327 199 326
f 454 327 326
f 326 325 454
f 202 330 203
f 330 331 203
f 203 74 202
f 332 204 203
f 203 331 332
f 204 76 203
f 201 330 202
f 201 329 330
f 200 329 201
f 201 73 200
f 202 74 201
f 201 74 73
f 332 331 459
f 459 460 332
f 459 331 330
f 587 460 459
f 461 462 333
f 333 460 461
f 589 462 461
f 461 460 589
f 710 839 711
f 839 712 711
f 711 583 710
f 584 583 711
f 711 712 584
f 812 941 813
f 813 941 942
f 942 814 813
f 687 815 688
f 687 814 815
f 947 948 820
f 820 819 947
f 820 948 821
f 561 562 434
f 819 820 691
f 818 819 691
f 691 564 563
f 563 562 691
f 808 681 680
f 311 310 439
f 439 312 311
f 311 183 310
f 441 442 314
f 570 442 441
f 441 569 570
f 60 61 1
f 1 59 60
f 60 188 61
f 60 59 188
f 65 66 1
f 1 64 65
f 193 66 65
f 65 64 193
f 70 71 1
f 1 69 70
f 70 199 71
f 75 76 1
f 1 74 75
f 75 203 76
f 74 203 75
f 182 54 181
f 181 310 182
f 310 183 182
f 1 54 55
f 55 56 1
f 54 182 55
f 55 182 183
f 57 185 58
f 56 185 57
f 57 58 1
f 1 56 57
f 184 185 56
f 56 55 184
f 184 55 183
f 184 311 312
f 183 311 184
f 186 315 187
f 314 315 186
f 58 185 186
f 186 59 58
f 187 59 186
f 291 290 418
f 418 419 291
f 292 163 291
f 291 420 292
f 291 419 420
f 291 163 162
f 162 290 291
f 178 305 306
f 306 307 178
f 305 434 306
f 306 434 307
f 175 48 47
f 47 46 175
f 47 48 1
f 1 46 47
f 301 173 300
f 302 173 301
f 300 173 172
f 172 299 300
f 171 299 172
f 43 171 172
f 172 44 43
f 45 44 172
f 172 173 45
f 175 46 174
f 46 173 174
f 174 173 302
f 303 175 174
f 174 302 303
f 424 296 295
f 424 425 296
f 555 427 426
f 303 302 431
f 1 123 124
f 124 125 1
f 122 123 1
f 1 121 122
f 1 119 120
f 120 121 1
f 248 121 120
f 119 247 120
f 120 247 248
f 25 26 1
f 1 24 25
f 1 26 27
f 27 28 1
f 322 194 193
f 193 321 322
f 322 323 194
f 450 323 322
f 322 321 450
f 443 571 572
f 572 444 443
f 443 442 570
f 570 571 443
f 314 442 443
f 443 315 314
f 705 704 832
f 832 833 705
f 705 577 704
f 578 577 705
f 705 706 578
f 836 835 963
f 837 708 836
f 836 708 707
f 707 835 836
f 834 962 963
f 963 835 834
f 834 833 962
f 834 705 833
f 706 705 834
f 707 706 834
f 834 835 707
f 829 957 830
f 702 829 830
f 830 831 702
f 473 344 472
f 472 344 471
f 472 600 473
f 471 600 472
f 468 467 596
f 597 469 468
f 468 596 597
f 469 341 468
f 360 488 361
f 359 487 360
f 487 488 360
f 351 222 350
f 479 351 350
f 350 478 479
f 750 879 751
f 751 880 752
f 751 879 880
f 750 877 878
f 878 879 750
f 865 736 864
f 864 736 863
f 863 991 864
f 607 734 735
f 735 736 607
f 863 736 735
f 862 734 861
f 861 989 862
f 989 990 862
f 862 991 863
f 990 991 862
f 862 735 734
f 863 735 862
f 1197 1117 1116
f 1116 1196 1197
f 1116 1115 1196
f 1115 1116 993
f 993 1117 994
f 993 1116 1117
f 865 864 993
f 363 491 364
f 491 492 364
f 364 492 493
f 493 365 364
f 366 365 493
f 374 247 246
f 246 373 374
f 243 244 115
f 115 242 243
f 609 608 736
f 612 484 483
f 483 611 612
f 483 484 355
f 355 482 483
f 483 482 610
f 610 611 483
f 739 611 610
f 739 740 612
f 612 611 739
f 994 867 866
f 865 993 866
f 866 993 994
f 867 739 866
f 612 740 741
f 741 613 612
f 488 615 616
f 616 615 744
f 619 747 620
f 620 491 619
f 474 347 346
f 345 473 346
f 473 474 346
f 220 347 348
f 966 1089 967
f 967 838 966
f 1082 1083 960
f 960 959 1082
f 1084 961 960
f 960 1083 1084
f 960 961 832
f 832 831 960
f 831 959 960
f 958 1081 1082
f 1082 959 958
f 958 957 1081
f 958 830 957
f 958 959 831
f 831 830 958
f 996 1119 997
f 995 1118 996
f 1118 1119 996
f 1005 1128 1129
f 1005 1004 1128
f 877 1004 1005
f 756 755 884
f 756 885 757
f 756 884 885
f 501 374 373
f 494 621 622
f 493 621 494
f 494 366 493
f 494 495 367
f 367 366 494
f 891 1019 892
f 892 763 891
f 763 890 891
f 1018 1019 891
f 891 890 1018
f 761 889 762
f 889 890 762
f 762 890 763
f 628 756 757
f 628 499 627
f 627 755 628
f 755 756 628
f 888 760 887
f 889 760 888
f 887 1016 888
f 1016 889 888
f 633 760 761
f 761 762 633
f 765 764 893
f 893 894 765
f 765 894 766
f 766 638 765
f 638 637 765
f 636 764 765
f 765 637 636
f 667 796 668
f 796 669 668
f 668 540 667
f 668 669 540
f 535 536 408
f 408 536 537
f 412 540 413
f 403 531 532
f 533 405 532
f 660 533 532
f 532 659 660
f 532 531 659
f 523 395 522
f 396 397 269
f 395 523 396
f 396 523 524
f 396 524 525
f 525 397 396
f 399 527 400
f 399 526 527
f 264 391 392
f 392 393 264
f 392 391 520
f 520 393 392
f 264 393 265
f 265 393 266
f 265 136 264
f 265 266 138
f 1 10 11
f 11 12 1
f 13 12 141
f 141 142 13
f 269 142 141
f 23 22 151
f 151 24 23
f 400 529 401
f 401 529 402
f 910 782 909
f 910 909 1038
f 910 783 782
f 910 911 783
f 910 1038 1039
f 1039 911 910
f 651 779 780
f 651 650 778
f 778 779 651
f 524 523 651
f 522 650 651
f 651 523 522
f 520 519 647
f 647 519 518
f 647 774 775
f 775 776 647
f 505 633 506
f 514 644 516
f 645 517 516
f 516 644 645
f 643 642 514
f 643 771 642
f 769 771 643
f 641 513 640
f 641 640 768
f 768 769 641
f 512 513 384
f 640 513 512
f 511 639 512
f 512 639 640
f 897 1025 899
f 899 771 897
f 897 771 769
f 770 771 898
f 770 644 642
f 642 771 770
f 382 510 511
f 382 381 510
f 8 136 9
f 9 10 1
f 1 8 9
f 7 136 8
f 1 6 7
f 7 8 1
f 126 125 254
f 317 188 316
f 188 315 316
f 316 445 317
f 316 444 445
f 316 443 444
f 315 443 316
f 320 191 319
f 320 192 191
f 320 321 193
f 193 192 320
f 320 447 448
f 320 319 447
f 448 449 320
f 449 321 320
f 340 212 211
f 211 339 340
f 341 212 340
f 340 468 341
f 340 339 467
f 467 468 340
f 466 467 338
f 467 339 338
f 338 465 466
f 338 210 209
f 211 210 338
f 338 339 211
f 464 463 592
f 592 465 464
f 197 326 198
f 198 326 199
f 199 70 198
f 198 69 197
f 198 70 69
f 458 330 457
f 458 459 330
f 457 585 458
f 458 585 586
f 586 587 458
f 587 459 458
f 686 813 814
f 814 687 686
f 435 562 563
f 435 434 562
f 307 434 435
f 692 691 820
f 821 693 692
f 692 820 821
f 693 564 692
f 564 691 692
f 690 689 818
f 818 691 690
f 690 691 562
f 690 562 561
f 561 689 690
f 550 678 679
f 679 678 806
f 806 807 679
f 679 807 808
f 808 680 679
f 552 681 553
f 552 680 681
f 552 679 680
f 553 425 552
f 425 424 552
f 313 441 314
f 314 186 313
f 313 186 185
f 313 184 312
f 185 184 313
f 568 569 440
f 569 441 440
f 439 567 440
f 440 567 568
f 440 312 439
f 440 313 312
f 441 313 440
f 555 426 554
f 554 682 555
f 554 553 682
f 554 425 553
f 554 426 425
f 427 299 298
f 298 426 427
f 298 170 297
f 298 299 170
f 297 425 298
f 425 426 298
f 430 431 302
f 303 431 304
f 304 175 303
f 304 176 175
f 177 176 304
f 304 305 177
f 560 431 559
f 688 561 560
f 559 687 560
f 560 687 688
f 561 434 433
f 433 434 305
f 305 304 433
f 109 110 1
f 228 99 227
f 355 228 227
f 227 354 355
f 351 352 224
f 231 358 359
f 359 360 231
f 101 102 1
f 622 750 623
f 750 751 623
f 623 494 622
f 495 494 623
f 1115 993 992
f 992 1114 1115
f 992 991 1114
f 992 864 991
f 992 993 864
f 237 364 365
f 365 366 237
f 110 109 237
f 247 374 375
f 376 248 375
f 248 247 375
f 608 609 481
f 610 482 481
f 481 609 610
f 481 482 354
f 738 866 739
f 738 739 610
f 743 615 742
f 742 615 614
f 741 870 742
f 614 613 742
f 613 741 742
f 745 616 744
f 744 873 745
f 745 873 746
f 618 745 746
f 746 747 618
f 747 619 618
f 490 489 618
f 618 491 490
f 618 619 491
f 221 220 348
f 221 350 222
f 222 94 221
f 345 346 218
f 218 346 347
f 1087 1088 965
f 965 1088 1089
f 1089 966 965
f 837 836 965
f 965 838 837
f 965 966 838
f 869 870 741
f 869 997 998
f 998 870 869
f 998 999 871
f 871 870 998
f 999 1000 871
f 871 744 743
f 743 742 871
f 871 742 870
f 1007 879 1006
f 879 878 1006
f 1006 1005 1129
f 1006 878 877
f 877 1005 1006
f 1129 1130 1006
f 1006 1130 1007
f 374 501 502
f 503 375 502
f 502 375 374
f 626 625 754
f 627 499 626
f 499 498 626
f 626 755 627
f 754 755 626
f 496 625 497
f 625 626 497
f 497 626 498
f 370 498 499
f 370 243 242
f 499 628 500
f 500 628 501
f 763 636 635
f 635 762 763
f 636 507 635
f 635 507 506
f 757 758 629
f 629 628 757
f 501 628 629
f 629 502 501
f 537 410 409
f 409 408 537
f 535 408 407
f 407 534 535
f 406 534 407
f 411 410 539
f 539 540 411
f 540 412 411
f 403 532 404
f 404 532 405
f 268 396 269
f 398 397 526
f 526 399 398
f 269 397 398
f 137 265 138
f 136 265 137
f 137 9 136
f 138 10 137
f 10 9 137
f 16 17 1
f 1 15 16
f 13 142 14
f 1 13 14
f 14 15 1
f 12 11 139
f 139 10 138
f 139 11 10
f 138 266 139
f 20 21 1
f 20 149 21
f 146 17 145
f 22 149 150
f 150 151 22
f 153 25 24
f 26 25 153
f 652 780 653
f 652 651 780
f 653 524 652
f 524 651 652
f 648 649 520
f 520 647 648
f 776 649 648
f 648 647 776
f 646 518 645
f 646 647 518
f 645 774 646
f 774 647 646
f 262 261 390
f 508 636 509
f 508 507 636
f 509 381 508
f 504 375 503
f 376 375 504
f 633 505 504
f 378 505 506
f 378 507 379
f 506 507 378
f 385 513 387
f 768 895 896
f 896 769 768
f 896 897 769
f 896 895 1024
f 1024 1025 896
f 1025 897 896
f 773 644 772
f 644 770 772
f 772 900 773
f 898 900 772
f 772 770 898
f 383 382 511
f 511 512 383
f 383 512 384
f 384 256 383
f 129 3 1
f 1 128 129
f 1 126 127
f 127 128 1
f 125 124 252
f 252 124 123
f 257 256 385
f 257 128 256
f 257 129 128
f 257 131 3
f 3 129 257
f 130 2 3
f 3 131 130
f 132 2 130
f 130 258 132
f 131 258 130
f 336 464 465
f 336 335 463
f 463 464 336
f 208 207 336
f 336 207 335
f 336 209 208
f 813 686 685
f 685 684 812
f 812 813 685
f 685 556 684
f 563 564 436
f 436 435 563
f 436 564 437
f 437 308 436
f 308 307 436
f 307 435 436
f 551 422 550
f 550 679 551
f 679 552 551
f 551 552 424
f 302 301 429
f 429 430 302
f 300 428 429
f 429 301 300
f 429 428 556
f 559 431 558
f 431 430 558
f 430 429 558
f 558 687 559
f 558 686 687
f 432 560 561
f 561 433 432
f 431 560 432
f 432 304 431
f 432 433 304
f 226 225 354
f 354 227 226
f 223 94 222
f 223 222 351
f 351 224 223
f 357 358 230
f 358 231 230
f 230 231 102
f 1 99 100
f 100 101 1
f 100 99 228
f 228 101 100
f 106 105 233
f 106 107 1
f 1 105 106
f 104 105 1
f 752 625 624
f 624 751 752
f 624 623 751
f 624 625 496
f 496 495 624
f 495 623 624
f 238 237 366
f 238 367 239
f 238 366 367
f 239 110 238
f 110 237 238
f 107 106 235
f 235 362 363
f 363 364 235
f 108 237 109
f 1 107 108
f 108 109 1
f 479 608 480
f 608 481 480
f 480 481 352
f 480 351 479
f 480 352 351
f 353 481 354
f 352 481 353
f 354 225 353
f 225 224 353
f 353 224 352
f 737 736 865
f 865 866 737
f 866 738 737
f 737 609 736
f 610 609 737
f 737 738 610
f 616 745 617
f 745 618 617
f 617 618 489
f 489 488 617
f 488 616 617
f 349 221 348
f 350 221 349
f 349 348 477
f 477 478 349
f 478 350 349
f 345 218 217
f 217 344 345
f 216 344 217
f 89 88 217
f 217 88 216
f 347 220 219
f 219 218 347
f 220 221 93
f 93 92 220
f 93 221 94
f 93 94 1
f 1 92 93
f 963 1087 964
f 1087 965 964
f 964 836 963
f 964 965 836
f 868 867 995
f 995 996 868
f 868 996 997
f 997 869 868
f 740 739 868
f 868 739 867
f 868 741 740
f 868 869 741
f 872 871 1000
f 872 1000 1001
f 1001 873 872
f 872 873 744
f 744 871 872
f 496 497 369
f 369 497 498
f 498 370 369
f 242 241 369
f 369 370 242
f 243 370 371
f 244 243 371
f 371 370 499
f 634 633 762
f 762 635 634
f 506 633 634
f 634 635 506
f 631 758 759
f 759 760 631
f 631 504 503
f 503 502 631
f 270 399 271
f 270 398 399
f 269 398 270
f 270 142 269
f 270 271 142
f 142 271 143
f 143 16 15
f 143 14 142
f 15 14 143
f 140 141 12
f 12 139 140
f 140 139 268
f 269 141 140
f 140 268 269
f 267 139 266
f 268 139 267
f 267 266 395
f 395 396 267
f 396 268 267
f 149 20 148
f 17 146 18
f 1 17 18
f 151 150 278
f 24 151 152
f 152 153 24
f 155 27 26
f 263 391 264
f 264 136 263
f 263 390 391
f 263 262 390
f 261 262 133
f 6 5 133
f 133 5 132
f 132 258 260
f 260 133 132
f 261 133 260
f 259 258 131
f 259 257 385
f 131 257 259
f 385 387 259
f 259 387 258
f 379 507 380
f 507 508 380
f 380 508 381
f 381 252 380
f 505 378 377
f 376 504 377
f 377 504 505
f 377 248 376
f 377 249 248
f 386 387 514
f 258 387 386
f 513 641 515
f 515 387 513
f 514 387 515
f 515 643 514
f 769 643 515
f 515 641 769
f 126 254 255
f 255 127 126
f 255 383 256
f 256 128 255
f 128 127 255
f 255 254 382
f 382 383 255
f 253 254 125
f 125 252 253
f 253 252 381
f 381 382 253
f 382 254 253
f 123 122 250
f 250 121 249
f 250 122 121
f 249 377 250
f 250 377 378
f 465 338 337
f 337 336 465
f 337 338 209
f 209 336 337
f 422 551 423
f 423 551 424
f 423 295 422
f 423 424 295
f 556 685 557
f 557 429 556
f 557 558 429
f 557 685 686
f 686 558 557
f 98 227 99
f 98 226 227
f 98 99 1
f 97 224 225
f 97 96 224
f 225 226 97
f 226 98 97
f 1 96 97
f 97 98 1
f 95 223 224
f 224 96 95
f 94 223 95
f 1 94 95
f 95 96 1
f 229 228 357
f 357 230 229
f 229 101 228
f 102 101 229
f 229 230 102
f 232 231 360
f 233 105 232
f 105 104 232
f 361 233 232
f 232 360 361
f 102 231 103
f 1 102 103
f 103 104 1
f 231 232 103
f 103 232 104
f 234 106 233
f 234 235 106
f 234 233 362
f 362 235 234
f 237 108 236
f 364 237 236
f 236 235 364
f 107 235 236
f 236 108 107
f 218 219 91
f 220 92 91
f 91 219 220
f 91 92 1
f 367 496 368
f 496 369 368
f 368 240 367
f 241 240 368
f 368 369 241
f 372 373 244
f 244 371 372
f 372 501 373
f 372 500 501
f 499 500 372
f 372 371 499
f 630 629 758
f 758 631 630
f 502 629 630
f 630 631 502
f 760 633 632
f 632 631 760
f 633 504 632
f 504 631 632
f 16 143 144
f 145 17 144
f 17 16 144
f 19 20 1
f 1 18 19
f 147 148 19
f 19 148 20
f 19 146 147
f 19 18 146
f 406 407 279
f 279 278 406
f 279 407 408
f 151 278 279
f 279 152 151
f 277 405 406
f 406 278 277
f 277 404 405
f 149 148 277
f 277 150 149
f 277 278 150
f 26 153 154
f 154 155 26
f 28 27 156
f 27 155 156
f 29 28 156
f 262 263 134
f 134 133 262
f 134 7 6
f 6 133 134
f 389 517 390
f 389 516 517
f 390 261 389
f 388 260 258
f 258 386 388
f 261 260 388
f 388 389 261
f 516 389 388
f 514 516 388
f 388 386 514
f 251 252 123
f 123 250 251
f 379 380 251
f 251 380 252
f 251 378 379
f 251 250 378
f 218 91 90
f 89 217 90
f 90 217 218
f 1 89 90
f 90 91 1
f 408 409 281
f 281 409 410
f 153 152 281
f 403 404 275
f 275 402 403
f 147 146 275
f 275 148 147
f 157 30 29
f 29 156 157
f 135 263 136
f 135 134 263
f 136 7 135
f 7 134 135
f 280 279 408
f 408 281 280
f 152 279 280
f 280 281 152
f 410 411 283
f 283 411 412
f 283 156 155
f 155 154 283
f 404 277 276
f 276 275 404
f 276 277 148
f 148 275 276
f 274 401 402
f 402 275 274
f 274 275 146
f 159 31 30
f 159 287 160
f 160 32 159
f 32 31 159
f 282 281 410
f 410 283 282
f 282 283 154
f 282 154 153
f 153 281 282
f 284 283 412
f 284 412 413
f 156 283 284
f 272 399 400
f 271 399 272
f 400 401 272
f 272 143 271
f 272 144 143
f 145 144 272
f 30 157 158
f 158 159 30
f 158 157 286
f 286 287 158
f 287 159 158
f 413 286 285
f 285 284 413
f 286 157 285
f 285 157 156
f 156 284 285
f 401 274 273
f 273 272 401
f 145 272 273
f 273 146 145
f 273 274 146
f 1438 1436 1446
f 1446 1436 1450
f 1446 1450 1447
f 1453 1452 1437
f 1437 1439 1438
f 1437 1440 1453
f 1437 1452 1439
f 1449 1443 1442
f 1442 1441 1449
f 1449 1448 1447
f 1449 1441 1448
f 1445 1444 1443
f 1445 1443 1453
f 1453 1451 1445
f 1368 1432 1431
f 1342 1341 1368
f 1368 1322 1321
f 1308 1309 1368
f 1382 1381 1368
f 1426 1425 1368
f 1313 1312 1368
f 1347 1346 1368
f 1368 1411 1410
f 1431 1430 1368
f 1341 1340 1368
f 1309 1435 1368
f 1368 1314 1313
f 1321 1320 1368
f 1368 1355 1354
f 1410 1409 1368
f 1404 1403 1368
f 1368 1417 1416
f 1421 1420 1368
f 1368 1422 1421
f 1368 1310 1308
f 1317 1316 1368
f 1325 1324 1368
f 1368 1318 1317
f 1329 1328 1368
f 1368 1358 1357
f 1365 1364 1368
f 1368 1405 1404
f 1368 1408 1407
f 1368 1387 1386
f 1368 1427 1426
f 1368 1429 1428
f 1418 1417 1368
f 1368 1419 1418
f 1368 1424 1423
f 1423 1422 1368
f 1368 1335 1334
f 1368 1336 1335
f 1311 1310 1368
f 1368 1312 1311
f 1368 1316 1315
f 1315 1314 1368
f 1368 1324 1323
f 1323 1322 1368
f 1319 1318 1368
f 1368 1320 1319
f 1368 1330 1329
f 1368 1348 1347
f 1357 1356 1368
f 1368 1371 1370
f 1368 1414 1413
f 1416 1415 1368
f 1413 1412 1368
f 1407 1406 1368
f 1368 1380 1379
f 1392 1391 1368
f 1389 1388 1368
f 1368 1399 1398
f 1428 1427 1368
f 1368 1393 1392
f 1368 1434 1433
f 1433 1432 1368
f 1368 1420 1419
f 1368 1425 1424
f 1398 1397 1368
f 1368 1326 1325
f 1334 1333 1368
f 1368 1343 1342
f 1352 1351 1368
f 1361 1360 1368
f 1368 1353 1352
f 1379 1378 1368
f 1368 1376 1375
f 1368 1362 1361
f 1370 1369 1368
f 1368 1415 1414
f 1368 1412 1411
f 1368 1406 1405
f 1409 1408 1368
f 1368 1366 1365
f 1386 1385 1368
f 1368 1383 1382
f 1368 1390 1389
f 1368 1402 1401
f 1401 1400 1368
f 1395 1394 1368
f 1368 1396 1395
f 1430 1429 1368
f 1368 1435 1434
f 1368 1338 1337
f 1337 1336 1368
f 1327 1326 1368
f 1368 1328 1327
f 1368 1333 1332
f 1340 1339 1368
f 1344 1343 1368
f 1332 1331 1368
f 1368 1351 1350
f 1368 1345 1344
f 1368 1360 1359
f 1359 1358 1368
f 1354 1353 1368
f 1350 1349 1368
f 1368 1378 1377
f 1377 1376 1368
f 1368 1373 1372
f 1372 1371 1368
f 1363 1362 1368
f 1368 1364 1363
f 1375 1374 1368
f 1367 1366 1368
f 1368 1381 1380
f 1368 1385 1384
f 1384 1383 1368
f 1391 1390 1368
f 1368 1388 1387
f 1368 1403 1402
f 1400 1399 1368
f 1394 1393 1368
f 1368 1397 1396
f 1368 1339 1338
f 1368 1331 1330
f 1346 1345 1368
f 1368 1349 1348
f 1356 1355 1368
f 1368 1374 1373

