# https://github.com/mikedh/trimesh
v -152.00000000 -152.00000000 -13.40069962
v -151.74650574 -152.00000000 -13.38096046
v -151.36610413 -152.00000000 -13.39457035
v -150.66889954 -152.00000000 -13.40229034
v -150.22520447 -152.00000000 -13.39400959
v -149.46449280 -152.00000000 -13.42078972
v -149.21099854 -152.00000000 -13.40719032
v -148.70390320 -152.00000000 -13.44563007
v -148.19679260 -152.00000000 -13.41349030
v -147.81649780 -152.00000000 -13.42191982
v -147.30940247 -152.00000000 -13.44262981
v -146.92909241 -152.00000000 -13.47554016
v -146.16850281 -152.00000000 -13.49172974
v -146.94676423 -150.39119570 -13.39471883
v -145.91490173 -152.00000000 -13.48610973
v -145.40780640 -152.00000000 -13.45409012
v -144.90080261 -152.00000000 -13.43859005
v -144.64720154 -152.00000000 -13.45401001
v -144.39370728 -152.00000000 -13.50360012
v -144.14010620 -152.00000000 -13.52188015
v -143.75979614 -152.00000000 -13.52392960
v -143.25270081 -152.00000000 -13.54786015
v -142.74560547 -152.00000000 -13.55354977
v -141.98500061 -152.00000000 -13.53639984
v -141.60470581 -152.00000000 -13.53697968
v -141.09759521 -152.00000000 -13.57627964
v -140.71730042 -152.00000000 -13.57147026
v -140.33689880 -152.00000000 -13.57036972
v -139.95660400 -152.00000000 -13.58648968
v -139.32279968 -152.00000000 -13.56894016
v -139.06919861 -152.00000000 -13.57656956
v -138.81570435 -152.00000000 -13.61116028
v -138.56210327 -152.00000000 -13.62380028
v -137.54800415 -152.00000000 -13.60554028
v -136.78729248 -152.00000000 -13.61242962
v -136.40699768 -152.00000000 -13.64459038
v -136.02670288 -152.00000000 -13.67220974
v -135.01249695 -152.00000000 -13.68472004
v -134.75900269 -152.00000000 -13.70331001
v -133.99830627 -152.00000000 -13.71245956
v -133.61799622 -152.00000000 -13.72937965
v -132.98420715 -152.00000000 -13.74330044
v -132.60380554 -152.00000000 -13.78608036
v -132.09669495 -152.00000000 -13.80914974
v -131.58970642 -152.00000000 -13.80974960
v -131.01919556 -152.00000000 -13.82170963
v -130.19520569 -152.00000000 -13.83981991
v -129.81480408 -152.00000000 -13.83253002
v -129.05419922 -152.00000000 -13.84887981
v -128.67390442 -152.00000000 -13.86015034
v -128.29359436 -152.00000000 -13.85295963
v -127.91329956 -152.00000000 -13.85179996
v -127.65969849 -152.00000000 -13.86126041
v -127.02590179 -152.00000000 -13.92214966
v -126.64550018 -152.00000000 -13.94165039
v -126.39199829 -152.00000000 -13.94032955
v -128.80416037 -148.84722799 -13.72599464
v -125.88490295 -152.00000000 -13.91903973
v -125.63140106 -152.00000000 -13.92751980
v -124.99749756 -152.00000000 -13.98526001
v -124.61720276 -152.00000000 -14.01296997
v -124.11009979 -152.00000000 -14.02058983
v -123.85649872 -152.00000000 -14.00763988
v -123.60299683 -152.00000000 -13.99011993
v -123.09590149 -152.00000000 -14.03827000
v -122.71559906 -152.00000000 -14.02892017
v -122.33529663 -152.00000000 -14.02276039
v -122.08170319 -152.00000000 -14.05819035
v -121.57460022 -152.00000000 -14.15867996
v -121.06759644 -152.00000000 -14.21067047
v -120.68720245 -152.00000000 -14.23431969
v -120.05339813 -152.00000000 -14.26268005
v -119.54630280 -152.00000000 -14.28302956
v -119.29270172 -152.00000000 -14.28454971
v -118.91239929 -152.00000000 -14.31639957
v -118.53209686 -152.00000000 -14.34469986
v -117.77149963 -152.00000000 -14.36785030
v -117.39119720 -152.00000000 -14.38029003
v -117.01080322 -152.00000000 -14.38465023
v -116.75730133 -152.00000000 -14.40406990
v -116.25019836 -152.00000000 -14.43290997
v -115.36280060 -152.00000000 -14.49155045
v -114.41200256 -152.00000000 -14.53349972
v -113.20770264 -152.00000000 -14.59788990
v -112.82740021 -152.00000000 -14.60058022
v -112.44699860 -152.00000000 -14.60295010
v -111.94000244 -152.00000000 -14.63811970
v -110.41870117 -152.00000000 -14.66471004
v -109.91159821 -152.00000000 -14.65557957
v -109.65809631 -152.00000000 -14.63687038
v -109.40450287 -152.00000000 -14.66695976
v -108.77059937 -152.00000000 -14.70240021
v -108.39029694 -152.00000000 -14.71510029
v -107.75650024 -152.00000000 -14.71553040
v -107.05919647 -152.00000000 -14.70890045
v -106.61550140 -152.00000000 -14.69410038
v -106.10839844 -152.00000000 -14.65130997
v -105.85489655 -152.00000000 -14.66329956
v -105.47460175 -152.00000000 -14.69847012
v -104.84069824 -152.00000000 -14.71774960
v -104.33360291 -152.00000000 -14.71059036
v -103.57299805 -152.00000000 -14.74483013
v -103.06590271 -152.00000000 -14.75743961
v -102.30529785 -152.00000000 -14.73707962
v -102.05169678 -152.00000000 -14.75428963
v -101.54460144 -152.00000000 -14.81564045
v -101.29109955 -152.00000000 -14.82639027
v -100.91079712 -152.00000000 -14.82026005
v -100.53040314 -152.00000000 -14.80121040
v -100.27690125 -152.00000000 -14.80214024
v -99.76981354 -152.00000000 -14.82785988
v -100.86238404 -151.24610477 -14.80235147
v -99.13594055 -152.00000000 -14.84856033
v -98.37532043 -152.00000000 -14.88066006
v -97.74146271 -152.00000000 -14.92245007
v -96.98081970 -152.00000000 -14.93187046
v -96.60050201 -152.00000000 -14.94435978
v -96.22019196 -152.00000000 -14.95738029
v -95.71308899 -152.00000000 -14.95236015
v -95.45954895 -152.00000000 -14.96471024
v -95.07923126 -152.00000000 -14.95707035
v -94.57215118 -152.00000000 -14.95565033
v -94.19183350 -152.00000000 -14.97626019
v -93.30442047 -152.00000000 -14.99571991
v -92.60717010 -152.00000000 -15.02661037
v -91.65637970 -152.00000000 -15.03962994
v -90.89575195 -152.00000000 -15.07382965
v -90.38865662 -152.00000000 -15.08668995
v -89.75479126 -152.00000000 -15.08996964
v -88.86739349 -152.00000000 -15.11588001
v -88.29692078 -152.00000000 -15.15380001
v -87.47290039 -152.00000000 -15.18531990
v -87.09258270 -152.00000000 -15.18704987
v -86.58548737 -152.00000000 -15.16755962
v -85.95162201 -152.00000000 -15.17658997
v -85.57131195 -152.00000000 -15.17078972
v -84.81067657 -152.00000000 -15.18323040
v -84.17681122 -152.00000000 -15.16429043
v -83.54296112 -152.00000000 -15.15118027
v -82.78231812 -152.00000000 -15.16866016
v -82.52877045 -152.00000000 -15.16322041
v -82.14846039 -152.00000000 -15.14173031
v -81.76814270 -152.00000000 -15.12798023
v -81.13427734 -152.00000000 -15.12314034
v -80.75395966 -152.00000000 -15.13027954
v -80.50041199 -152.00000000 -15.14688969
v -79.99333191 -152.00000000 -15.14612961
v -78.97914886 -152.00000000 -15.15890026
v -78.34529114 -152.00000000 -15.15145969
v -77.96497345 -152.00000000 -15.15785980
v -77.45787811 -152.00000000 -15.19330025
v -77.20433807 -152.00000000 -15.19871044
v -76.44371033 -152.00000000 -15.18667030
v -75.68306732 -152.00000000 -15.16606045
v -75.30274963 -152.00000000 -15.15382957
v -74.92243195 -152.00000000 -15.15484047
v -74.41535187 -152.00000000 -15.18519974
v -73.52793884 -152.00000000 -15.20168972
v -73.02085114 -152.00000000 -15.20874023
v -72.38699341 -152.00000000 -15.20676994
v -71.75312805 -152.00000000 -15.20466995
v -70.99250031 -152.00000000 -15.21706009
v -69.40783691 -152.00000000 -15.21547031
v -68.71058655 -152.00000000 -15.20287991
v -68.07672882 -152.00000000 -15.22294998
v -67.82318115 -152.00000000 -15.22192001
v -67.06255341 -152.00000000 -15.20102978
v -66.30191803 -152.00000000 -15.21732044
v -65.79483032 -152.00000000 -15.21527004
v -65.54129028 -152.00000000 -15.20322990
v -64.59049225 -152.00000000 -15.19873047
v -63.82986069 -152.00000000 -15.19682980
v -63.00584030 -152.00000000 -15.19204998
v -62.30857849 -152.00000000 -15.17957020
v -61.73810959 -152.00000000 -15.17117977
v -61.35779190 -152.00000000 -15.17982006
v -60.85071182 -152.00000000 -15.18929958
v -60.34362030 -152.00000000 -15.19330978
v -59.83652115 -152.00000000 -15.18900967
v -59.07590103 -152.00000000 -15.19268990
v -57.55463028 -152.00000000 -15.18058014
v -57.04753876 -152.00000000 -15.18385029
v -56.22351837 -152.00000000 -15.18346977
v -55.52627182 -152.00000000 -15.17716980
v -54.76562881 -152.00000000 -15.17698956
v -54.25854111 -152.00000000 -15.18784046
v -52.99082184 -152.00000000 -15.15653038
v -52.61050034 -152.00000000 -15.15472984
v -52.10342026 -152.00000000 -15.16794968
v -51.59632874 -152.00000000 -15.16364002
v -51.08924103 -152.00000000 -15.18702030
v -50.83568954 -152.00000000 -15.18412971
v -50.32860184 -152.00000000 -15.14517021
v -49.56797028 -152.00000000 -15.15447998
v -48.80733109 -152.00000000 -15.13751984
v -48.42702103 -152.00000000 -15.13694000
v -47.79315948 -152.00000000 -15.15060043
v -47.28607178 -152.00000000 -15.15322018
v -46.77898026 -152.00000000 -15.15209007
v -46.52544022 -152.00000000 -15.15835953
v -45.57463837 -152.00000000 -15.16106033
v -45.00416183 -152.00000000 -15.16798973
v -43.98999023 -152.00000000 -15.14774036
v -43.29273987 -152.00000000 -15.15754032
v -42.59548950 -152.00000000 -15.15036011
v -41.70808029 -152.00000000 -15.15507030
v -41.32777023 -152.00000000 -15.16730976
v -40.82067871 -152.00000000 -15.16841030
v -40.31359100 -152.00000000 -15.16775990
v -39.55295181 -152.00000000 -15.16714001
v -38.79232025 -152.00000000 -15.16742992
v -38.15845871 -152.00000000 -15.16380024
v -37.39783096 -152.00000000 -15.17805004
v -36.76396942 -152.00000000 -15.15997028
v -36.38365173 -152.00000000 -15.15668964
v -35.62302017 -152.00000000 -15.17012978
v -35.05253983 -152.00000000 -15.17887974
v -34.60882950 -152.00000000 -15.17418957
v -33.59466171 -152.00000000 -15.18243980
v -33.08757019 -152.00000000 -15.19223976
v -32.58047867 -152.00000000 -15.18163967
v -32.07339096 -152.00000000 -15.17232990
v -31.43952942 -152.00000000 -15.18832016
v -30.93243980 -152.00000000 -15.19429970
v -30.04504013 -152.00000000 -15.21197987
v -29.53793907 -152.00000000 -15.21288967
v -28.14344978 -152.00000000 -15.23124027
v -27.12927055 -152.00000000 -15.24917984
v -26.49541092 -152.00000000 -15.26478004
v -26.11508942 -152.00000000 -15.26688004
v -25.73476982 -152.00000000 -15.26198959
v -25.35445976 -152.00000000 -15.27130985
v -24.84737015 -152.00000000 -15.25854015
v -24.08674049 -152.00000000 -15.26058960
v -23.45288086 -152.00000000 -15.25137997
v -22.69224930 -152.00000000 -15.26784039
v -21.80484009 -152.00000000 -15.25144005
v -20.91741943 -152.00000000 -15.25430965
v -20.34696007 -152.00000000 -15.27700996
v -19.77647018 -152.00000000 -15.28104019
v -19.39616013 -152.00000000 -15.27157974
v -18.63553047 -152.00000000 -15.25844002
v -17.24102974 -152.00000000 -15.27840996
v -16.86071968 -152.00000000 -15.27171040
v -15.71975994 -152.00000000 -15.27702999
v -14.95911980 -152.00000000 -15.30140018
v -13.94495010 -152.00000000 -15.33045006
v -13.31107998 -152.00000000 -15.32905960
v -12.04337025 -152.00000000 -15.33069038
v -11.15596008 -152.00000000 -15.32283974
v -10.64885998 -152.00000000 -15.32170963
v -10.01500988 -152.00000000 -15.32015038
v -8.87405396 -152.00000000 -15.32538986
v -7.85987902 -152.00000000 -15.33026028
v -7.35278320 -152.00000000 -15.32588005
v -6.59216309 -152.00000000 -15.32796955
v -4.94412184 -152.00000000 -15.32769012
v -4.43702698 -152.00000000 -15.35628033
v -3.86654711 -152.00000000 -15.36032009
v -2.91575599 -152.00000000 -15.38292980
v -2.28189111 -152.00000000 -15.39200020
v -1.58465600 -152.00000000 -15.38428020
v -0.76063538 -152.00000000 -15.36522961
v 0.12677000 -152.00000000 -15.34883976
v -2.18580741 -148.10010975 -15.38984340
v 0.50709528 -152.00000000 -15.33395958
v 1.14096105 -152.00000000 -15.31801987
v 2.02836609 -152.00000000 -15.30529022
v 2.91577101 -152.00000000 -15.29376984
v 3.42285204 -152.00000000 -15.29113960
v 3.67640710 -152.00000000 -15.31791973
v 4.05671692 -152.00000000 -15.31987000
v 4.56381178 -152.00000000 -15.28985977
v 5.32444811 -152.00000000 -15.27902031
v 7.28941298 -152.00000000 -15.26922035
v 8.24020386 -152.00000000 -15.26111031
v 8.74730015 -152.00000000 -15.24606037
v 9.25438023 -152.00000000 -15.23661041
v 9.76147461 -152.00000000 -15.24011040
v 10.01500988 -152.00000000 -15.23301029
v 10.77565002 -152.00000000 -15.23968029
v 11.34613037 -152.00000000 -15.23165989
v 12.10676956 -152.00000000 -15.21096039
v 12.93078995 -152.00000000 -15.19040012
v 13.43787003 -152.00000000 -15.18776035
v 13.94495964 -152.00000000 -15.19513035
v 14.57882977 -152.00000000 -15.20631027
v 14.95913982 -152.00000000 -15.19419956
v 15.33946037 -152.00000000 -15.18890953
v 16.10008049 -152.00000000 -15.19225025
v 16.35363960 -152.00000000 -15.18398952
v 16.60717964 -152.00000000 -15.17306042
v 17.36780930 -152.00000000 -15.17183018
v 17.74811935 -152.00000000 -15.17068958
v 18.76231003 -152.00000000 -15.17518044
v 19.26939011 -152.00000000 -15.15062046
v 19.77648926 -152.00000000 -15.14097023
v 20.28356934 -152.00000000 -15.15954018
v 20.79067039 -152.00000000 -15.15581036
v 21.29776001 -152.00000000 -15.15596008
v 22.37532043 -152.00000000 -15.14649963
v 23.26272964 -152.00000000 -15.13973999
v 24.46706009 -152.00000000 -15.14076996
v 25.29108047 -152.00000000 -15.13992023
v 26.11510086 -152.00000000 -15.14109993
v 26.74896049 -152.00000000 -15.14556980
v 27.82652092 -152.00000000 -15.14169979
v 28.90410042 -152.00000000 -15.13138962
v 29.53795052 -152.00000000 -15.13416004
v 29.91827011 -152.00000000 -15.15270996
v 30.42535019 -152.00000000 -15.15917969
v 31.05921936 -152.00000000 -15.14859962
v 31.43955040 -152.00000000 -15.15692043
v 31.81986046 -152.00000000 -15.15552998
v 32.64387131 -152.00000000 -15.13492966
v 33.68973923 -152.00000000 -15.13603973
v 34.48207092 -152.00000000 -15.13146973
v 35.36948013 -152.00000000 -15.14039040
v 36.25688171 -152.00000000 -15.14964008
v 36.89075089 -152.00000000 -15.13247013
v 38.41202164 -152.00000000 -15.13031960
v 38.91910172 -152.00000000 -15.14721966
v 39.17264938 -152.00000000 -15.12804031
v 39.67972946 -152.00000000 -15.10964966
v 39.93328857 -152.00000000 -15.11501026
v 40.44036865 -152.00000000 -15.10750008
v 41.20100021 -152.00000000 -15.11849022
v 42.72227097 -152.00000000 -15.10884953
v 43.67306137 -152.00000000 -15.10649014
v 44.24354172 -152.00000000 -15.11324024
v 44.75062180 -152.00000000 -15.10758018
v 45.32109833 -152.00000000 -15.10011959
v 46.14513016 -152.00000000 -15.10601997
v 47.31776047 -152.00000000 -15.10182953
v 48.36365128 -152.00000000 -15.09346008
v 49.12427902 -152.00000000 -15.08827972
v 49.82152176 -152.00000000 -15.08734989
v 50.89908981 -152.00000000 -15.08251953
v 52.10342026 -152.00000000 -15.07950974
v 52.99082947 -152.00000000 -15.08010006
v 53.62469101 -152.00000000 -15.07347012
v 54.13179016 -152.00000000 -15.07697964
v 54.63887024 -152.00000000 -15.06247044
v 55.46289062 -152.00000000 -15.06630039
v 55.90660095 -152.00000000 -15.06227970
v 57.11093140 -152.00000000 -15.06762028
v 57.93495178 -152.00000000 -15.08364964
v 59.32944870 -152.00000000 -15.07721043
v 60.34363174 -152.00000000 -15.05760956
v 61.10425949 -152.00000000 -15.05255985
v 61.61133957 -152.00000000 -15.04806042
v 62.37197876 -152.00000000 -15.04654980
v 58.49838101 -147.93733536 -15.08745374
v 63.25938034 -152.00000000 -15.05303955
v 64.52712250 -152.00000000 -15.03612041
v 65.03420258 -152.00000000 -15.04012012
v 65.41452026 -152.00000000 -15.03090000
v 66.11177063 -152.00000000 -15.02694988
v 66.80902100 -152.00000000 -15.02305031
v 67.31610107 -152.00000000 -15.01329041
v 67.69642639 -152.00000000 -15.01368046
v 68.07673645 -152.00000000 -14.99333954
v 68.33027649 -152.00000000 -14.99215031
v 68.83737183 -152.00000000 -15.00477028
v 69.47123718 -152.00000000 -14.99508953
v 69.97831726 -152.00000000 -14.98816013
v 70.48542023 -152.00000000 -14.98987961
v 71.05590057 -152.00000000 -14.99211025
v 71.94329834 -152.00000000 -14.98593044
v 72.64054108 -152.00000000 -14.97982979
v 74.03504181 -152.00000000 -14.97278976
v 74.92243958 -152.00000000 -14.97692966
v 76.19017029 -152.00000000 -14.97904968
v 76.95081329 -152.00000000 -14.98390007
v 77.83821106 -152.00000000 -14.97904968
v 78.34529114 -152.00000000 -14.97117043
v 79.54963684 -152.00000000 -14.96716022
v 79.99333191 -152.00000000 -14.95973969
v 81.13430023 -152.00000000 -14.94960976
v 81.51461029 -152.00000000 -14.95773029
v 82.75063324 -152.00000000 -14.95436954
v 84.05004883 -152.00000000 -14.94606972
v 84.55715179 -152.00000000 -14.95254040
v 85.19100189 -152.00000000 -14.94958973
v 85.95162964 -152.00000000 -14.94906044
v 86.71227264 -152.00000000 -14.95143032
v 87.34613037 -152.00000000 -14.94513035
v 88.99417114 -152.00000000 -14.94104004
v 90.13511658 -152.00000000 -14.93904972
v 91.52961731 -152.00000000 -14.93356037
v 92.67057037 -152.00000000 -14.92504025
v 93.30442810 -152.00000000 -14.92835999
v 93.68473816 -152.00000000 -14.92321968
v 94.44538116 -152.00000000 -14.93292999
v 95.33277893 -152.00000000 -14.93338013
v 95.96665192 -152.00000000 -14.92716980
v 97.04421234 -152.00000000 -14.92852974
v 98.40702057 -152.00000000 -14.92977047
v 99.13596344 -152.00000000 -14.94044018
v 99.76982117 -152.00000000 -14.94466972
v 100.46710205 -152.00000000 -14.93612003
v 101.54460144 -152.00000000 -14.93311977
v 102.05169678 -152.00000000 -14.92926979
v 103.95330048 -152.00000000 -14.92798042
v 104.96749878 -152.00000000 -14.92368031
v 105.34780121 -152.00000000 -14.92238998
v 106.86910248 -152.00000000 -14.91648006
v 107.50289917 -152.00000000 -14.94161034
v 108.13680267 -152.00000000 -14.92685986
v 109.15100098 -152.00000000 -14.93233967
v 109.78479767 -152.00000000 -14.92057037
v 110.29190063 -152.00000000 -14.91178036
v 110.98919678 -152.00000000 -14.91376972
v 111.55960083 -152.00000000 -14.91749001
v 112.25689697 -152.00000000 -14.90775013
v 112.95410156 -152.00000000 -14.90017033
v 113.52459717 -152.00000000 -14.90532970
v 113.96829987 -152.00000000 -14.89690971
v 114.72889709 -152.00000000 -14.90139961
v 115.10929871 -152.00000000 -14.88506985
v 115.48960114 -152.00000000 -14.87526035
v 116.12339783 -152.00000000 -14.88428020
v 116.75730133 -152.00000000 -14.89873981
v 117.89830017 -152.00000000 -14.90592003
v 118.65889740 -152.00000000 -14.90511990
v 120.30690002 -152.00000000 -14.90213966
v 120.94080353 -152.00000000 -14.90904045
v 121.44789886 -152.00000000 -14.90509033
v 122.08180237 -152.00000000 -14.89723015
v 122.84239960 -152.00000000 -14.88453960
v 123.72979736 -152.00000000 -14.88082981
v 124.11009979 -152.00000000 -14.88547039
v 124.61720276 -152.00000000 -14.86600971
v 125.25099945 -152.00000000 -14.85614014
v 126.51879883 -152.00000000 -14.83530045
v 127.15270233 -152.00000000 -14.84366989
v 128.23019409 -152.00000000 -14.84506989
v 128.92750549 -152.00000000 -14.84675980
v 129.43449402 -152.00000000 -14.86633015
v 130.06840515 -152.00000000 -14.86783028
v 130.82899475 -152.00000000 -14.87537956
v 131.71640015 -152.00000000 -14.87607002
v 132.22349548 -152.00000000 -14.88821030
v 132.85740662 -152.00000000 -14.88584995
v 133.61799622 -152.00000000 -14.88523960
v 134.25190735 -152.00000000 -14.89124012
v 135.01249695 -152.00000000 -14.87835026
v 135.89990234 -152.00000000 -14.87726974
v 136.53379822 -152.00000000 -14.88554001
v 136.78729248 -152.00000000 -14.89768982
v 137.42120361 -152.00000000 -14.90657997
v 136.53881346 -148.21200810 -14.89582820
v 137.99169922 -152.00000000 -14.90213013
v 138.75230408 -152.00000000 -14.89696026
v 139.82989502 -152.00000000 -14.90880966
v 140.84410095 -152.00000000 -14.90021038
v 141.47790527 -152.00000000 -14.87876034
v 142.17509460 -152.00000000 -14.88045979
v 143.44290161 -152.00000000 -14.88370037
v 144.52040100 -152.00000000 -14.88218021
v 144.90080261 -152.00000000 -14.88405037
v 145.40780640 -152.00000000 -14.90699005
v 145.91490173 -152.00000000 -14.89089966
v 146.92909241 -152.00000000 -14.90001011
v 147.81649780 -152.00000000 -14.90324020
v 148.89410400 -152.00000000 -14.90919018
v 150.09840393 -152.00000000 -14.92006969
v 151.23939514 -152.00000000 -14.91528034
v 151.74650574 -152.00000000 -14.89291000
v 152.00021334 -151.98369767 -14.89589633
v -112.11066474 -149.92870411 -14.54035607
v -133.88929614 -148.55974341 -13.58019665
v -120.96689583 -150.19876525 -14.14150895
v 99.57789979 -146.47072016 -14.98546336
v -143.04717905 -149.67152755 -13.45782251
v -106.76727203 -147.32508168 -14.51247218
v -84.10559828 -149.47504302 -15.02244133
v -38.19516212 -149.18493188 -15.18740894
v -96.03745283 -149.78898553 -14.85955025
v 30.28681288 -147.84167631 -15.15137819
v 125.36757398 -149.51586486 -14.84787528
v -67.49158129 -150.70516747 -15.19638460
v 39.48091799 -148.94024964 -15.12761281
v -116.67839670 -148.04963021 -14.21142263
v -138.64542230 -148.89808135 -13.50810871
v -10.69316370 -144.81535363 -15.34075874
v 18.10496428 -147.35954031 -15.19721614
v 151.99495621 -149.32562164 -14.92813267
v -79.35479827 -148.22306179 -15.05915625
v 2.15933520 -147.38359298 -15.31178108
v 46.03969139 -144.82166566 -15.14497710
v 90.11966235 -149.38239325 -14.95573200
v 66.75409435 -149.52504700 -15.03081847
v 10.31376200 -148.23715059 -15.27016768
v -34.26819216 -143.77348155 -15.23917173
v 117.29970454 -146.13529308 -14.93536625
v -151.95553948 -147.28381754 -13.18698822
v -124.78735056 -149.67107865 -13.90796425
v -51.25636776 -148.99715091 -15.18162201
v -73.57848202 -149.40741347 -15.18761182
v -59.66384568 -145.85007454 -15.24410145
v -46.17625700 -147.27418698 -15.17172739
v 142.82052835 -144.46793767 -14.91971733
v 108.77428976 -145.67871535 -14.97281237
v -18.73451037 -148.63619656 -15.34444419
v 6.47857023 -136.70408927 -15.31888857
v -133.30236768 -139.23130682 -13.21916182
v -87.39695604 -145.92646954 -14.99467021
v -83.58657729 -138.95216882 -15.04259657
v 129.77264782 -142.34676261 -14.82956085
v -118.24417338 -138.81149129 -13.84017258
v 151.97190240 -128.20194674 -14.88400485
v -24.83655579 -146.58401073 -15.30551364
v 75.74413238 -133.20966961 -15.07496000
v 79.46667540 -146.69276310 -15.02806258
v -105.17585465 -137.28600552 -14.21554979
v 54.64252941 -132.72555508 -15.14434147
v 30.40408449 -134.02277144 -15.11110105
v -52.65025041 -132.48889460 -15.26472872
v -151.78290505 -137.94497873 -12.86817719
v 128.97900338 -130.18477503 -14.87916099
v -19.11286620 -130.27887354 -15.36154627
v -40.14391635 -120.95001822 -15.31837472
v -112.44334178 -121.31151138 -13.44801013
v -74.14459004 -119.41616549 -14.93512884
v 101.52682667 -125.95946433 -14.97773596
v 152.00000000 -121.19429779 -14.87343979
v -57.34690686 -122.47961152 -15.18681796
v 152.00000000 -120.56050110 -14.86977959
v 152.00000000 -119.92659760 -14.87543964
v -136.98515749 -123.39083474 -12.30419753
v 152.00000000 -119.41950226 -14.86849976
v -125.39894833 -117.99029531 -12.59204652
v 79.18977857 -110.69005967 -15.04921035
v 152.00000000 -118.02500153 -14.86375999
v -20.04050474 -112.67189991 -15.27766154
v 152.00000000 -117.26439667 -14.87938976
v 152.00000000 -116.88410187 -14.87617016
v 61.87681611 -112.29136006 -15.12815666
v 152.00000000 -115.74310303 -14.88070011
v 152.00000000 -115.23600006 -14.88654995
v 152.00000000 -113.96829987 -14.88276958
v 152.00000000 -113.20770264 -14.89126968
v -96.78865227 -116.12566929 -13.84657758
v 152.00000000 -112.44699860 -14.89622974
v 152.00000000 -111.55960083 -14.88251972
v -151.83963026 -118.72124072 -11.70227272
v 145.51882796 -114.86845254 -14.88320914
v 152.00000000 -110.92579651 -14.88304043
v -152.00000000 -110.41870117 -11.20936966
v -152.00000000 -110.16510010 -11.19727039
v 152.00000000 -109.65809631 -14.87837982
v -152.00000000 -109.91159821 -11.19536018
v 20.38544047 -113.60266985 -15.08782192
v -146.73823584 -110.93848985 -11.33266526
v -152.00000000 -109.27770233 -11.16670990
v 152.00000000 -108.77059937 -14.84963989
v -152.00000000 -108.64389801 -11.14486980
v -152.00000000 -108.26360321 -11.11837006
v -148.77702675 -107.25995868 -11.13242851
v -117.11030511 -106.17555965 -12.37007570
v 152.00000000 -108.39029694 -14.84469032
v 152.00000000 -107.62969971 -14.87794971
v -152.00000000 -107.88320160 -11.09204960
v 9.06119460 -100.02302333 -15.16674844
v -152.00000000 -107.05919647 -11.06494999
v 152.00000000 -106.99579620 -14.87335968
v 45.04891149 -108.20232783 -15.12686015
v 152.00000000 -106.36199951 -14.85509014
v -152.00000000 -105.85489655 -11.01049042
v 152.00000000 -105.09420013 -14.87115002
v 147.32727855 -107.88223720 -14.82254580
v -152.00000000 -105.22100067 -10.96837997
v -152.00000000 -104.84069824 -10.94859982
v -152.00000000 -104.33360291 -10.93556976
v -145.67019637 -101.05368840 -10.89129003
v 152.00000000 -103.95330048 -14.87168980
v -152.00000000 -103.31939697 -10.87664032
v 152.00000000 -103.31939697 -14.88008976
v 147.24998860 -102.27567791 -14.83429442
v 152.00000000 -102.55879974 -14.88572025
v -152.00000000 -102.81240082 -10.84630013
v 88.46940932 -87.72630017 -14.89444848
v 152.00000000 -102.05169678 -14.86637020
v -152.00000000 -101.92489624 -10.77639008
v 152.00000000 -101.79820251 -14.86808014
v -152.00000000 -101.54460144 -10.74761009
v 152.00000000 -101.41790009 -14.90441036
v -152.00000000 -101.03749847 -10.72729969
v -149.65668688 -98.44166746 -10.63127311
v 152.00000000 -100.91079712 -14.91819000
v -152.00000000 -100.27690125 -10.63862991
v 152.00000000 -100.40370178 -14.89729977
v 152.00000000 -100.02330017 -14.87683010
v -152.00000000 -99.64304352 -10.60334969
v 152.00000000 -99.19933319 -14.88037014
v -152.00000000 -99.13594055 -10.56392956
v -152.00000000 -98.75563049 -10.54955006
v 109.09665900 -103.48062706 -14.91783569
v -152.00000000 -98.37532043 -10.51943970
v 152.00000000 -98.12177277 -14.88158035
v -152.00000000 -97.99500275 -10.48229027
v -152.00000000 -97.74146271 -10.47025013
v -152.00000000 -97.48789978 -10.48046017
v 152.00000000 -97.36112976 -14.88327980
v -152.00000000 -96.98081970 -10.47257996
v -113.12696532 -97.29351425 -12.06765984
v 57.27355716 -86.16670633 -14.85555946
v 152.00000000 -96.79065704 -14.87532043
v -152.00000000 -96.60050201 -10.45086956
v -152.00000000 -96.22019196 -10.41265011
v -129.00765220 -98.94913953 -11.53742997
v 152.00000000 -96.09342194 -14.87998962
v -152.00000000 -95.83986664 -10.39315033
v -26.20561120 -102.75605519 -15.05921800
v 152.00000000 -94.95246124 -14.87957954
v -152.00000000 -95.45954895 -10.38842010
v -146.87965126 -93.75358852 -10.43038075
v -11.29619880 -96.72901006 -15.04636557
v -152.00000000 -94.95246124 -10.37199020
v 146.14082691 -95.12406865 -14.86063476
v -152.00000000 -94.69892120 -10.37026978
v -152.00000000 -94.31860352 -10.34677982
v 152.00000000 -93.81150818 -14.88803959
v -152.00000000 -93.81150818 -10.32094955
v -152.00000000 -92.92411041 -10.26445007
v 152.00000000 -92.92411041 -14.89216995
v -152.00000000 -92.67056274 -10.24100971
v -16.74425748 -90.10605295 -14.97844923
v 28.93941414 -95.93436163 -15.25160900
v 152.00000000 -92.48040009 -14.88634968
v -152.00000000 -92.16346741 -10.21448040
v -152.00000000 -91.90992737 -10.17978954
v -119.68980059 -87.79070667 -11.28896889
v -77.32823665 -99.60091237 -13.87286082
v 152.00000000 -91.71977234 -14.87679958
v -152.00000000 -91.52960205 -10.16954041
v -106.52768651 -86.64822385 -12.04122092
v -152.00000000 -90.70558167 -10.12207031
v 152.00000000 -91.02252197 -14.88440037
v 152.00000000 -90.38865662 -14.90060043
v -152.00000000 -89.88156128 -10.07425976
v -90.97373273 -97.35799224 -13.17877425
v -64.04038521 -86.75385528 -13.55360275
v 46.47043066 -87.78817804 -14.92904591
v 107.95665537 -80.49346195 -14.86876031
v -152.00000000 -89.50125122 -10.04615021
v 152.00000000 -88.86739349 -14.89103985
v -152.00000000 -88.99416351 -10.00267982
v -147.73972798 -87.26901776 -10.00740436
v -152.00000000 -88.36029816 -9.93962097
v -135.20206922 -90.93778189 -10.73280529
v 152.00000000 -88.10675049 -14.89861012
v -152.00000000 -87.97998047 -9.91080475
v 152.00000000 -87.59967041 -14.88811970
v -152.00000000 -87.34613037 -9.91800690
v -152.00000000 -87.09258270 -9.91227818
v -152.00000000 -86.83902740 -9.89794636
v -131.39446821 -83.94850096 -10.45749601
v 152.00000000 -86.71225739 -14.89391994
v -57.94092968 -96.62960026 -14.17842421
v -152.00000000 -86.33193970 -9.83129215
v -152.00000000 -86.07839966 -9.80326939
v 152.00000000 -85.31777191 -14.88838005
v -152.00000000 -85.44454193 -9.76893997
v -152.00000000 -84.81067657 -9.71905231
v -139.90018045 -84.24120583 -10.02680375
v 152.00000000 -84.55712891 -14.89431953
v -152.00000000 -84.17681122 -9.67710495
v 152.00000000 -84.05004120 -14.88249016
v 143.11376353 -84.28841220 -14.89720222
v -152.00000000 -83.28941345 -9.58870411
v 152.00000000 -83.28941345 -14.88000965
v -90.99569930 -82.72608591 -12.41703227
v -152.00000000 -82.90908813 -9.56126785
v 16.92437063 -77.05465540 -14.92162553
v 70.77416813 -87.28067687 -14.89638884
v 152.00000000 -82.71894073 -14.88175011
v -152.00000000 -82.27523041 -9.48951817
v -149.52185552 -81.78051882 -9.52771815
v -103.75398753 -77.26796843 -11.13034952
v 152.00000000 -82.14846039 -14.87446022
v -152.00000000 -82.02169037 -9.44702244
v -152.00000000 -81.64137268 -9.40431595
v 152.00000000 -81.51460266 -14.86178970
v -152.00000000 -81.26104736 -9.35527515
v -152.00000000 -80.50041199 -9.30722141
v 4.77187283 -83.28983935 -15.05233775
v 152.00000000 -80.24687195 -14.86052036
v -152.00000000 -80.12010193 -9.26576710
v -152.00000000 -79.48623657 -9.20505619
v 152.00000000 -79.48623657 -14.88202953
v -147.97734844 -79.37515048 -9.28877738
v -152.00000000 -79.10591888 -9.19840717
v 152.00000000 -78.78898621 -14.89115047
v -152.00000000 -78.59883118 -9.18182755
v 152.00000000 -77.52127075 -14.91823959
v -152.00000000 -77.83820343 -9.12586308
v -14.66479394 -79.05765844 -14.26018663
v -152.00000000 -77.33110809 -9.06961060
v -137.82457766 -77.45347414 -9.56105720
v -95.28187366 -70.71932536 -11.04510623
v -152.00000000 -76.95079041 -9.03444004
v 152.00000000 -76.50708771 -14.92232037
v -152.00000000 -76.57048035 -9.00578022
v 32.35062384 -79.65960547 -15.01001736
v 62.49082681 -69.16147561 -14.68796064
v -69.85283069 -78.18019063 -12.62113434
v -152.00000000 -75.93662262 -8.94437122
v 152.00000000 -75.55629730 -14.93840027
v -152.00000000 -74.98581696 -8.88605499
v -120.23365967 -79.86922688 -10.74576844
v 77.39407395 -71.38655334 -14.73779031
v 133.13686584 -89.65382178 -14.89002893
v 152.00000000 -74.79566193 -14.95310974
v -152.00000000 -74.16179657 -8.84515381
v 149.34529871 -78.69462040 -14.89588086
v 152.00000000 -73.90825653 -14.95785046
v -83.62223495 -71.39349965 -11.49672583
v 152.00000000 -73.27439117 -14.96014023
v -152.00000000 -72.45037079 -8.72939014
v -42.81031463 -76.30679861 -13.37236432
v 152.00000000 -72.64054108 -14.95252037
v 48.14565241 -69.19288631 -14.67535510
v -108.39128260 -70.92044364 -10.25545587
v 152.00000000 -72.00666809 -14.91679001
v -152.00000000 -71.87989807 -8.69314575
v -30.97369161 -70.00217787 -13.28487421
v 152.00000000 -71.49958038 -14.91310024
v -152.00000000 -71.24604034 -8.64181614
v 152.00000000 -70.99250031 -14.91726971
v -152.00000000 -70.35862732 -8.58087158
v -4.77192508 -72.98844637 -14.17483060
v -20.34105120 -64.96327494 -13.28780266
v 152.00000000 -69.85153961 -14.93607998
v -152.00000000 -69.85153961 -8.52688980
v -116.79607502 -72.45630274 -10.04659615
v -152.00000000 -69.02751923 -8.44780445
v 152.00000000 -68.96414185 -14.94244957
v -152.00000000 -68.20349884 -8.37063599
v 152.00000000 -68.33026886 -14.94371033
v -152.00000000 -67.37947845 -8.27542496
v 152.00000000 -67.56964111 -14.96294975
v 152.00000000 -67.18933105 -14.96308994
v 147.37009874 -68.63373251 -14.91577034
v 152.00000000 -66.68224335 -14.95170975
v -152.00000000 -66.04837036 -8.12077045
v 152.00000000 -65.79483032 -14.93437958
v -152.00000000 -65.79483032 -8.05688858
v -152.00000000 -65.54129028 -7.97368622
v -152.00000000 -65.03420258 -7.91167402
v 152.00000000 -65.03420258 -14.93105984
v -152.00000000 -64.78064728 -7.83545685
v 152.00000000 -64.52709961 -14.91924953
v -152.00000000 -64.40032959 -7.75083494
v -123.43719388 -64.12436970 -8.67730411
v 152.00000000 -64.02001190 -14.92582989
v -152.00000000 -64.02001190 -7.67269087
v 147.10048073 -62.88555856 -14.87379455
v 152.00000000 -63.25938034 -14.91779041
v -152.00000000 -63.51292038 -7.59268188
v -69.33850916 -63.63351998 -11.28563375
v -45.52401398 -66.79952698 -12.33128175
v -152.00000000 -63.00584030 -7.54162598
v -146.94521719 -66.53652081 -8.29946398
v 152.00000000 -63.00584030 -14.92560959
v -152.00000000 -62.75228882 -7.49243212
v -152.00000000 -62.49874878 -7.36166382
v -152.00000000 -62.24520111 -7.20913696
v 152.00000000 -61.92826843 -14.89519978
v -152.00000000 -61.99164963 -7.16513109
v -152.00000000 -61.73810959 -7.17190886
v -103.98591052 -61.10901645 -9.32588114
v -152.00000000 -61.48455811 -7.16740799
v 152.00000000 -61.04085922 -14.89192963
v -152.00000000 -60.97748184 -7.15623093
v -149.35510473 -63.75038652 -7.77306599
v -149.98127297 -60.90513035 -7.24473242
v 131.21142400 -67.78565869 -14.84296198
v -152.00000000 -60.72393036 -7.13322401
v -152.00000000 -60.47039032 -7.09366608
v 152.00000000 -60.21683884 -14.88774014
v -152.00000000 -59.96329880 -6.98422623
v -152.00000000 -59.70975113 -6.94161606
v -80.54009389 -58.50093063 -10.41146921
v 152.00000000 -59.45621109 -14.90332031
v -152.00000000 -59.20267105 -6.81675291
v -71.12066692 -57.44993913 -10.86795139
v 152.00000000 -59.07590103 -14.90207958
v -152.00000000 -58.94911957 -6.77679777
v -152.00000000 -58.69557953 -6.69741392
v 80.09815592 -53.35313785 -14.35809428
v 91.46884184 -56.97939893 -14.47690931
v 152.00000000 -58.56880188 -14.90225983
v -152.00000000 -58.44203186 -6.63369417
v -54.00292986 -61.96415071 -11.50044633
v -92.31346277 -60.63475795 -9.95952442
v -152.00000000 -57.93494034 -6.59675217
v -111.20761296 -59.77373790 -8.94074391
v 152.00000000 -57.93494034 -14.90804958
v -152.00000000 -57.68140030 -6.54487610
v -152.00000000 -57.42786026 -6.48022795
v -152.00000000 -57.17430878 -6.46484804
v -152.00000000 -56.92076111 -6.42105913
v 152.00000000 -56.54045105 -14.95808029
v -152.00000000 -56.66722107 -6.39417601
v -152.00000000 -56.16012955 -6.37173080
v -85.74058938 -50.76107385 -9.06367081
v 152.00000000 -55.84320068 -14.94122028
v -152.00000000 -55.90658188 -6.34464979
v -77.48197195 -51.47081758 -9.59478574
v 30.30826107 -59.27741199 -14.16226958
v 50.94967126 -50.73802597 -13.94176752
v -152.00000000 -55.39950180 -6.22237778
v -27.93032175 -57.81679183 -12.17063845
v 152.00000000 -55.14595032 -14.92302990
v -152.00000000 -55.01918030 -6.17266798
v -150.98215594 -57.66126684 -6.60922806
v -13.61372957 -58.39382185 -13.01479701
v 9.69016879 -55.30713954 -13.40221750
v 152.00000000 -54.70225143 -14.92426014
v -152.00000000 -54.63885880 -6.11312103
v -152.00000000 -54.13177109 -6.04919815
v 152.00000000 -53.81483841 -14.93418026
v -39.03479922 -55.90741586 -11.60499896
v -152.00000000 -53.49790955 -5.94472122
v 146.75846813 -55.87502646 -14.85634018
v 67.02249040 -56.07990871 -14.32991839
v 152.00000000 -53.11759186 -14.92872047
v -152.00000000 -52.99082184 -5.84137297
v -152.00000000 -52.29357147 -5.72654676
v 152.00000000 -52.35696030 -14.90985966
v 152.00000000 -51.21601105 -14.86464977
v -152.00000000 -51.59632874 -5.61204100
v -51.01834641 -52.02134313 -11.33234911
v -152.00000000 -51.08924103 -5.51248217
v -64.13575030 -52.40399856 -10.26787746
v -152.00000000 -50.58214188 -5.39048815
v -148.44527153 -53.34427749 -6.13760507
v -18.77446776 -45.32664475 -11.48362493
v 152.00000000 -50.70891953 -14.86186981
v 101.25497713 -54.13524907 -14.53117006
v -152.00000000 -50.07506180 -5.32123613
v 152.00000000 -50.13843918 -14.86264992
v -152.00000000 -49.69474030 -5.25536013
v 112.45825218 -55.02050563 -14.70272292
v 152.00000000 -49.18764877 -14.84535980
v -152.00000000 -49.18764877 -5.17307281
v -121.31286234 -48.87801121 -7.45357602
v -152.00000000 -48.80733109 -5.09078979
v -59.07736011 -39.01282329 -9.87409112
v -152.00000000 -48.42702103 -5.02010012
v 152.00000000 -48.30025101 -14.84348011
v -152.00000000 -47.91992950 -4.94223404
v -0.10045197 -53.23120773 -13.02379071
v 152.00000000 -48.04669952 -14.82291985
v 152.00000000 -47.66638184 -14.81688976
v -152.00000000 -47.53961182 -4.88024092
v -147.38577158 -46.79912107 -5.11983986
v 152.00000000 -46.77898026 -14.78919983
v -152.00000000 -46.90575027 -4.78482103
v -152.00000000 -46.27188873 -4.67878008
v -44.36023236 -45.44832920 -10.51345915
v -138.30741807 -46.06699332 -5.96978665
v -93.77763472 -45.71405277 -8.66469526
v -152.00000000 -46.01834869 -4.60652494
v -53.97866351 -46.79582378 -10.42576667
v 152.00000000 -45.13093185 -14.78069019
v -26.45122693 -48.71348756 -11.49432377
v -152.00000000 -45.38447952 -4.53060913
v -152.00000000 -44.75062180 -4.41190004
v -148.95084815 -43.26853484 -4.37794918
v -86.06930875 -39.23684015 -7.66462730
v 152.00000000 -44.62385178 -14.75510979
v -152.00000000 -44.24353027 -4.34183884
v 152.00000000 -44.24353027 -14.72896957
v -152.00000000 -43.98999023 -4.29932404
v 152.00000000 -43.67306137 -14.73081970
v -152.00000000 -43.48289871 -4.21233702
v -34.57266914 -43.32006278 -11.16723752
v -152.00000000 -43.22935104 -4.15474319
v 152.00000000 -43.10258102 -14.73163033
v -152.00000000 -42.97581100 -4.10242796
v 94.38310651 -43.55655591 -14.02692461
v 152.00000000 -42.72227097 -14.73077011
v -152.00000000 -42.46871948 -4.01581621
v 70.26679918 -36.43712167 -13.44205813
v 152.00000000 -42.15179062 -14.70738983
v 148.99321845 -46.46807035 -14.74599935
v -152.00000000 -41.96163177 -3.91080904
v 59.70307280 -40.83251826 -13.50100809
v -152.00000000 -41.39115906 -3.80504203
v 152.00000000 -41.45454025 -14.67321968
v -44.41954768 -40.82991748 -10.72689741
v -131.78105813 -41.45406968 -5.49107891
v 26.12754162 -41.31541178 -12.84414931
v -152.00000000 -40.69390869 -3.67334008
v 152.00000000 -40.56713867 -14.65478039
v -152.00000000 -40.06003952 -3.54424310
v -13.40708931 -39.00479663 -11.28430132
v 11.21030427 -43.45325808 -12.62522020
v 152.00000000 -39.80649948 -14.61808968
v -152.00000000 -39.67972946 -3.46650290
v 42.47397254 -42.61604316 -13.21160850
v 86.34496271 -33.27913701 -13.42470335
v 133.40697743 -49.10080769 -14.74680791
v 152.00000000 -39.42618179 -14.61647987
v -152.00000000 -38.91910172 -3.29815698
v -152.00000000 -38.66555023 -3.25769401
v -30.17072254 -36.95073102 -10.36351567
v 152.00000000 -38.53878021 -14.59216976
v -152.00000000 -38.41199875 -3.23979902
v -152.00000000 -37.90491104 -3.18510103
v -148.28279847 -38.67250999 -3.70207093
v -37.82235080 -38.35711144 -10.34128248
v 152.00000000 -37.65137100 -14.57236004
v -152.00000000 -37.65137100 -3.15057802
v -107.73915289 -46.72592206 -8.01722987
v -152.00000000 -37.01750946 -3.04787111
v 152.00000000 -36.89073944 -14.57511997
v -152.00000000 -36.63719177 -2.97365189
v 152.00000000 -36.38365173 -14.58609962
v 129.48535155 -37.59867911 -14.35076251
v -152.00000000 -35.62302017 -2.81018400
v 152.00000000 -36.00333023 -14.58885956
v 112.55244605 -40.51067855 -14.11571957
v 152.00000000 -35.62302017 -14.57056999
v -152.00000000 -35.24269867 -2.73873091
v -2.99009739 -38.11391422 -11.60139844
v -97.88323771 -39.98166252 -6.95850569
v -43.42234965 -34.09713387 -10.03265020
v 152.00000000 -34.98915100 -14.54074001
v -152.00000000 -34.60882950 -2.60485792
v -75.68138464 -34.76962292 -7.08410901
v -26.17746898 -30.98055570 -9.66491491
v 152.00000000 -34.35528946 -14.52698994
v -152.00000000 -34.22851944 -2.54186606
v 149.96005904 -31.28822784 -14.40444085
v 149.93156283 -37.12072052 -14.55484598
v -148.56938317 -33.26052792 -2.69038266
v -19.10955620 -33.56907774 -11.10111072
v -152.00000000 -33.72143173 -2.45169091
v -131.64724100 -33.38282273 -4.10388370
v 152.00000000 -33.59466171 -14.48412037
v 120.28659747 -32.30901434 -13.83718264
v -152.00000000 -33.08757019 -2.34035492
v 152.00000000 -33.34111023 -14.48999023
v -36.44575550 -27.67889693 -9.64018321
v 152.00000000 -33.08757019 -14.50045013
v -152.00000000 -32.70724869 -2.25097704
v 152.00000000 -32.83401871 -14.54176044
v -66.02938711 -29.83359887 -7.60510364
v 152.00000000 -32.58047867 -14.55741024
v -152.00000000 -32.32693100 -2.15135598
v 152.00000000 -32.07339096 -14.52970028
v -152.00000000 -31.81985092 -2.06555200
v 152.00000000 -31.81985092 -14.52066040
v -152.00000000 -31.56629944 -2.02442503
v -152.00000000 -31.18597984 -1.94003701
v 152.00000000 -30.86906052 -14.53623009
v -152.00000000 -30.67889023 -1.83140194
v -152.00000000 -30.29858017 -1.74078000
v 152.00000000 -29.98163986 -14.54621029
v -152.00000000 -29.91826057 -1.64377606
v -141.05993504 -32.23927912 -2.78409972
v 138.36664103 -30.55951600 -14.30522157
v -152.00000000 -29.53793907 -1.56925595
v -148.75749581 -27.52386903 -1.42978565
v -50.03296860 -28.99917541 -7.58742082
v 149.01437883 -27.65189615 -14.52306950
v 152.00000000 -29.28440094 -14.55183029
v -152.00000000 -29.15763092 -1.50366998
v -152.00000000 -28.77730942 -1.41439795
v 152.00000000 -28.65053940 -14.54269028
v 10.22841449 -25.18189511 -11.28216451
v -152.00000000 -28.27021980 -1.27691305
v 152.00000000 -28.14344978 -14.53651047
v -152.00000000 -28.01667976 -1.20332694
v -152.00000000 -27.76313019 -1.14738095
v 152.00000000 -27.76313019 -14.54771042
v -152.00000000 -27.50959015 -1.12648797
v -152.00000000 -27.12927055 -1.07459605
v 152.00000000 -27.00250053 -14.58481979
v -1.56870326 -29.05249380 -11.06099155
v -152.00000000 -26.74896049 -1.01212704
v 152.00000000 -26.24187088 -14.59142971
v -14.79014868 -22.47844425 -9.96235805
v 26.99431747 -26.45189994 -11.78258397
v -152.00000000 -26.11508942 -0.88904190
v -96.88199696 -26.03639130 -5.26378646
v -152.00000000 -25.73476982 -0.80312347
v -152.00000000 -25.48122978 -0.73455429
v 152.00000000 -24.84737015 -14.57406044
v -152.00000000 -24.84737015 -0.53936011
v -152.00000000 -24.34028053 -0.38376999
v -147.43026088 -23.74600832 -0.70723616
v 152.00000000 -24.46705055 -14.58164978
v 152.00000000 -24.08674049 -14.56427956
v -152.00000000 -23.95996094 -0.26147461
v 152.00000000 -23.57965088 -14.55187035
v -152.00000000 -23.45288086 -0.11632150
v -152.00000000 -23.19932938 -0.05539703
v 152.00000000 -22.37531090 -14.53213024
v -152.00000000 -22.94578934 -0.00647354
v -8.08001042 -19.79610957 -9.92623957
v -152.00000000 -22.69224930 0.03349685
v -152.00000000 -21.93161011 0.12659830
v -51.63496534 -19.45352768 -6.48994997
v 42.61394568 -29.86677276 -12.30128965
v -152.00000000 -21.67806053 0.15272141
v 152.00000000 -21.42452049 -14.50868034
v -152.00000000 -21.42452049 0.17273711
v -152.00000000 -21.17098045 0.20179360
v -93.58922347 -23.16217818 -5.04996092
v 32.11587175 -19.83695449 -11.61054637
v 59.31001052 -15.40892975 -11.59963008
v -152.00000000 -20.53710938 0.30875021
v 152.00000000 -20.22019005 -14.46033955
v -152.00000000 -19.90324020 0.40801620
v -25.49045375 -21.11597117 -9.47604653
v -152.00000000 -19.64970016 0.43919370
v 152.00000000 -19.39616013 -14.41987991
v -152.00000000 -19.26939011 0.50350189
v -90.08590388 -8.37279701 -3.05982492
v -152.00000000 -18.76230049 0.58707809
v -102.09770310 -19.19539112 -3.85835822
v 0.11108372 -18.96472276 -10.38388430
v 152.00000000 -18.25519943 -14.35529041
v -152.00000000 -18.25519943 0.67250818
v -152.00000000 -17.74811935 0.76959229
v -148.87233266 -19.28739059 0.24146149
v 85.88410106 -22.58688027 -12.83445641
v 152.00000000 -17.30441093 -14.32952023
v -152.00000000 -16.98748970 0.90861893
v -138.38143740 -17.33820315 -0.73573375
v 152.00000000 -16.35362053 -14.31340027
v -152.00000000 -16.60716057 0.98079300
v -152.00000000 -16.22685051 1.03471804
v 129.14146950 -12.78805178 -13.35091704
v -152.00000000 -15.84652996 1.09888101
v 152.00000000 -15.71975994 -14.28726959
v -152.00000000 -15.46621990 1.17524695
v 152.00000000 -14.89573956 -14.26303959
v -152.00000000 -15.08590984 1.24338496
v -149.60334131 -15.56244869 1.06027663
v -152.00000000 -14.45203972 1.36766398
v -37.93208567 -12.39569259 -7.04146479
v 152.00000000 -13.81818008 -14.21805954
v -152.00000000 -14.07172012 1.42368698
v -152.00000000 -13.81818008 1.47362900
v -152.00000000 -13.43787003 1.53955495
v 140.03610708 -15.20012251 -13.97348061
v -1.16095529 -8.07905810 -9.50536780
v 152.00000000 -13.05753994 -14.18560028
v -152.00000000 -12.93076992 1.62242496
v -14.97201268 -12.51629931 -8.90262073
v 76.01717368 -9.07964372 -11.51786296
v -152.00000000 -12.55045986 1.70494103
v -149.28520223 -10.57871868 1.76186923
v -28.95872011 -9.94044638 -7.88008624
v 10.15974795 -12.99578829 -10.21197963
v 104.04941179 -15.62658392 -12.88378761
v -152.00000000 -12.29691029 1.77621806
v 29.89310575 -7.31209178 -10.56754056
v 152.00000000 -11.78983021 -14.10867977
v -152.00000000 -12.04337025 1.85772705
v -74.29939835 -15.65415224 -5.22481557
v -152.00000000 -11.78983021 1.92552900
v -152.00000000 -11.53627014 1.97543705
v -152.00000000 -11.28273010 2.00353193
v 152.00000000 -10.39531994 -14.00088024
v -152.00000000 -11.02919006 2.04311800
v -152.00000000 -10.77563000 2.10431290
v -152.00000000 -10.52208996 2.18469191
v 148.49297520 -9.39294789 -13.85412371
v -152.00000000 -10.01500988 2.26917601
v 152.00000000 -9.76146030 -13.94939041
v -152.00000000 -9.76146030 2.32342911
v 152.00000000 -9.50792027 -13.95866966
v -152.00000000 -9.25438023 2.46286011
v -114.19438635 -10.81653744 -1.96110995
v 152.00000000 -9.00082397 -13.91930008
v -152.00000000 -9.00082397 2.56291604
v -152.00000000 -8.74728394 2.63836098
v 152.00000000 -8.43035889 -13.88918972
v -152.00000000 -8.49374390 2.69262910
v -152.00000000 -8.11341858 2.75097299
v 152.00000000 -7.47956800 -13.80792999
v -152.00000000 -7.60633802 2.84613800
v -152.00000000 -7.22601318 2.92239809
v -152.00000000 -6.97247314 2.93755507
v 152.00000000 -6.33860779 -13.71560955
v -152.00000000 -6.71893311 2.96463394
v 86.98831893 -1.15827549 -11.12894285
v -152.00000000 -6.46537781 3.00100708
v -147.42610237 -6.54482114 2.33967004
v -152.00000000 -6.21183777 3.05842400
v 18.82834451 -4.62812031 -9.79279482
v 37.91513136 -4.46296447 -10.52237327
v -152.00000000 -5.83152819 3.12729502
v 152.00000000 -5.57797194 -13.66158009
v -152.00000000 -5.19766188 3.25705004
v 152.00000000 -4.94412184 -13.61262989
v -152.00000000 -4.94412184 3.31641412
v -128.22412082 -5.05183657 0.48031284
v 152.00000000 -4.43702698 -13.56696033
v -152.00000000 -4.43702698 3.45696402
v -152.00000000 -4.18348694 3.53146195
v 152.00000000 -4.18348694 -13.53094959
v 51.12785676 -6.62978784 -11.34528563
v -152.00000000 -3.42285204 3.68252897
v 8.15604151 -0.64185600 -9.44126462
v 152.00000000 -3.67639208 -13.49674034
v -152.00000000 -3.04252601 3.75463700
v -150.36547990 -3.49257294 3.37043355
v 152.00000000 -3.16929603 -13.45374966
v 152.00000000 -2.78898597 -13.43377018
v -152.00000000 -2.66221595 3.84823608
v -152.00000000 -2.40867591 3.90197206
v 152.00000000 -2.28189111 -13.39920044
v -152.00000000 -1.90158105 4.03468895
v 152.00000000 -1.77481103 -13.40559959
v -152.00000000 -1.39448500 4.18713617
v 149.35404383 1.53768518 -13.10517198
v 62.34830067 1.42583664 -10.90002821
v 152.00000000 -1.14094496 -13.40231991
v -152.00000000 -1.14094496 4.21792221
v -150.09891853 1.38325788 4.11227289
v -104.41784421 -2.00118430 -0.93663478
v -152.00000000 -0.88740540 4.22587013
v -141.76035656 -0.73821334 2.30617466
v 152.00000000 -0.12677000 -13.38029003
v -152.00000000 -0.63385010 4.26626396
v -152.00000000 -0.38031009 4.22005081
v -152.00000000 -0.12677000 4.22043800
v -152.00000000 0.12677000 4.25472593
v 152.00000000 0.38032529 -13.33872986
v -152.00000000 0.38032529 4.30226517
v 147.88226304 -2.69953010 -13.34213714
v 106.57403590 2.22429613 -11.55889615
v 152.00000000 0.76063538 -13.32631016
v -152.00000000 0.88740540 4.38662481
v -11.73207485 2.73118244 -7.62217656
v 152.00000000 1.39450097 -13.30278969
v -152.00000000 1.39450097 4.48256493
v -54.34364223 1.41244454 -3.84464489
v -152.00000000 1.64804101 4.53745794
v 152.00000000 2.15513611 -13.24779034
v -152.00000000 2.02836609 4.64731979
v -152.00000000 2.40867591 4.77212715
v 152.00000000 2.91577101 -13.16934967
v -152.00000000 3.04254103 4.96910906
v -114.80875647 8.80875679 1.74958886
v 152.00000000 3.16931200 -13.14591026
v -152.00000000 3.42285204 5.07335520
v 152.00000000 3.42285204 -13.12981033
v -152.00000000 3.67640710 5.15749216
v -147.87567032 3.73712596 4.81494381
v 152.00000000 3.67640710 -13.12057018
v -152.00000000 3.92994690 5.21592903
v -151.38792142 5.74481777 5.62147179
v 31.13229411 4.34735270 -10.13499595
v 152.00000000 3.92994690 -13.12026978
v -152.00000000 4.18348694 5.27584982
v 150.77181337 4.71570746 -12.93910438
v -152.00000000 4.43704224 5.35785103
v 152.00000000 4.56381178 -13.12252998
v -152.00000000 4.69058180 5.45608711
v -152.00000000 5.07089186 5.60195303
v 152.00000000 4.94412184 -13.11106968
v -152.00000000 5.45121813 5.74063110
v 152.00000000 5.57798815 -13.06198978
v -152.00000000 5.70475817 5.81495523
v -152.00000000 5.95829821 5.86739302
v 46.44945133 6.45026541 -10.27157351
v 152.00000000 6.14846802 -13.03153038
v -152.00000000 6.21185303 5.90345812
v -152.00000000 6.46539307 5.93801689
v 123.94789989 7.96674042 -12.08636783
v -152.00000000 6.71893311 5.99478006
v 152.00000000 6.84570312 -13.01041031
v -152.00000000 6.97248793 6.07315588
v -152.00000000 7.22602797 6.17317820
v -73.83161642 9.45935897 -2.06478957
v 152.00000000 7.35279799 -13.00323009
v -152.00000000 7.47956800 6.25908518
v 152.00000000 7.85989380 -12.98600960
v -152.00000000 8.49374390 6.53951597
v -0.86489761 7.30208054 -7.29339049
v 76.26202442 8.23919661 -10.61160396
v 100.47446538 11.28834801 -10.95832842
v 152.00000000 8.62053013 -12.94083023
v -152.00000000 9.25438023 6.73968077
v 152.00000000 9.12761021 -12.92273998
v -152.00000000 9.76147461 6.85233498
v 152.00000000 9.82485962 -12.88401031
v -152.00000000 10.26854992 6.91432810
v 38.16170633 11.55025456 -9.47094558
v 143.32687281 6.44356509 -12.79741653
v 152.00000000 10.39533997 -12.86081982
v -152.00000000 10.52210999 6.96711922
v -152.00000000 10.77565002 7.05204582
v 152.00000000 11.02919006 -12.82740974
v -152.00000000 11.02919006 7.15647078
v -140.89600685 6.01091474 4.07310916
v -102.64811008 13.76837280 1.78825447
v -152.00000000 11.28275013 7.23647118
v -151.21086832 10.71363186 6.80339204
v 152.00000000 11.97999954 -12.74971962
v -152.00000000 12.04337978 7.40477800
v -26.22188553 10.06676050 -5.41201661
v -152.00000000 12.42368984 7.49471283
v -151.66180034 13.69398744 7.55480653
v 20.63170517 12.95954959 -7.79760223
v 152.00000000 12.67722988 -12.70316029
v -152.00000000 12.80401993 7.57782888
v 152.00000000 13.31110001 -12.68346024
v -152.00000000 13.56464005 7.64444017
v -68.87418191 14.81479958 -1.19139490
v 152.00000000 13.56464005 -12.66621971
v -152.00000000 14.07172966 7.72464609
v -150.27153804 14.66321766 7.69032982
v 47.72251005 16.29304778 -9.61337792
v 152.00000000 14.07172966 -12.57291031
v -152.00000000 14.32526970 7.77841806
v 152.00000000 14.57882977 -12.56521988
v -152.00000000 14.57882977 7.85923576
v -152.00000000 14.83236980 7.95538902
v 152.00000000 14.83236980 -12.54946995
v -152.00000000 15.21267986 8.07740307
v 152.00000000 15.33946037 -12.46251965
v -152.00000000 15.59300041 8.19451904
v -152.00000000 15.84654045 8.28184605
v 148.56939588 14.06640377 -12.39684902
v 152.00000000 15.84654045 -12.42477989
v -152.00000000 16.10008049 8.37987900
v 152.00000000 16.10008049 -12.41899014
v -152.00000000 16.35363960 8.48433018
v 152.00000000 16.60717964 -12.37158012
v -152.00000000 16.60717964 8.57553291
v -140.56337591 21.63518491 7.34053998
v -152.00000000 16.86071968 8.57690144
v 152.00000000 16.98748970 -12.37600994
v -152.00000000 17.11426926 8.55912113
v -152.00000000 17.36780930 8.51949406
v 152.00000000 17.49457932 -12.34422970
v -152.00000000 17.74811935 8.59045982
v 152.00000000 17.87491035 -12.33148003
v -152.00000000 18.12845039 8.65764904
v -86.76226132 23.23219541 1.86754807
v -152.00000000 18.63553047 8.74997425
v -51.55736228 28.63214356 -1.08152496
v 58.08003680 13.75361641 -10.13727411
v 97.66785037 26.09901643 -9.56379136
v 152.00000000 18.50876045 -12.29883957
v -152.00000000 18.88908005 8.81146908
v 152.00000000 19.01585007 -12.30438995
v -152.00000000 19.14262009 8.88053036
v -40.11880599 14.10654420 -3.38874901
v 51.31190188 21.96367359 -8.50970364
v 83.67081746 18.61522557 -9.76215106
v 147.51464501 19.39132952 -12.13247376
v -152.00000000 19.39616013 8.95157146
v 152.00000000 19.39616013 -12.30846024
v -152.00000000 19.64971924 9.02310181
v -114.91050171 21.84402444 4.79790144
v -152.00000000 19.90325928 9.08717632
v 152.00000000 19.90325928 -12.27361965
v -152.00000000 20.15679932 9.13027573
v 152.00000000 20.15679932 -12.27042961
v -152.00000000 20.41036034 9.15342903
v -125.50417146 16.21734732 4.57448460
v -14.93349650 26.21926437 -4.18886857
v 114.33736676 15.71616441 -11.14280390
v 152.00000000 20.41036034 -12.22416973
v -152.00000000 20.66390038 9.16897964
v 152.00000000 20.91744041 -12.21516037
v -152.00000000 20.91744041 9.20180416
v 133.61905441 18.99821606 -11.72994786
v -152.00000000 21.17098045 9.25680828
v 36.53723316 21.40639439 -7.87028141
v 149.51864937 23.87363535 -11.98334192
v 152.00000000 21.17098045 -12.18743038
v -26.76926312 22.33993909 -4.01702177
v -152.00000000 21.80484009 9.35718155
v -150.72865850 19.87858195 8.74201379
v 152.00000000 22.05838013 -12.13064957
v -152.00000000 22.18516922 9.41283798
v -152.00000000 22.43870926 9.48627663
v -149.97598013 22.70547287 9.16271495
v 152.00000000 22.56547928 -12.10700989
v -152.00000000 22.69224930 9.51229000
v 23.80129919 22.10144388 -6.84597311
v -152.00000000 22.94580078 9.56178665
v 11.49575746 17.21502335 -6.93351425
v 152.00000000 22.94580078 -12.09792995
v -152.00000000 23.45288086 9.68769741
v 152.00000000 23.45288086 -12.05675030
v -152.00000000 23.70642090 9.74183083
v 152.00000000 23.95998001 -12.04022980
v -152.00000000 24.46706009 9.85684395
v 66.24165620 22.39663400 -9.56321154
v 152.00000000 24.46706009 -12.03493977
v -152.00000000 24.72060966 9.90401077
v 152.00000000 24.72060966 -11.99186993
v 152.00000000 24.97414970 -11.99314976
v -152.00000000 25.22768974 10.02995968
v 59.11822277 25.92249612 -7.95930341
v 152.00000000 25.22768974 -11.97187996
v -152.00000000 25.48125076 10.08722973
v 34.60916740 31.39216544 -6.97170966
v 81.16304554 27.21734589 -9.09068289
v 152.00000000 25.60802078 -11.95625973
v -152.00000000 25.73479080 10.12802029
v 7.54578108 30.14672237 -5.30137660
v 152.00000000 25.98833084 -11.94363022
v -152.00000000 26.36865044 10.20654964
v 152.00000000 26.24187088 -11.96780014
v -152.00000000 26.74896049 10.27095985
v 152.00000000 26.87573051 -11.96858025
v -152.00000000 27.00250053 10.32754040
v 143.06711326 31.39261910 -11.46501747
v -152.00000000 27.25605965 10.41856956
v -150.65027470 27.21613525 10.20405571
v 152.00000000 27.57298088 -11.95944977
v -152.00000000 27.76313972 10.63012028
v -152.00000000 28.01668930 10.72628975
v -152.00000000 28.27022934 10.80838013
v 123.53257345 26.22572407 -10.93846055
v 152.00000000 28.52376938 -11.93962955
v -152.00000000 28.52376938 10.87833023
v 152.00000000 28.77730942 -11.92586040
v -152.00000000 29.41118050 11.08051968
v 31.32144805 29.06251270 -6.38227150
v 152.00000000 29.15764046 -11.88191032
v 52.70700835 31.37374991 -7.00570915
v 151.12396810 28.17493809 -11.95314942
v 152.00000000 29.53795052 -11.85377979
v -152.00000000 29.91827011 11.20779991
v 75.27010099 26.83396545 -8.60792272
v -152.00000000 30.93244934 11.49691963
v 152.00000000 30.17181015 -11.84160042
v 152.00000000 30.67890930 -11.84053040
v 68.38811721 29.83531947 -7.37803740
v 152.00000000 31.31275940 -11.80004025
v -152.00000000 31.43955040 11.64480019
v 152.00000000 31.69309044 -11.78172016
v -152.00000000 31.94663048 11.78351021
v 152.00000000 32.26356125 -11.77054024
v -152.00000000 32.32695007 11.87059975
v -148.50734018 35.22836599 11.98432841
v 54.00083995 39.34594551 -6.76273164
v -152.00000000 32.83403015 11.96753025
v -72.02300636 33.32116936 2.10775059
v -6.01518383 31.41748146 -4.35224347
v 152.00000000 32.96080017 -11.74314022
v -152.00000000 33.08758163 12.01994991
v -34.52410937 38.45169770 -1.26568082
v 108.86105338 30.79282618 -10.01265563
v 152.00000000 33.34112167 -11.70316029
v -152.00000000 33.72143173 12.16469002
v 152.00000000 33.84820175 -11.67743969
v -152.00000000 34.60884094 12.34432030
v 44.69738941 33.24316348 -7.00289499
v 152.00000000 34.35530090 -11.68540001
v 152.00000000 34.60884094 -11.68309021
v -58.90910973 37.14146174 1.48098965
v 152.00000000 35.11594009 -11.65567970
v -152.00000000 35.24271011 12.48291969
v -152.00000000 35.74980164 12.59397030
v 80.62663154 35.82186414 -8.08183587
v 152.00000000 35.62303162 -11.62835979
v 149.35386910 32.55883118 -11.73144524
v 76.02693301 36.48784101 -8.09918257
v 152.00000000 36.25688171 -11.57019043
v -152.00000000 36.76398087 12.80947971
v 117.95843652 37.82471864 -10.09776163
v 91.19379369 35.70678609 -8.01819845
v 152.00000000 36.89075089 -11.54625034
v 152.00000000 37.14429092 -11.51381016
v -152.00000000 37.52460861 12.97393990
v 152.00000000 37.39783859 -11.47336960
v 152.00000000 37.77814865 -11.44384003
v -152.00000000 38.03168869 13.07514954
v -130.57919871 33.95905077 9.47324905
v 16.66882501 42.14056973 -4.82732889
v 152.00000000 38.15848160 -11.44287968
v -152.00000000 38.53879166 13.17374992
v 147.47819644 38.91860058 -11.34578465
v 152.00000000 38.66556168 -11.49085045
v -152.00000000 39.04587936 13.28168964
v 152.00000000 38.91910172 -11.49209023
v 152.00000000 39.29941940 -11.47856998
v -152.00000000 39.42618942 13.37570953
v -152.00000000 39.67972946 13.44489956
v 152.00000000 39.67972946 -11.45201015
v -152.00000000 40.44036865 13.67825985
v 152.00000000 40.56713867 -11.42551994
v -152.00000000 40.82069016 13.77388000
v -22.76045317 39.27091653 -2.06227214
v -152.00000000 41.58132935 13.94291019
v -147.56108801 41.77675651 13.47301355
v 152.00000000 41.32777023 -11.37487030
v 31.15305518 41.93713785 -4.92656672
v 38.96217815 40.02470021 -6.59931498
v 105.16479187 37.77973516 -9.57628259
v 152.00000000 41.70809937 -11.33950043
v -152.00000000 42.08840942 14.05671024
v 59.95904886 42.86969913 -6.23945331
v 152.00000000 41.96163940 -11.30177975
v 71.75846878 47.17387688 -6.83247306
v 105.93043174 48.69994997 -9.12883527
v 152.00000000 42.21517944 -11.27050018
v -152.00000000 42.59550095 14.18146992
v 152.00000000 42.46873093 -11.27993011
v -147.13070009 46.46623108 14.48385217
v 152.00000000 42.72227097 -11.31383038
v -152.00000000 43.10258102 14.31439018
v 80.58892483 41.50734398 -7.83287550
v 152.00000000 42.97581100 -11.31161976
v 152.00000000 43.22937012 -11.28217030
v -152.00000000 43.60968018 14.44283009
v 149.18011815 42.49025455 -11.18397140
v 152.00000000 43.48291016 -11.25302029
v -1.74848994 42.14300227 -2.98336042
v 101.02009135 44.27325560 -8.58794398
v 152.00000000 43.86322021 -11.27332020
v -152.00000000 44.11677170 14.56093979
v -90.39953620 43.03551016 6.69254038
v 46.36791848 47.72900848 -5.75430314
v 152.00000000 44.24354172 -11.28837967
v -152.00000000 44.62385178 14.67333031
v 25.22014014 50.56081130 -3.87989378
v 40.95765496 48.17145177 -5.88414143
v 152.00000000 44.75062180 -11.25479984
v -152.00000000 45.13095093 14.78845024
v 152.00000000 45.13095093 -11.24145031
v -152.00000000 45.51126099 14.87281036
v 152.00000000 45.76482010 -11.22309971
v -152.00000000 46.27190018 15.03227997
v 152.00000000 46.52545166 -11.20540047
v -152.00000000 46.52545166 15.10140038
v -152.00000000 46.77899170 15.18124008
v -152.00000000 47.28607178 15.34298038
v 90.41845092 46.99902984 -7.85487856
v 152.00000000 47.03253174 -11.16956043
v 143.56895941 45.23327642 -10.78208408
v 152.00000000 47.53963089 -11.14636040
v -152.00000000 47.66640091 15.43638039
v -70.47882091 50.99635571 5.79254715
v -136.50508602 46.99464800 13.40817171
v 152.00000000 48.04671097 -11.11007977
v -152.00000000 48.17348099 15.54407024
v -14.96216052 49.07450504 -1.38881246
v 152.00000000 48.80733871 -11.08197021
v -152.00000000 48.80733871 15.68223000
v -152.00000000 49.56798172 15.87357044
v 74.74684001 49.35505189 -7.23864802
v 152.00000000 49.31444168 -11.07369041
v 152.00000000 49.56798172 -11.05879021
v -152.00000000 49.82152176 15.92800045
v 152.00000000 50.20183945 -10.98381042
v -152.00000000 50.45537949 16.04932976
v 94.48823608 54.77507597 -7.35060607
v 152.00000000 50.58214951 -10.94437981
v -152.00000000 50.83570862 16.14336014
v -152.00000000 51.34278870 16.29416084
v 28.18013750 71.01725243 -2.99685155
v 59.25153981 50.97383562 -5.68283135
v -152.00000000 51.59634018 16.35897064
v 24.80050183 57.25181785 -3.94480918
v 32.93281864 57.68781197 -3.09451579
v 152.00000000 51.72311020 -10.86736012
v -152.00000000 51.84988022 16.41008949
v 88.01148426 54.12759330 -6.63138015
v -152.00000000 52.23019028 16.46707916
v 152.00000000 52.61051941 -10.82036018
v -152.00000000 52.73728943 16.53086090
v -148.09305065 52.04636535 15.77534317
v -152.00000000 53.11759949 16.58709908
v 152.00000000 53.11759949 -10.78938007
v -152.00000000 53.49792099 16.67967033
v 136.75722910 46.67099008 -10.43813259
v 152.00000000 53.62469101 -10.77746010
v -152.00000000 53.87823105 16.78280067
v -39.87404635 52.16776602 2.09349632
v 152.00000000 53.87823105 -10.75944042
v -152.00000000 54.25856018 16.86004066
v 114.27219904 54.25760298 -9.21949207
v 152.00000000 54.13179016 -10.72873974
v -109.44765862 53.02130633 11.30056310
v -107.67375242 42.24404764 8.63274223
v -152.00000000 54.76564026 16.94514084
v 148.50967225 51.64883409 -10.73454126
v 152.00000000 54.63887024 -10.69799995
v 13.91491548 51.90231345 -3.46698497
v 70.54832392 62.30459387 -6.04845738
v -152.00000000 55.77981186 17.11565018
v 152.00000000 55.65304184 -10.65548038
v -145.76657788 55.34663143 16.20087287
v -97.39540323 50.27965651 9.30150774
v 152.00000000 56.03337097 -10.62318039
v -152.00000000 56.41368103 17.21777916
v 52.20781574 59.18158991 -3.94898365
v 152.00000000 56.41368103 -10.56622028
v -152.00000000 56.79401016 17.28963089
v 43.56370985 61.20053883 -4.11368931
v 152.00000000 56.66724014 -10.52124023
v 152.00000000 56.92078018 -10.47760010
v -152.00000000 57.17432022 17.35799026
v 63.58790427 62.60927433 -4.42792481
v 83.91585471 60.25113205 -6.29242013
v 152.00000000 57.17432022 -10.45314026
v -152.00000000 57.42786026 17.41679955
v 152.00000000 57.42786026 -10.46726036
v 103.12849013 55.76145973 -7.91053969
v 149.88869353 57.75015912 -10.46032258
v 152.00000000 57.80818176 -10.47885036
v -152.00000000 57.93495178 17.54602051
v -119.48371850 58.17077196 14.03320211
v -152.00000000 58.18849182 17.60477066
v 152.00000000 58.18849182 -10.47844982
v -152.00000000 58.94913101 17.74541092
v 12.69298245 61.98615900 -2.83577213
v -2.98231089 58.44108561 -1.28789848
v -152.00000000 59.20267868 17.80203056
v 152.00000000 59.32944870 -10.43546009
v -152.00000000 59.70975876 17.92567062
v 152.00000000 59.70975876 -10.42630005
v -152.00000000 59.96329880 17.98183060
v -51.32254247 59.22451117 5.36953044
v -152.00000000 60.47040176 18.07596970
v -149.83665029 59.87384842 17.62212853
v 59.67838164 58.36054815 -4.77261057
v 152.00000000 60.97748947 -10.37174988
v -152.00000000 61.61133957 18.25753021
v -93.65578739 67.26259745 11.81982819
v 120.27242504 61.59838770 -8.07429212
v 152.00000000 61.61133957 -10.33950043
v -152.00000000 62.30858994 18.37269020
v -70.19231846 66.70418417 9.12991358
v 152.00000000 62.24520874 -10.32096958
v 152.00000000 62.75230026 -10.28396034
v -152.00000000 62.87907028 18.47093964
v -5.96928542 65.49404645 0.40349699
v 152.00000000 63.00584030 -10.24048996
v -152.00000000 63.25938034 18.54540062
v 152.00000000 63.25938034 -10.13749027
v -61.85108372 63.86197755 7.59840369
v 152.00000000 63.51293945 -10.12380981
v -152.00000000 63.76647949 18.65435982
v 152.00000000 63.76647949 -10.15723991
v -152.00000000 64.02001953 18.70343971
v 128.18585843 59.90353007 -9.54989710
v 151.17232194 63.51411678 -10.17938143
v 152.00000000 64.02001953 -10.18972015
v 101.65410903 61.79694869 -7.14060644
v 111.71090975 59.52406651 -7.87224341
v 152.00000000 64.27358246 -10.19624043
v -152.00000000 64.65389252 18.81085968
v 152.00000000 64.78066254 -10.18379974
v -152.00000000 65.03420258 18.89530945
v 142.94622066 64.25563255 -9.77680527
v -152.00000000 65.66806030 19.07942963
v 88.68902901 65.30368079 -6.33883665
v 152.00000000 65.54129028 -10.15359974
v -152.00000000 66.04839325 19.17705917
v -148.89380146 64.60809160 18.40742378
v -115.73582714 67.60623322 14.65669065
v 24.92876182 66.17024466 -2.97429578
v 38.69599409 69.43094026 -3.22025996
v 152.00000000 66.23854065 -10.10696030
v -100.58140918 67.39422953 12.14423816
v -152.00000000 66.55547333 19.29121017
v 152.00000000 66.93579102 -10.05189991
v -152.00000000 67.31610107 19.47573090
v 152.00000000 67.31610107 -10.02050018
v -152.00000000 68.07673645 19.63468933
v -81.82571477 67.97042004 10.09713374
v 152.00000000 68.33027649 -9.97138977
v 94.73654842 68.73011235 -5.97136125
v -152.00000000 68.45706177 19.72304916
v -152.00000000 68.83737183 19.81863976
v 126.50688615 66.65351460 -7.82024617
v 152.00000000 69.85154724 -9.91414738
v -152.00000000 69.47123718 19.97888947
v -152.00000000 69.85154724 20.06582069
v 120.40606249 69.08003108 -7.57225275
v -24.93937302 71.98816846 4.12040904
v -152.00000000 70.48542023 20.19813919
v -144.26541742 70.04914235 18.91606606
v 152.00000000 70.48542023 -9.89478302
v -125.48871698 66.52767163 15.96548209
v -152.00000000 70.86573029 20.28914070
v 67.58701107 76.41635796 -4.94445447
v 152.00000000 70.86573029 -9.87432480
v -152.00000000 71.49958801 20.45998955
v 152.00000000 71.62635803 -9.81294727
v -152.00000000 71.87992096 20.54579926
v -38.26060416 70.18595930 5.85558187
v 152.00000000 72.00669098 -9.77090073
v -152.00000000 72.38700104 20.64735031
v 152.00000000 72.38700104 -9.73353958
v -152.00000000 72.76731873 20.73908043
v -57.85387182 80.78835259 9.75058921
v 142.14068614 73.91385592 -9.18973457
v 152.00000000 72.64054108 -9.69600677
v 150.13005685 70.57722000 -9.91375842
v 152.00000000 72.89408875 -9.68669224
v -152.00000000 73.27439880 20.87318993
v 110.19915851 69.54511328 -7.27809514
v 152.00000000 73.14762878 -9.66211700
v 152.00000000 73.52796173 -9.65842915
v -152.00000000 73.90827179 21.04240036
v 152.00000000 74.03504181 -9.62865543
v -152.00000000 74.16181183 21.10213089
v -8.80702231 78.92665613 3.06569306
v 152.00000000 74.41535950 -9.58644104
v 83.54588739 74.91522718 -4.01901379
v 131.20251690 75.19646794 -8.07637480
v 152.00000000 74.92243958 -9.50582218
v -152.00000000 74.92243958 21.25947952
v 71.39651150 80.00182217 -2.68934163
v 152.00000000 75.17600250 -9.45084000
v -152.00000000 75.68308258 21.44705963
v -146.59063476 73.76980160 20.13921697
v 152.00000000 75.42954254 -9.38284016
v 85.56258640 89.78527254 -3.34212528
v 152.00000000 75.68308258 -9.32369709
v 139.21039731 76.88015475 -8.14044188
v 152.00000000 75.93662262 -9.29419804
v -152.00000000 76.19017029 21.56501961
v 152.00000000 76.19017029 -9.29648304
v 121.95830464 77.86364635 -6.91457559
v 152.00000000 76.44371033 -9.27391148
v -152.00000000 77.01419067 21.74329948
v 57.06216320 81.12102331 -3.20321893
v 152.00000000 76.69725037 -9.22764587
v 152.00000000 77.20435333 -9.17693424
v 103.83154266 70.90995822 -5.83638818
v 152.00000000 77.45789337 -9.17398930
v -152.00000000 77.83821106 21.91271019
v 152.00000000 77.71144104 -9.19645023
v 152.00000000 77.96498108 -9.21807480
v -152.00000000 78.34529114 22.00638008
v -49.05990090 74.21690339 8.00568741
v 152.00000000 78.21852112 -9.25370789
v 31.89698068 75.78912016 -2.62071752
v 152.00000000 78.47206116 -9.36728287
v -152.00000000 78.85238647 22.09734917
v 152.00000000 78.72561646 -9.41869831
v -85.61938368 74.88424080 11.33936337
v 152.00000000 78.97915649 -9.41797733
v -152.00000000 79.23269653 22.17036057
v 5.44913067 75.26132603 0.55896160
v 149.22300655 76.99317014 -9.69571377
v -132.64689209 87.42777856 20.07489437
v 36.57064461 79.82268205 -2.45486444
v 152.00000000 79.80317688 -9.38996220
v -148.48752642 82.73610608 22.31401094
v -152.00000000 80.12010193 22.36021042
v 150.84107137 82.68398664 -9.26337368
v 152.00000000 80.75396729 -9.35345459
v -152.00000000 80.75396729 22.48236084
v 152.00000000 81.13430023 -9.32500458
v -152.00000000 81.26107025 22.56281090
v 21.28165360 82.77257732 -0.21979666
v -152.00000000 81.51461029 22.59898949
v 152.00000000 81.76815033 -9.25120640
v 109.91586295 81.06710232 -5.32973876
v 152.00000000 82.02169800 -9.22188187
v -152.00000000 82.97248840 22.78812027
v 95.66213592 78.95720861 -5.45079978
v 141.81674280 81.70182294 -7.25256923
v 152.00000000 82.90911102 -9.21755314
v 103.41067348 84.04929479 -4.54921157
v 115.29494975 86.39487635 -5.21576402
v 152.00000000 83.54296112 -9.22333241
v -152.00000000 83.66973877 22.88808060
v 152.00000000 84.05004883 -9.18882370
v 152.00000000 84.30358887 -9.15786362
v -152.00000000 84.68392181 23.04838943
v 42.37692650 83.30864128 -2.50233230
v 4.10469374 94.97240375 3.85949986
v 152.00000000 84.81069183 -9.07540607
v -152.00000000 85.19100189 23.12364006
v 152.00000000 85.31777954 -9.03001785
v 152.00000000 85.57131958 -8.98437500
v -83.52743492 90.44563330 13.03941142
v 152.00000000 85.82485962 -8.92294693
v -152.00000000 86.39533997 23.28393936
v 152.00000000 86.33196259 -8.82900333
v -37.71895864 81.63319353 7.49638926
v 152.00000000 86.58550262 -8.76931000
v 152.00000000 86.96581268 -8.70930099
v -152.00000000 87.21936035 23.38632965
v -14.74236094 90.16702009 5.59363307
v 152.00000000 87.34613037 -8.64981937
v -152.00000000 87.72644043 23.45190048
v 152.00000000 87.72644043 -8.61728668
v -48.82172212 87.96648608 9.96449065
v -152.00000000 88.10677338 23.50597954
v 152.00000000 88.36031342 -8.57620335
v -152.00000000 88.61385345 23.58507919
v 26.33314129 88.10621881 0.12795127
v 152.00000000 88.61385345 -8.54256058
v 125.25873608 88.42907337 -6.32385745
v 127.00969312 96.60443662 -5.33066053
v 152.00000000 89.12094116 -8.50896931
v -152.00000000 89.37448120 23.71059036
v 148.71679792 87.22810810 -8.33650618
v 152.00000000 89.69142151 -8.45159626
v -152.00000000 89.75480652 23.77108002
v -147.71469311 91.33535533 23.44183722
v -152.00000000 90.13511658 23.82436943
v -17.19474506 100.49645518 6.89818529
v 34.67688762 88.51676524 -0.83448520
v 152.00000000 90.13511658 -8.39649582
v -98.50392950 79.50591605 13.51142015
v 71.24282949 96.50795415 -2.48207102
v -152.00000000 90.64221191 23.88342094
v 152.00000000 90.64221191 -8.34175205
v -152.00000000 90.89575195 23.92754936
v -152.00000000 91.14929199 23.94407082
v 54.42974388 94.72814673 -2.30444517
v 152.00000000 91.40284729 -8.23907089
v -152.00000000 91.40284729 23.96940994
v -54.88061781 96.81145732 11.32096151
v 144.79915804 92.22644604 -6.79072156
v -152.00000000 91.90992737 24.04211044
v 152.00000000 92.16349030 -8.13148880
v -152.00000000 92.54380035 24.14590073
v 152.00000000 92.41703033 -8.08615494
v 45.09400364 95.65963042 -1.27338852
v 92.64599978 99.36665365 -3.94733452
v 152.00000000 92.67057037 -8.03111744
v -152.00000000 92.92411804 24.20064926
v 152.00000000 93.17765808 -7.97863007
v -152.00000000 93.55796814 24.27758980
v 45.81776902 90.65854924 -2.06186740
v 152.00000000 93.55796814 -7.90420914
v 138.19975905 88.37302832 -6.94536794
v -152.00000000 94.19184113 24.35503006
v -41.14037521 92.18592774 9.37566821
v 90.58997168 88.74141834 -3.48221538
v 152.00000000 94.06507111 -7.84342623
v 152.00000000 94.44538116 -7.79152679
v -152.00000000 94.95246887 24.48114014
v -103.48415568 93.05798114 15.94004653
v 152.00000000 94.69892883 -7.76357603
v 25.08942188 94.81441863 1.32965645
v 61.65223825 89.82941370 -3.54237878
v 149.93594498 94.59805619 -7.33796182
v 152.00000000 95.20600891 -7.73286819
v -152.00000000 95.45957184 24.55190086
v 152.00000000 95.45957184 -7.70861101
v -68.26085128 81.62305558 10.92534030
v -152.00000000 96.09342194 24.61956024
v -125.82785996 101.80044005 20.71353219
v 152.00000000 96.22019196 -7.61477280
v -152.00000000 96.60050964 24.67469978
v 129.20005823 102.03146068 -5.11330634
v 152.00000000 96.47373962 -7.59637403
v 152.00000000 96.85404968 -7.58347702
v -152.00000000 96.98081970 24.73000908
v 31.91009276 97.52325194 0.99338827
v -152.00000000 97.36115265 24.79599953
v 152.00000000 97.36115265 -7.57344818
v -24.46439974 88.75893044 6.90592006
v -152.00000000 97.74146271 24.85709000
v 152.00000000 97.99501038 -7.54667997
v -152.00000000 97.99501038 24.88994980
v 120.27264854 94.05314989 -4.82725635
v 152.00000000 98.24855042 -7.52384615
v -152.00000000 99.00919342 24.99187088
v 152.00000000 98.75563049 -7.45856094
v -148.30044468 99.84062321 24.50892321
v 152.00000000 99.00919342 -7.43147993
v -152.00000000 99.26273346 25.02069092
v 83.89822675 104.06059457 -2.32405446
v 152.00000000 99.26273346 -7.42010880
v 152.00000000 99.76982117 -7.42335510
v -152.00000000 99.89659119 25.10853004
v 59.20899966 100.19177879 -1.99152213
v 152.00000000 100.15010071 -7.40687180
v -152.00000000 100.27690125 25.15760994
v 26.46793941 101.81149282 2.16285871
v 48.07328928 102.06666750 -1.20958828
v 152.00000000 100.65720367 -7.35508013
v -152.00000000 100.78399658 25.21583939
v 144.50288276 104.23948304 -5.95492830
v 106.59142601 96.85646405 -2.96033306
v 152.00000000 101.03749847 -7.30523682
v -152.00000000 101.67140198 25.32839966
v 36.56508565 102.57460265 0.84711933
v 152.00000000 101.92489624 -7.24066496
v 148.49463468 98.45972816 -7.22804052
v -152.00000000 102.30529785 25.40229988
v -149.33654357 103.63510420 25.26875919
v 152.00000000 102.81240082 -7.16164780
v -152.00000000 102.55879974 25.43419075
v -62.94943917 101.18641243 12.43996746
v 115.58244200 105.63909417 -3.58843390
v -83.69820933 110.04131111 14.52645986
v -152.00000000 103.31939697 25.55698013
v 109.98718728 105.14976315 -3.20465369
v 152.00000000 103.44619751 -7.07912111
v -152.00000000 103.82649994 25.62610054
v 152.00000000 103.82649994 -7.01677704
v 152.00000000 104.08010101 -6.99055910
v -152.00000000 104.46040344 25.68601036
v 67.00063569 111.53161300 -1.83213768
v 152.00000000 104.46040344 -6.93051100
v -152.00000000 104.96749878 25.73414993
v 152.00000000 104.84069824 -6.89661407
v 135.79584099 104.45776193 -5.55330425
v 149.48650331 105.59119658 -6.68507508
v 152.00000000 105.22100067 -6.84646606
v -152.00000000 105.47460175 25.79368973
v 30.52836824 107.35941074 2.30706273
v 152.00000000 105.60140228 -6.79453993
v -152.00000000 105.98169708 25.85614014
v 152.00000000 106.10839844 -6.75731707
v -152.00000000 106.61550140 25.91827965
v 10.80955178 107.00049124 4.70714869
v 152.00000000 106.61550140 -6.70542908
v -152.00000000 106.86910248 25.94617081
v -69.29728318 102.81222063 13.15529487
v 152.00000000 106.86910248 -6.67134905
v -152.00000000 107.24939728 26.00266075
v 119.19678319 108.90005769 -3.64943716
v 152.00000000 107.24939728 -6.63016891
v -31.46842135 96.54503868 8.60093657
v -152.00000000 107.62969971 26.06455040
v 140.42278147 105.06604774 -5.23663689
v 152.00000000 107.75650024 -6.57368803
v -152.00000000 108.01000214 26.11691093
v -146.29268526 113.04244962 25.04749002
v 43.17584907 109.21147587 0.54290402
v 51.25328767 107.67491704 -1.57179665
v 152.00000000 108.64389801 -6.48996401
v -152.00000000 108.51709747 26.17926025
v -150.02073476 109.03761295 25.71789302
v -152.00000000 109.02420044 26.24056053
v -117.98694096 124.15898722 20.87846232
v -41.34180399 114.54743423 11.30185247
v 93.16814937 110.90969302 -2.18112592
v 152.00000000 109.15100098 -6.41554594
v -152.00000000 109.65809631 26.32810020
v -26.05302620 119.68542342 10.06531433
v 152.00000000 109.40450287 -6.38532591
v -152.00000000 109.91159821 26.36334038
v 152.00000000 109.91159821 -6.34489393
v -152.00000000 110.29190063 26.40564919
v -21.58761509 106.38132830 8.28447082
v -11.30592794 118.98578654 7.86935326
v 152.00000000 110.54550171 -6.27303696
v -152.00000000 110.67220306 26.43670082
v 152.00000000 111.17929840 -6.21745682
v -152.00000000 111.17929840 26.46623993
v 5.47764967 110.43143800 5.55556927
v 24.57038227 111.39574014 3.66813745
v 59.59363804 110.62036293 -2.07382490
v 152.00000000 112.06670380 -6.17281008
v -152.00000000 112.32029724 26.53099060
v 36.01571095 112.44403191 1.87078457
v -152.00000000 112.82740021 26.56660080
v -150.93885694 115.49498307 26.54837712
v 40.99441083 113.47194291 1.40720724
v 80.20823306 113.65163648 -1.76231702
v 152.00000000 112.95410156 -6.13321304
v -75.74376017 105.09598266 13.56800999
v 149.79280305 111.95642394 -6.04915341
v -152.00000000 113.33439636 26.61239052
v 26.53374555 116.18139469 3.91680090
v 152.00000000 113.46119690 -6.09884977
v 152.00000000 113.96829987 -6.05150986
v -152.00000000 114.34860229 26.72550964
v 152.00000000 114.47540283 -6.03033781
v -152.00000000 115.36280060 26.83365059
v 54.44407751 119.62301445 -0.56036114
v 152.00000000 115.23609924 -5.97661209
v -152.00000000 115.74310303 26.87232971
v -99.94040107 117.75479435 17.10385367
v -5.12534057 100.21295489 5.71020803
v 16.80398013 126.36844080 5.56321310
v 152.00000000 115.86990356 -5.91633177
v -152.00000000 115.99669647 26.88948059
v 146.99187356 116.11809996 -5.17433892
v -152.00000000 116.25019836 26.89405060
v 152.00000000 116.37699890 -5.85137606
v -152.00000000 116.50379944 26.89076996
v 39.64839407 115.67216843 0.19624720
v 46.13022793 115.44033721 -0.65145203
v 34.73671545 117.49171807 2.52975318
v 152.00000000 116.75730133 -5.80321503
v -152.00000000 117.13760376 26.85663986
v 101.01416565 119.57272547 -1.38882860
v 31.16700544 120.43239123 3.41144117
v 106.68557897 119.17635091 -1.58512163
v 152.00000000 117.26439667 -5.77248812
v -152.00000000 117.64469910 26.82497025
v 152.00000000 117.64469910 -5.73182297
v -152.00000000 118.02500153 26.80149078
v 58.46058134 121.70625272 -0.40301584
v 152.00000000 118.27860260 -5.64648390
v -152.00000000 118.40529633 26.78796959
v 117.78090604 120.83757580 -2.44598408
v 152.00000000 118.72229767 -5.57439423
v -152.00000000 119.03919983 26.78821945
v 125.03375575 122.41583678 -3.83936507
v 139.64082100 122.46006968 -4.29035489
v -152.00000000 119.29280090 26.79254913
v 152.00000000 119.29280090 -5.47369003
v 152.00000000 119.79979706 -5.35333586
v -152.00000000 120.24349976 26.80661011
v 36.68365809 122.39056399 2.13972867
v 134.09413858 117.52735361 -3.85725376
v 152.00000000 120.05339813 -5.30412292
v -15.21751464 124.13095636 9.04109049
v 69.02342433 118.14149504 -1.05339221
v 152.00000000 120.43370056 -5.24944687
v 150.31674092 120.21629970 -5.28938455
v -152.00000000 120.94080353 26.82578087
v -32.13416073 118.26900609 10.65759179
v 152.00000000 121.06759644 -5.15000486
v -47.63613222 118.51385395 12.30488323
v 131.71258505 127.75903785 -3.01976787
v 152.00000000 121.32109833 -5.11333513
v 152.00000000 121.70140076 -5.08004379
v -152.00000000 121.82820129 26.84971046
v -71.42034757 131.03304795 14.44556486
v 7.83343108 126.93679056 6.69145735
v -55.26600458 109.07246119 12.17179950
v 152.00000000 122.08180237 -5.05541182
v -152.00000000 122.46209717 26.88256073
v 49.01429764 120.45056183 0.03826001
v 152.00000000 122.46209717 -5.03272200
v -152.00000000 122.96920013 26.90914917
v -18.20203922 135.41093007 9.64719000
v 87.31082852 117.28967412 -1.73021289
v 152.00000000 122.96920013 -4.97646713
v -149.56193942 118.27974675 26.16276002
v -152.00000000 123.47619629 26.93391991
v 27.46640324 126.55107627 4.71354781
v 91.83829968 127.09783590 -0.84120741
v 152.00000000 123.34950256 -4.93426514
v 152.00000000 123.85659790 -4.88287687
v -152.00000000 123.85659790 26.95821953
v 63.82338520 129.66513403 0.77801838
v 152.00000000 124.23690033 -4.86629105
v -152.00000000 124.61720276 27.01938057
v -135.33949743 127.79482578 24.58026056
v 35.31191065 124.61078900 2.59541176
v 152.00000000 125.12429810 -4.86052704
v -152.00000000 124.99749756 27.04575920
v -152.00000000 125.50460052 27.07032013
v 58.61857810 127.84646740 1.20779268
v 152.00000000 125.75820160 -4.83414793
v -152.00000000 126.01170349 27.07452011
v 120.49386539 129.73807472 -1.55554837
v 152.00000000 126.26519775 -4.80292082
v -152.00000000 126.51879883 27.05574036
v -150.78722253 126.34521960 26.68255854
v 152.00000000 126.64550018 -4.77644014
v -152.00000000 127.02590179 27.03393936
v 74.20318137 122.92607306 -0.97762131
v 152.00000000 127.27940369 -4.72460604
v -152.00000000 127.53299713 27.03001022
v 152.00000000 127.65969849 -4.71094894
v -152.00000000 128.03999329 27.03140068
v 152.00000000 127.91329956 -4.71402407
v -87.97536572 129.46022543 16.15540312
v 144.37792963 133.54905752 -3.42434880
v 152.00000000 128.16679382 -4.71762800
v -152.00000000 128.54710388 27.03494072
v 45.10463636 129.35649943 1.10516929
v 149.86686608 126.80026695 -4.51493398
v 152.00000000 128.67390442 -4.69933701
v -152.00000000 129.05419922 27.04973030
v 152.00000000 129.05419922 -4.71549606
v 79.91115918 126.71148372 -0.93516394
v -152.00000000 129.56129456 27.06126976
v 24.84810336 128.65146322 5.02726695
v 152.00000000 129.43449402 -4.73457003
v -150.86491619 131.19355908 26.79303381
v 152.00000000 129.68809509 -4.72245789
v -152.00000000 129.94160461 27.05779076
v 152.00000000 130.44869995 -4.65324020
v -152.00000000 130.44869995 27.03474998
v -152.00000000 130.95579529 27.00812912
v 152.00000000 130.70230103 -4.61984301
v 152.00000000 131.20930481 -4.52143908
v -152.00000000 131.20930481 27.00369072
v -152.00000000 131.46290588 27.00624084
v 152.00000000 131.46290588 -4.50885391
v 33.12782425 131.43795778 3.89648983
v 152.00000000 132.22349548 -4.48000288
v 83.84524245 128.37333662 -0.61726927
v -152.00000000 132.85740662 27.07579041
v 39.06177104 128.29008549 2.26380271
v 152.00000000 132.60380554 -4.43967819
v 152.00000000 133.11090088 -4.39087677
v -152.00000000 133.36450195 27.10965919
v 150.71087689 131.56305811 -4.52456008
v 98.16190719 135.00139061 -0.01281981
v 152.00000000 133.49119568 -4.36106920
v -152.00000000 133.87159729 27.14089012
v 134.24811343 137.78401268 -2.15365416
v 71.33098457 133.84879051 0.59062949
v 152.00000000 134.12510681 -4.29688978
v -152.00000000 134.25190735 27.15792084
v 64.35315013 135.51719260 1.41284924
v 152.00000000 134.50540161 -4.26065779
v -152.00000000 135.26600647 27.19532013
v 55.16030888 136.22086024 2.55378052
v -151.19168028 136.54843306 27.16730971
v 127.23617175 140.03505195 -2.43493798
v 22.81986639 134.27341821 5.37429318
v 152.00000000 135.26600647 -4.22423220
v -52.80014390 128.37001688 13.19804091
v 88.17460872 135.28669388 -0.63862131
v 152.00000000 135.64639282 -4.20009613
v -152.00000000 135.89990234 27.23884010
v -27.44201803 133.68009542 10.86811988
v 122.86488301 131.76233821 -2.61494917
v -36.18613499 135.99211308 11.81517638
v 90.38668751 142.33398585 0.04264445
v 152.00000000 136.02670288 -4.15778685
v -152.00000000 136.72390747 27.29426956
v 152.00000000 136.53379822 -4.11734390
v 152.00000000 136.78729248 -4.08980179
v -3.13539659 128.28231360 7.71805452
v 51.79288811 133.02123938 1.58102351
v 152.00000000 137.04089355 -4.04773712
v -152.00000000 137.42120361 27.33585930
v 152.00000000 137.29440308 -3.97186303
v 84.20012265 138.55537587 0.67347821
v 122.95274255 140.04583210 -1.36343261
v 152.00000000 137.54800415 -3.87659788
v -152.00000000 138.18179321 27.37112045
v 74.01799646 135.79395309 0.55448645
v 110.97083180 128.57245236 -1.29750224
v 148.78916394 135.95216822 -4.28189021
v 152.00000000 137.80149841 -3.76005912
v 152.00000000 138.05499268 -3.67904305
v 152.00000000 138.30859375 -3.65595603
v 151.19644978 138.80817883 -3.11243430
v 152.00000000 138.56210327 -3.64553094
v -152.00000000 138.94250488 27.40722084
v 152.00000000 138.81570435 -3.62173104
v 152.00000000 139.32279968 -3.52558899
v -152.00000000 139.44960022 27.44692039
v -150.72374017 140.81623988 27.29997087
v -40.23956737 139.08326312 11.93428666
v 56.11545958 140.66190931 2.24053039
v 23.90228496 140.53309927 5.60155826
v 48.15243102 142.24864590 3.23615325
v 152.00000000 139.70309448 -3.48239493
v -152.00000000 139.95660400 27.49564934
v 152.00000000 140.08340454 -3.43177009
v -152.00000000 140.33689880 27.52843094
v -115.65271378 146.50539317 21.49093725
v 152.00000000 140.59049988 -3.38321304
v -152.00000000 140.97079468 27.54973030
v 138.92739918 138.58493766 -3.38377528
v 139.34853738 144.06311314 -1.95699084
v 152.00000000 140.84410095 -3.35110497
v 28.68991068 139.76309164 4.32595867
v 98.79809132 144.34284575 -0.08758859
v 144.15692625 143.87719792 -3.41139508
v 152.00000000 141.22439575 -3.33726096
v -152.00000000 141.47790527 27.56752014
v 152.00000000 141.60470581 -3.31612802
v -152.00000000 141.98500061 27.59753036
v 40.40174864 137.04745276 2.01935019
v 86.50602205 147.78615782 0.99550886
v 152.00000000 141.98500061 -3.32158303
v -105.50698396 147.08874588 19.58806353
v 152.00000000 142.36529541 -3.31071901
v 111.81436100 142.90490506 -0.86969934
v -152.00000000 142.99920654 27.67478943
v 149.92236436 141.76612899 -2.24425644
v 152.00000000 143.12590027 -3.36415100
v -148.52255320 143.36523501 27.04080711
v 43.26001443 138.17426334 1.52496299
v -152.00000000 143.50630188 27.70574951
v -120.24290018 146.74414334 22.31701038
v 152.00000000 143.50630188 -3.38851905
v -25.38817859 148.50805175 10.38888988
v -152.00000000 144.01339722 27.73303986
v 60.34636445 143.61163438 2.99460464
v 152.00000000 143.88659668 -3.39659500
v -111.91996035 147.80009792 20.89581130
v -45.47616084 149.04262088 12.56454519
v 152.00000000 144.14010620 -3.41024399
v -152.00000000 144.52040100 27.75713921
v -59.87655490 133.95717123 13.63758365
v 46.01901913 147.63767431 3.41989890
v 152.00000000 144.90080261 -3.50450897
v -152.00000000 145.53460693 27.79080009
v 47.43214281 149.19810955 3.74637642
v 35.91164075 144.24706167 3.02412441
v 70.77837531 144.20648782 2.33008675
v 152.00000000 145.15429688 -3.52357888
v 78.53198844 141.68685079 0.82219682
v 152.00000000 145.66140747 -3.55664110
v -152.00000000 146.04170227 27.81378937
v -42.25694386 147.22437372 12.17266557
v 64.54619548 145.66785575 2.77877406
v -38.15439627 148.77931783 11.93723783
v -4.25550097 148.37519420 8.53430553
v 79.50581662 148.04466836 1.36497596
v 152.00000000 146.29530334 -3.57416511
v -152.00000000 146.42199707 27.82935905
v -102.72148388 150.03370353 19.14891168
v -75.10602831 147.33493383 15.55938434
v -30.65259083 150.32941048 11.18789608
v 38.51897104 147.21764905 3.30001760
v 152.00000000 146.67559814 -3.58551407
v 51.40926743 148.38286894 3.37710272
v 136.17447123 149.36679540 -2.33421431
v 152.00000000 147.18260193 -3.61459303
v -60.07573900 148.63304512 13.63780904
v -8.55499974 148.71057776 8.44472157
v -152.00000000 148.07009888 27.87549019
v -138.59924352 147.88183556 25.70254862
v 12.05755493 148.70852937 7.30043130
v 73.94119024 145.06631799 1.61410728
v 152.00000000 147.56300354 -3.62481308
v 130.61265369 149.08800739 -1.44732117
v -150.16663350 150.11712323 27.73413979
v -144.15115218 147.15739506 26.44571563
v -133.49678050 149.16154318 24.91892106
v 152.00000000 147.94329834 -3.64297509
v 16.09649892 148.13765834 6.64477349
v 20.91452598 146.81356811 5.58650996
v 33.06374505 148.15099633 3.40180121
v -152.00000000 148.57710266 27.88896942
v -100.09005974 145.69510667 18.51867289
v -0.72288683 148.54096601 8.06319219
v 1.43694479 147.32822690 7.62989891
v 152.00000000 148.57710266 -3.64435196
v 29.60624000 149.12293664 4.03223298
v 62.41875920 150.27615183 3.19971046
v 69.07408988 148.83662938 2.55027264
v 82.92311900 148.64281086 1.69859419
v -152.00000000 149.27439880 27.91835022
v -14.25545399 149.58589937 9.18991981
v 152.00000000 149.33779907 -3.62304306
v 66.72270455 150.11514866 3.24501886
v 111.84332294 149.47798392 -0.74683176
v 142.73396788 150.87836296 -1.64682248
v 59.11470740 150.31998121 3.85029515
v 150.39845384 150.80943420 -3.41932797
v -21.10115499 149.48318036 9.86375018
v 106.96546083 148.75755465 -0.45151700
v 119.88037054 150.38087212 -1.10432249
v 147.58789906 147.09872928 -1.89606203
v -152.00000000 150.22520447 27.96541977
v -147.14615047 149.62026643 27.26161761
v -84.32520001 148.15212848 16.51075336
v -50.76086900 148.74581008 13.07682833
v 102.99833656 149.01389856 -0.20050838
v 152.00000000 150.22520447 -3.60340500
v -53.58378326 149.67368104 13.53202652
v 87.82398392 148.56578707 0.83952457
v -152.00000000 150.60549927 27.99596024
v -93.04406318 149.63853757 17.76094576
v -66.01028435 148.94562233 14.42635847
v 42.61637316 149.13890516 3.38524599
v 70.50971939 149.98545437 2.50958682
v 76.54189824 149.06856950 1.95931540
v 152.00000000 150.85910034 -3.57754493
v 96.56786570 149.41918587 0.47145715
v -33.78251564 150.78168552 11.54928512
v 6.13520568 148.29902959 7.46854156
v 66.23736619 148.64327150 2.89461635
v 73.55410610 151.05466372 2.16801889
v 98.99522493 148.55578635 0.24621444
v 128.31208700 150.90131248 -1.24708118
v -152.00000000 151.36610413 28.07011032
v -131.29311975 147.85923742 24.41876365
v -68.50057167 150.49128320 14.85367643
v 36.48505214 148.76252746 3.83816774
v 123.68794495 149.01263930 -1.09521069
v -126.37334667 149.05208792 23.60081753
v 24.35290492 149.00903790 4.32349085
v 26.85093993 151.50399283 4.58223155
v 29.58120908 150.36661181 3.74318238
v 53.07548639 150.08893242 3.72661713
v 140.58257316 150.86305363 -2.50876607
v 152.00000000 151.61970520 -3.54684401
v -152.00000000 151.74650574 28.09782028
v 56.66860773 150.47312947 3.83151393
v 92.26602865 150.61060005 1.07557905
v -152.00000000 152.00000000 28.11054039
v -151.61970520 152.00000000 28.04751015
v -150.98579407 152.00000000 27.94569016
v -150.73229980 152.00000000 27.90958023
v -150.47869873 152.00000000 27.87414932
v -150.22520447 152.00000000 27.83935928
v -149.97160339 152.00000000 27.80483055
v -149.71809387 152.00000000 27.76918983
v -149.46449280 152.00000000 27.73056984
v -148.95750427 152.00000000 27.64922905
v -148.70390320 152.00000000 27.61442947
v -148.19679260 152.00000000 27.55788994
v -147.94329834 152.00000000 27.51898956
v -147.68969727 152.00000000 27.45191002
v -147.43620300 152.00000000 27.37301064
v -147.18260193 152.00000000 27.28638077
v -146.92909241 152.00000000 27.22228050
v -146.67559814 152.00000000 27.16663933
v -146.29519653 152.00000000 27.09861946
v -145.78819275 152.00000000 26.99541092
v -145.40780640 152.00000000 26.92284966
v -145.15429688 152.00000000 26.88368034
v -144.52040100 152.00000000 26.79862022
v -143.88659668 152.00000000 26.68886948
v -143.63299561 152.00000000 26.64849091
v -143.37950134 152.00000000 26.61484909
v -142.74560547 152.00000000 26.54117012
v -142.11180115 152.00000000 26.45502090
v -141.66810608 152.00000000 26.38628006
v -140.46369934 152.00000000 26.18412971
v -139.82989502 152.00000000 26.08756065
v -139.44949341 152.00000000 26.02446938
v -138.81570435 152.00000000 25.90521049
v -138.43539429 152.00000000 25.84248924
v -137.92829895 152.00000000 25.76475906
v -137.42120361 152.00000000 25.66926956
v -136.91409302 152.00000000 25.57250023
v -136.28019714 152.00000000 25.47406006
v -136.02670288 152.00000000 25.42650986
v -135.26600647 152.00000000 25.26074982
v -134.63220215 152.00000000 25.13414955
v -134.06170654 152.00000000 25.03230095
v -132.85740662 152.00000000 24.83160019
v -132.22349548 152.00000000 24.72163963
v -131.97000122 152.00000000 24.68596077
v -131.46290588 152.00000000 24.62705994
v -131.20930481 152.00000000 24.58879089
v -130.95579529 152.00000000 24.54071045
v -130.44869995 152.00000000 24.42194939
v -130.19520569 152.00000000 24.37266922
v -129.94160461 152.00000000 24.33404922
v -129.30780029 152.00000000 24.24813080
v -128.92739868 152.00000000 24.18943024
v -128.54710388 152.00000000 24.12034988
v -127.91329956 152.00000000 23.99249077
v -127.15260315 152.00000000 23.87084007
v -126.89910126 152.00000000 23.81245041
v -126.64550018 152.00000000 23.74669075
v -125.88490295 152.00000000 23.52503014
v -125.63140106 152.00000000 23.45694923
v -125.37779999 152.00000000 23.39933968
v -125.12429810 152.00000000 23.35133934
v -124.61720276 152.00000000 23.27739906
v -124.36360168 152.00000000 23.23708916
v -123.98329926 152.00000000 23.16581917
v -123.34950256 152.00000000 23.03521919
v -122.84239960 152.00000000 22.93816948
v -122.46209717 152.00000000 22.88898087
v -122.08170319 152.00000000 22.84395981
v -121.70140076 152.00000000 22.76659966
v -121.32109833 152.00000000 22.67485046
v -120.94080353 152.00000000 22.60276985
v -120.30690002 152.00000000 22.50727081
v -119.92659760 152.00000000 22.44239044
v -118.78569794 152.00000000 22.22752953
v -118.40529633 152.00000000 22.16834068
v -118.02500153 152.00000000 22.11511993
v -117.51789856 152.00000000 22.02318001
v -117.13760376 152.00000000 21.93359947
v -116.63050079 152.00000000 21.82254028
v -116.12339783 152.00000000 21.72520065
v -115.48960114 152.00000000 21.62191963
v -115.10929871 152.00000000 21.55640030
v -114.09510040 152.00000000 21.36692047
v -113.71479797 152.00000000 21.30240059
v -112.95410156 152.00000000 21.21014977
v -112.57379913 152.00000000 21.13755035
v -112.19349670 152.00000000 21.04797935
v -111.94000244 152.00000000 20.99707031
v -111.68640137 152.00000000 20.95430946
v -111.17929840 152.00000000 20.88664055
v -110.79900360 152.00000000 20.81957054
v -110.29190063 152.00000000 20.70846939
v -109.65809631 152.00000000 20.56138039
v -109.27770233 152.00000000 20.48811913
v -108.64389801 152.00000000 20.39002991
v -108.26360321 152.00000000 20.31690979
v -107.75650024 152.00000000 20.20591927
v -107.12259674 152.00000000 20.06254005
v -106.74230194 152.00000000 19.99432945
v -106.23519897 152.00000000 19.91390991
v -105.85489655 152.00000000 19.84626007
v -105.47460175 152.00000000 19.76943970
v -104.96749878 152.00000000 19.66954041
v -103.82649994 152.00000000 19.46781921
v -103.57299805 152.00000000 19.41651917
v -103.19270325 152.00000000 19.32585907
v -102.81240082 152.00000000 19.23530006
v -102.55879974 152.00000000 19.19092941
v -102.05169678 152.00000000 19.12656975
v -101.67140198 152.00000000 19.07113075
v -100.78399658 152.00000000 18.92127037
v -100.27690125 152.00000000 18.83464050
v -99.76981354 152.00000000 18.75719070
v -99.38948822 152.00000000 18.70904922
v -98.75563049 152.00000000 18.64337921
v -98.24854279 152.00000000 18.57146072
v -97.86823273 152.00000000 18.50358009
v -97.48789978 152.00000000 18.44191933
v -96.34696198 152.00000000 18.28364944
v -95.33277893 152.00000000 18.14632034
v -94.95246124 152.00000000 18.08856010
v -94.57215118 152.00000000 18.02606010
v -94.06504822 152.00000000 17.94680977
v -93.68473816 152.00000000 17.89303970
v -93.17765045 152.00000000 17.83749962
v -92.79734039 152.00000000 17.80232048
v -92.16346741 152.00000000 17.74167061
v -91.78314972 152.00000000 17.69111061
v -91.14929199 152.00000000 17.58880043
v -90.76896667 152.00000000 17.53874016
v -90.26188660 152.00000000 17.48015022
v -89.75479126 152.00000000 17.40695953
v -89.24771118 152.00000000 17.33090973
v -88.61385345 152.00000000 17.25388908
v -87.85321045 152.00000000 17.18475914
v -87.47290039 152.00000000 17.12737083
v -87.09258270 152.00000000 17.06126022
v -86.71225739 152.00000000 17.00956917
v -86.20516968 152.00000000 16.95722961
v -85.57131195 152.00000000 16.89517021
v -85.31777191 152.00000000 16.86543083
v -84.93744659 152.00000000 16.81045914
v -84.43035889 152.00000000 16.73032951
v -84.05004120 152.00000000 16.67856979
v -83.66973114 152.00000000 16.64088058
v -83.03585815 152.00000000 16.59300041
v -82.65554047 152.00000000 16.55649948
v -82.14846039 152.00000000 16.48155022
v -81.76814270 152.00000000 16.42291069
v -81.38781738 152.00000000 16.37380981
v -80.37364197 152.00000000 16.26897049
v -79.99333191 152.00000000 16.22595024
v -79.48623657 152.00000000 16.16156960
v -79.10591888 152.00000000 16.12220955
v -78.72560120 152.00000000 16.09132004
v -77.96497345 152.00000000 16.04446030
v -77.45787811 152.00000000 16.00909996
v -76.44371033 152.00000000 15.92568016
v -76.19016266 152.00000000 15.90060043
v -75.93662262 152.00000000 15.86845016
v -75.17597961 152.00000000 15.74882984
v -74.79566193 152.00000000 15.71068001
v -74.28858185 152.00000000 15.65989971
v -73.90825653 152.00000000 15.60116005
v -73.14762115 152.00000000 15.46028042
v -72.89408112 152.00000000 15.41816044
v -72.51376343 152.00000000 15.38204002
v -72.00666809 152.00000000 15.35270977
v -71.62635040 152.00000000 15.31527042
v -71.11927032 152.00000000 15.23449039
v -70.73895264 152.00000000 15.17899990
v -69.72476959 152.00000000 15.05653000
v -69.21768188 152.00000000 14.99205017
v -68.45704651 152.00000000 14.88298988
v -67.75980377 152.00000000 14.80204010
v -67.06255341 152.00000000 14.72169971
v -66.68224335 152.00000000 14.65843964
v -66.04837036 152.00000000 14.53948021
v -65.79483032 152.00000000 14.50452995
v -65.16097260 152.00000000 14.43867970
v -64.78064728 152.00000000 14.39159012
v -64.27355957 152.00000000 14.31867027
v -63.89324188 152.00000000 14.26439953
v -62.75228882 152.00000000 14.09640026
v -62.37197113 152.00000000 14.04950047
v -61.00917053 152.00000000 13.90332985
v -60.21683884 152.00000000 13.81698036
v -59.83652115 152.00000000 13.76183033
v -59.32944107 152.00000000 13.68420029
v -58.94911957 152.00000000 13.63280964
v -58.56880188 152.00000000 13.59074020
v -58.06171036 152.00000000 13.54485989
v -57.42786026 152.00000000 13.50745010
v -57.04753876 152.00000000 13.50160027
v -56.47705841 152.00000000 13.51099968
v -55.27273178 152.00000000 13.55939960
v -54.63885880 152.00000000 13.58936024
v -54.38531113 152.00000000 13.59165955
v -54.13177109 152.00000000 13.56414986
v -53.87823105 152.00000000 13.52581978
v -53.62469101 152.00000000 13.47663975
v -53.11759186 152.00000000 13.42739964
v -52.73727036 152.00000000 13.40116024
v -52.35696030 152.00000000 13.35517025
v -51.72309875 152.00000000 13.26045990
v -51.08924103 152.00000000 13.18912029
v -50.83568954 152.00000000 13.15258026
v -50.58214188 152.00000000 13.10711002
v -49.82152176 152.00000000 12.95670986
v -49.31441879 152.00000000 12.87656975
v -49.06087875 152.00000000 12.84535980
v -48.55379105 152.00000000 12.78936005
v -48.30025101 152.00000000 12.75034046
v -47.79315948 152.00000000 12.66090012
v -47.53961182 152.00000000 12.62460995
v -47.03252029 152.00000000 12.57182026
v -46.65221024 152.00000000 12.55006027
v -46.14511871 152.00000000 12.53775024
v -45.76480103 152.00000000 12.54362011
v -45.13093185 152.00000000 12.56536961
v -44.75062180 152.00000000 12.56447029
v -44.49708176 152.00000000 12.55136967
v -44.24353027 152.00000000 12.52847004
v -43.98999023 152.00000000 12.49783039
v -43.48289871 152.00000000 12.42006016
v -43.22935104 152.00000000 12.39118004
v -42.46871948 152.00000000 12.32260036
v -41.96163177 152.00000000 12.26288986
v -41.70808029 152.00000000 12.22527027
v -41.20100021 152.00000000 12.13903999
v -40.94746017 152.00000000 12.10344982
v -40.56713867 152.00000000 12.07382965
v -40.06003952 152.00000000 12.04973984
v -39.42618179 152.00000000 12.01140022
v -39.04587173 152.00000000 11.96642971
v -38.53878021 152.00000000 11.89453030
v -38.03168869 152.00000000 11.84570980
v -37.52460098 152.00000000 11.81945992
v -36.89073944 152.00000000 11.79284000
v -36.51042175 152.00000000 11.76698971
v -36.00333023 152.00000000 11.72290993
v -35.36946869 152.00000000 11.66784954
v -34.98915100 152.00000000 11.62790966
v -34.22851944 152.00000000 11.53376961
v -33.72143173 152.00000000 11.47702026
v -33.21434021 152.00000000 11.41524029
v -32.83401871 152.00000000 11.36635017
v -32.58047867 152.00000000 11.34724045
v -32.32693100 152.00000000 11.33734035
v -31.81985092 152.00000000 11.33648014
v -31.56629944 152.00000000 11.33170986
v -31.31275940 152.00000000 11.32279015
v -31.05920982 152.00000000 11.30974960
v -30.80566025 152.00000000 11.29323006
v -30.42535019 152.00000000 11.25333023
v -29.91826057 152.00000000 11.16954041
v -29.28440094 152.00000000 11.03178024
v -29.03084946 152.00000000 10.98954964
v -28.65053940 152.00000000 10.94159031
v -28.14344978 152.00000000 10.87427044
v -27.63636017 152.00000000 10.79705048
v -26.87573051 152.00000000 10.67057037
v -26.24187088 152.00000000 10.57931042
v -25.98831940 152.00000000 10.53740025
v -25.60799980 152.00000000 10.45534039
v -25.10091019 152.00000000 10.33273029
v -24.59383011 152.00000000 10.22072029
v -23.95996094 152.00000000 10.09727955
v -23.57965088 152.00000000 10.03423977
v -23.07255936 152.00000000 9.96303558
v -22.43869019 152.00000000 9.90407753
v -22.05838013 152.00000000 9.88738728
v -21.55129051 152.00000000 9.87644958
v -20.91741943 152.00000000 9.86398602
v -20.66387939 152.00000000 9.84782124
v -20.41033936 152.00000000 9.82746696
v -19.39616013 152.00000000 9.72875977
v -19.01584053 152.00000000 9.68026447
v -18.63553047 152.00000000 9.62585545
v -18.12842941 152.00000000 9.55830765
v -17.74811935 152.00000000 9.51893711
v -17.24102974 152.00000000 9.48466873
v -16.10008049 152.00000000 9.45427036
v -15.59298992 152.00000000 9.42462826
v -15.33944988 152.00000000 9.39855385
v -14.95911980 152.00000000 9.33853626
v -14.32526970 152.00000000 9.20351601
v -13.94495010 152.00000000 9.16794395
v -13.56464005 152.00000000 9.14999390
v -13.31107998 152.00000000 9.11077881
v -13.05753994 152.00000000 9.05951214
v -12.80399990 152.00000000 8.99541855
v -12.55045986 152.00000000 8.94437504
v -12.29691029 152.00000000 8.90534592
v -11.66306019 152.00000000 8.84311104
v -11.02919006 152.00000000 8.77793884
v -10.64885998 152.00000000 8.74847794
v -10.14177990 152.00000000 8.72142124
v -9.12761021 152.00000000 8.66367245
v -8.62051392 152.00000000 8.62703037
v -8.11341858 152.00000000 8.60091305
v -7.73310804 152.00000000 8.59348679
v -7.35278320 152.00000000 8.61355400
v -6.97247314 152.00000000 8.64685726
v -6.71893311 152.00000000 8.66150856
v -6.46537781 152.00000000 8.66307735
v -6.21183777 152.00000000 8.65349770
v -5.95829821 152.00000000 8.62628841
v -5.70474195 152.00000000 8.58142662
v -5.19766188 152.00000000 8.47415161
v -4.94412184 152.00000000 8.44944572
v -4.69056702 152.00000000 8.44561577
v -3.92993212 152.00000000 8.52410698
v -3.67639208 152.00000000 8.54700279
v -3.42285204 152.00000000 8.55643940
v -3.16929603 152.00000000 8.54818821
v -2.91575599 152.00000000 8.51441383
v -2.53544593 152.00000000 8.43657303
v -1.90158105 152.00000000 8.26721764
v -1.64804101 152.00000000 8.22021103
v -1.39448500 152.00000000 8.19841766
v -0.88740540 152.00000000 8.18467617
v -0.38031009 152.00000000 8.14026928
v -0.12677000 152.00000000 8.10307503
v 0.63386542 152.00000000 7.94240808
v 0.88740540 152.00000000 7.91228485
v 1.14096105 152.00000000 7.89300919
v 1.39450097 152.00000000 7.88795710
v 1.64804101 152.00000000 7.86143112
v 1.90159595 152.00000000 7.82101583
v 2.40867591 152.00000000 7.70603180
v 2.66221595 152.00000000 7.65850115
v 2.91577101 152.00000000 7.62709999
v 3.16931200 152.00000000 7.61015701
v 3.42285204 152.00000000 7.60614204
v 3.80317712 152.00000000 7.62359810
v 4.18348694 152.00000000 7.63942099
v 4.56381178 152.00000000 7.62890577
v 5.07089186 152.00000000 7.58562994
v 5.57798815 152.00000000 7.51221704
v 6.08508301 152.00000000 7.42066193
v 6.46539307 152.00000000 7.34455299
v 7.22602797 152.00000000 7.15725899
v 7.47956800 152.00000000 7.11825418
v 7.73310804 152.00000000 7.09836006
v 7.98666382 152.00000000 7.09957504
v 8.62053013 152.00000000 7.13830614
v 9.12761021 152.00000000 7.16639900
v 9.63470459 152.00000000 7.16600180
v 10.52210999 152.00000000 7.15411806
v 10.77565002 152.00000000 7.14370298
v 11.02919006 152.00000000 7.11667109
v 11.66306019 152.00000000 7.01747513
v 12.17014980 152.00000000 6.96334791
v 12.67722988 152.00000000 6.92310095
v 13.05755997 152.00000000 6.88545179
v 13.31110001 152.00000000 6.82577276
v 13.56464005 152.00000000 6.73440218
v 14.07172966 152.00000000 6.50267792
v 14.32526970 152.00000000 6.39399004
v 14.57882977 152.00000000 6.29465103
v 14.95913982 152.00000000 6.17213106
v 15.33946037 152.00000000 6.07233000
v 15.71977043 152.00000000 5.99960709
v 16.10008049 152.00000000 5.93274307
v 16.35363960 152.00000000 5.88868093
v 16.60717964 152.00000000 5.83577681
v 16.86071968 152.00000000 5.77121687
v 17.49457932 152.00000000 5.58561277
v 18.00168037 152.00000000 5.46874809
v 18.50876045 152.00000000 5.35767412
v 19.01585007 152.00000000 5.24674416
v 19.39616013 152.00000000 5.18343210
v 20.15679932 152.00000000 5.09635687
v 20.41036034 152.00000000 5.07803202
v 20.66390038 152.00000000 5.06292677
v 20.91744041 152.00000000 5.04589796
v 21.17098045 152.00000000 5.01437187
v 21.42453003 152.00000000 5.02117920
v 21.67807007 152.00000000 4.97189903
v 22.18516922 152.00000000 4.96442795
v 22.43870926 152.00000000 4.94809103
v 22.69224930 152.00000000 4.91236877
v 23.19934082 152.00000000 4.83325005
v 23.45288086 152.00000000 4.80849600
v 24.08675003 152.00000000 4.76310301
v 24.46706009 152.00000000 4.73808479
v 24.72060966 152.00000000 4.73744202
v 24.97414970 152.00000000 4.77135086
v 25.22768974 152.00000000 4.81007385
v 25.48125076 152.00000000 4.75672293
v 25.73479080 152.00000000 4.76268005
v 25.98833084 152.00000000 4.74709702
v 26.24187088 152.00000000 4.73513222
v 26.49542046 152.00000000 4.61480904
v 26.74896049 152.00000000 4.40264893
v 27.00250053 152.00000000 4.28462982
v 27.25605965 152.00000000 4.18342018
v 27.50959969 152.00000000 4.10061789
v 27.76313972 152.00000000 4.04286385
v 28.01668930 152.00000000 4.00872421
v 28.39699936 152.00000000 3.99245596
v 28.90410042 152.00000000 3.98521590
v 29.28441048 152.00000000 3.99588799
v 29.53795052 152.00000000 4.00155401
v 30.04504013 152.00000000 3.95251298
v 30.29858017 152.00000000 3.94773507
v 30.55213928 152.00000000 3.99790406
v 30.80567932 152.00000000 4.05559206
v 31.05921936 152.00000000 4.11403704
v 31.31275940 152.00000000 4.06343317
v 31.56632042 152.00000000 4.02461004
v 31.81986046 152.00000000 4.01749992
v 32.32695007 152.00000000 4.03725386
v 32.58049011 152.00000000 3.99670792
v 32.83403015 152.00000000 3.98512292
v 33.08758163 152.00000000 4.00495481
v 33.34112167 152.00000000 4.08171701
v 33.59466171 152.00000000 4.17676497
v 33.84820175 152.00000000 4.23037720
v 34.10176086 152.00000000 4.21204615
v 34.35530090 152.00000000 4.09824800
v 34.60884094 152.00000000 3.95580912
v 34.86240005 152.00000000 3.91561699
v 35.11594009 152.00000000 3.89141107
v 35.87657166 152.00000000 3.87309098
v 36.13011169 152.00000000 3.84343290
v 36.38365173 152.00000000 3.82851410
v 36.89075089 152.00000000 3.83069992
v 37.14429092 152.00000000 3.82146597
v 37.65137863 152.00000000 3.82024598
v 38.03168869 152.00000000 3.81897402
v 38.66556168 152.00000000 3.81975603
v 39.17264938 152.00000000 3.87255692
v 39.42618942 152.00000000 3.82658601
v 39.67972946 152.00000000 3.75618696
v 39.93328857 152.00000000 3.73497009
v 40.18682861 152.00000000 3.76757407
v 40.44036865 152.00000000 3.82368493
v 40.94746017 152.00000000 3.86502099
v 41.20100021 152.00000000 3.85384893
v 41.45454025 152.00000000 3.87137794
v 41.70809937 152.00000000 3.81405401
v 41.96163940 152.00000000 3.79716110
v 42.21517944 152.00000000 3.75902009
v 42.46873093 152.00000000 3.77284408
v 42.72227097 152.00000000 3.74278593
v 42.97581100 152.00000000 3.76008010
v 43.22937012 152.00000000 3.79606795
v 43.48291016 152.00000000 3.84804201
v 43.73645020 152.00000000 3.92019510
v 43.99000168 152.00000000 3.92523003
v 44.24354172 152.00000000 3.88984299
v 44.49708176 152.00000000 3.88111901
v 44.75062180 152.00000000 3.86289191
v 45.00418091 152.00000000 3.86487603
v 45.25772095 152.00000000 3.89183807
v 45.51126099 152.00000000 3.96158004
v 45.76482010 152.00000000 4.03294897
v 46.27190018 152.00000000 4.07722712
v 46.52545166 152.00000000 4.02609110
v 46.77899170 152.00000000 3.95428991
v 47.03253174 152.00000000 3.90956903
v 47.28607178 152.00000000 3.89288712
v 47.79317093 152.00000000 3.97357392
v 48.04671097 152.00000000 3.97154999
v 48.30025864 152.00000000 3.93917489
v 48.55379868 152.00000000 3.92911911
v 48.80733871 152.00000000 3.95130491
v 49.06090164 152.00000000 3.94697595
v 49.31444168 152.00000000 3.89981294
v 49.56798172 152.00000000 3.86644006
v 49.82152176 152.00000000 3.87512589
v 50.20183945 152.00000000 3.90790200
v 50.58214951 152.00000000 3.92625809
v 50.83570862 152.00000000 3.91741204
v 51.08924866 152.00000000 3.94119811
v 51.34278870 152.00000000 3.94115090
v 51.59634018 152.00000000 3.88749909
v 51.84988022 152.00000000 3.91176796
v 52.10342026 152.00000000 3.90903997
v 52.35696030 152.00000000 3.87381601
v 52.61051941 152.00000000 3.82615089
v 52.86405945 152.00000000 3.76164198
v 53.11759949 152.00000000 3.73448205
v 53.37115097 152.00000000 3.76722503
v 53.87823105 152.00000000 3.95303893
v 54.13179016 152.00000000 3.98749900
v 54.38533020 152.00000000 3.98473001
v 54.63887024 152.00000000 3.97122407
v 54.89241028 152.00000000 3.92870498
v 55.14596176 152.00000000 3.89322495
v 55.39950180 152.00000000 3.86553407
v 55.65304184 152.00000000 3.85387611
v 55.90660095 152.00000000 3.86297607
v 56.16014099 152.00000000 3.92983603
v 56.41368103 152.00000000 4.14251518
v 56.66724014 152.00000000 4.18278694
v 56.92078018 152.00000000 4.01633787
v 57.17432022 152.00000000 3.93643188
v 57.42786026 152.00000000 3.90190291
v 57.93495178 152.00000000 3.94195199
v 58.18849182 152.00000000 3.92607093
v 58.56882095 152.00000000 3.85369301
v 59.07590103 152.00000000 3.77955794
v 59.45621872 152.00000000 3.73535705
v 59.96329880 152.00000000 3.72099900
v 60.21686172 152.00000000 3.68794799
v 60.47040176 152.00000000 3.67047310
v 60.72394180 152.00000000 3.66154099
v 60.97748947 152.00000000 3.66556191
v 61.23102951 152.00000000 3.64604211
v 61.73812866 152.00000000 3.61878991
v 61.99166870 152.00000000 3.62463593
v 62.24520874 152.00000000 3.60176992
v 62.49874878 152.00000000 3.50185609
v 62.75230026 152.00000000 3.43097711
v 63.25938034 152.00000000 3.43925500
v 63.51293945 152.00000000 3.46501708
v 63.76647949 152.00000000 3.43067503
v 64.02001953 152.00000000 3.34898806
v 64.27358246 152.00000000 3.32014108
v 64.52712250 152.00000000 3.34288001
v 64.78066254 152.00000000 3.37726212
v 65.03420258 152.00000000 3.35404396
v 65.28775024 152.00000000 3.24567604
v 65.54129028 152.00000000 3.16242599
v 65.79483032 152.00000000 3.07399201
v 66.04839325 152.00000000 3.02234292
v 66.30193329 152.00000000 2.96917892
v 66.55547333 152.00000000 2.90115404
v 66.80902100 152.00000000 2.88142610
v 67.06256104 152.00000000 2.88000488
v 67.31610107 152.00000000 2.90807104
v 67.56964111 152.00000000 2.97839904
v 67.82319641 152.00000000 3.03916907
v 68.07673645 152.00000000 3.14195395
v 68.33027649 152.00000000 3.08614898
v 68.58383179 152.00000000 2.99574494
v 68.83737183 152.00000000 2.94396210
v 69.09091187 152.00000000 2.94571900
v 69.34446716 152.00000000 2.96054292
v 69.85154724 152.00000000 2.94398904
v 70.10508728 152.00000000 2.95948005
v 70.35865021 152.00000000 2.95794702
v 70.61219025 152.00000000 2.86665297
v 70.86573029 152.00000000 2.66587400
v 71.11927795 152.00000000 2.51562309
v 71.37281799 152.00000000 2.45165610
v 71.62635803 152.00000000 2.47635508
v 72.13346100 152.00000000 2.54442191
v 72.38700104 152.00000000 2.60283303
v 72.64054108 152.00000000 2.54112792
v 72.89408875 152.00000000 2.39808297
v 73.14762878 152.00000000 2.30092192
v 73.40116882 152.00000000 2.30791092
v 73.65473175 152.00000000 2.33641410
v 74.16181183 152.00000000 2.28780389
v 74.54212952 152.00000000 2.31060791
v 74.92243958 152.00000000 2.33051300
v 75.17600250 152.00000000 2.29998398
v 75.42954254 152.00000000 2.19792199
v 75.68308258 152.00000000 2.09734011
v 75.93662262 152.00000000 2.04370093
v 76.44371033 152.00000000 1.92379797
v 76.69725037 152.00000000 1.89194906
v 77.20435333 152.00000000 1.91289902
v 77.45789337 152.00000000 1.99282098
v 77.71144104 152.00000000 2.06178689
v 77.96498108 152.00000000 2.02863693
v 78.21852112 152.00000000 1.99784505
v 78.47206116 152.00000000 2.03975701
v 78.72561646 152.00000000 2.02412009
v 78.97915649 152.00000000 1.87705195
v 79.23269653 152.00000000 1.76878703
v 79.48625183 152.00000000 1.78090298
v 79.73979187 152.00000000 1.82054901
v 79.99333191 152.00000000 1.78867698
v 80.24688721 152.00000000 1.71242499
v 80.75396729 152.00000000 1.61898005
v 81.00750732 152.00000000 1.61169398
v 81.38784027 152.00000000 1.58471298
v 81.76815033 152.00000000 1.56351900
v 82.02169800 152.00000000 1.59180796
v 82.27523804 152.00000000 1.64143002
v 82.52877808 152.00000000 1.80668294
v 83.03588104 152.00000000 1.96531296
v 83.28942108 152.00000000 2.02509689
v 83.54296112 152.00000000 1.95676398
v 84.05004883 152.00000000 1.73286402
v 84.30358887 152.00000000 1.67797101
v 84.55715179 152.00000000 1.67536497
v 84.81069183 152.00000000 1.68406296
v 85.06423187 152.00000000 1.70557404
v 85.31777954 152.00000000 1.71662903
v 86.33196259 152.00000000 1.63197303
v 86.58550262 152.00000000 1.60878801
v 86.83904266 152.00000000 1.55947101
v 87.09259033 152.00000000 1.37534297
v 87.34613037 152.00000000 1.27131701
v 87.59967041 152.00000000 1.26645303
v 87.85323334 152.00000000 1.22074902
v 88.10677338 152.00000000 1.21200204
v 88.36031342 152.00000000 1.32590902
v 88.61385345 152.00000000 1.35285199
v 88.86740112 152.00000000 1.26187098
v 89.12094116 152.00000000 1.20678699
v 89.62803650 152.00000000 1.18329597
v 89.88157654 152.00000000 1.21382105
v 90.13511658 152.00000000 1.22584903
v 90.38867188 152.00000000 1.19156599
v 90.64221191 152.00000000 1.20449805
v 90.89575195 152.00000000 1.23735404
v 91.40284729 152.00000000 1.32420695
v 91.65638733 152.00000000 1.37631595
v 91.90992737 152.00000000 1.42102003
v 92.16349030 152.00000000 1.34427595
v 92.41703033 152.00000000 1.04408598
v 92.67057037 152.00000000 0.92642981
v 93.17765808 152.00000000 0.71765143
v 93.43119812 152.00000000 0.64412308
v 93.68473816 152.00000000 0.61938483
v 94.19184113 152.00000000 0.61150742
v 94.44538116 152.00000000 0.63772202
v 94.69892883 152.00000000 0.74782938
v 94.95246887 152.00000000 0.88658911
v 95.20600891 152.00000000 0.98340988
v 95.45957184 152.00000000 1.03987896
v 95.71311188 152.00000000 1.05087304
v 95.96665192 152.00000000 1.04381204
v 96.22019196 152.00000000 1.03269601
v 96.60050964 152.00000000 0.98893362
v 97.23438263 152.00000000 0.91777039
v 97.48792267 152.00000000 0.88257980
v 97.74146271 152.00000000 0.82527542
v 97.99501038 152.00000000 0.78539658
v 98.62886047 152.00000000 0.63501740
v 99.00919342 152.00000000 0.55253601
v 99.51627350 152.00000000 0.46990591
v 99.76982117 152.00000000 0.42235950
v 100.02339935 152.00000000 0.37323380
v 100.27690125 152.00000000 0.30842590
v 100.53050232 152.00000000 0.23333350
v 100.78399658 152.00000000 0.16806410
v 101.03749847 152.00000000 0.11985770
v 101.29109955 152.00000000 0.09564590
v 101.54460144 152.00000000 0.05855560
v 101.79820251 152.00000000 0.01115798
v 102.43199921 152.00000000 -0.03260040
v 102.81240082 152.00000000 -0.05793380
v 103.06590271 152.00000000 -0.09200668
v 103.31939697 152.00000000 -0.14012140
v 103.57299805 152.00000000 -0.15689839
v 103.95330048 152.00000000 -0.15518950
v 104.33360291 152.00000000 -0.15444940
v 104.58719635 152.00000000 -0.17049021
v 105.09420013 152.00000000 -0.23279950
v 105.34780121 152.00000000 -0.25259781
v 105.60140228 152.00000000 -0.25868610
v 105.85489655 152.00000000 -0.28480151
v 106.10839844 152.00000000 -0.33312991
v 106.61550140 152.00000000 -0.37429050
v 106.99590302 152.00000000 -0.40332800
v 107.62969971 152.00000000 -0.40871051
v 108.13680267 152.00000000 -0.43357849
v 108.39029694 152.00000000 -0.48091131
v 108.64389801 152.00000000 -0.50765228
v 109.15100098 152.00000000 -0.53160101
v 109.40450287 152.00000000 -0.53225708
v 109.65809631 152.00000000 -0.52100372
v 109.91159821 152.00000000 -0.44127271
v 110.67220306 152.00000000 -0.16624060
v 110.92579651 152.00000000 -0.12139120
v 111.30609894 152.00000000 -0.08250427
v 111.68640137 152.00000000 -0.05004882
v 111.94000244 152.00000000 -0.04077911
v 112.19349670 152.00000000 -0.08077239
v 112.44709778 152.00000000 -0.16558450
v 112.70059967 152.00000000 -0.27922440
v 112.95410156 152.00000000 -0.44491580
v 113.46119690 152.00000000 -0.72311401
v 113.71479797 152.00000000 -0.80408859
v 114.09510040 152.00000000 -0.88380432
v 114.47540283 152.00000000 -0.94292831
v 114.72889709 152.00000000 -0.96169281
v 115.48960114 152.00000000 -0.97761917
v 117.01090240 152.00000000 -0.96045297
v 117.51789856 152.00000000 -0.99381262
v 117.77149963 152.00000000 -0.99340820
v 118.02500153 152.00000000 -0.98429489
v 118.53209686 152.00000000 -0.94943237
v 119.03919983 152.00000000 -0.89115912
v 119.29280090 152.00000000 -0.87451172
v 119.54630280 152.00000000 -0.87300491
v 119.79979706 152.00000000 -0.89497763
v 120.05339813 152.00000000 -0.94264990
v 120.30690002 152.00000000 -0.97629929
v 120.68730164 152.00000000 -0.97726822
v 121.06759644 152.00000000 -0.97394937
v 121.32109833 152.00000000 -1.01023901
v 121.57460022 152.00000000 -1.07766294
v 121.82820129 152.00000000 -1.12628901
v 122.08180237 152.00000000 -1.13452899
v 122.33529663 152.00000000 -1.10692596
v 122.58879852 152.00000000 -1.03176904
v 122.84239960 152.00000000 -0.92801291
v 123.09590149 152.00000000 -0.80338287
v 123.34950256 152.00000000 -0.70454788
v 123.85659790 152.00000000 -0.63613892
v 124.11009979 152.00000000 -0.62946320
v 124.36370087 152.00000000 -0.67153931
v 124.61720276 152.00000000 -0.72914892
v 124.87069702 152.00000000 -0.79582977
v 125.12429810 152.00000000 -0.88134772
v 125.37779999 152.00000000 -0.94859701
v 125.63140106 152.00000000 -0.96221542
v 125.88490295 152.00000000 -0.95192337
v 126.13849640 152.00000000 -0.96512991
v 126.39199829 152.00000000 -1.01258802
v 126.64550018 152.00000000 -1.07366896
v 126.89910126 152.00000000 -1.10836005
v 127.15270233 152.00000000 -1.10974503
v 127.65969849 152.00000000 -1.08548403
v 127.91329956 152.00000000 -1.13842404
v 128.16679382 152.00000000 -1.19177604
v 128.42030334 152.00000000 -1.12965000
v 128.67390442 152.00000000 -1.09861004
v 128.92750549 152.00000000 -1.26483905
v 129.18099976 152.00000000 -1.35617101
v 129.43449402 152.00000000 -1.36820197
v 129.81480408 152.00000000 -1.43792295
v 130.70230103 152.00000000 -1.58181798
v 131.08259583 152.00000000 -1.63431203
v 131.71640015 152.00000000 -1.69767404
v 132.09680176 152.00000000 -1.75508499
v 132.47709656 152.00000000 -1.80811298
v 132.73060608 152.00000000 -1.87492704
v 132.98420715 152.00000000 -1.91705704
v 133.23770142 152.00000000 -1.93746603
v 133.61799622 152.00000000 -1.93782401
v 133.99830627 152.00000000 -1.93017602
v 134.25190735 152.00000000 -1.90834403
v 134.75900269 152.00000000 -1.84227002
v 135.01249695 152.00000000 -1.87009001
v 135.26600647 152.00000000 -1.97575402
v 135.51960754 152.00000000 -2.05364990
v 135.77319336 152.00000000 -2.09767103
v 136.15350342 152.00000000 -2.17491102
v 136.78729248 152.00000000 -2.28872299
v 137.16769409 152.00000000 -2.32711411
v 137.80149841 152.00000000 -2.38097811
v 138.05499268 152.00000000 -2.39658403
v 138.56210327 152.00000000 -2.41586304
v 138.81570435 152.00000000 -2.41910195
v 139.19599915 152.00000000 -2.40509796
v 139.57629395 152.00000000 -2.37524009
v 139.82989502 152.00000000 -2.32975006
v 140.08340454 152.00000000 -2.26012397
v 140.33689880 152.00000000 -2.15736389
v 140.59049988 152.00000000 -2.00493193
v 140.84410095 152.00000000 -1.84099996
v 141.09759521 152.00000000 -1.70472705
v 141.35110474 152.00000000 -1.59944201
v 141.60470581 152.00000000 -1.54243505
v 141.85820007 152.00000000 -1.53469098
v 142.11180115 152.00000000 -1.54034805
v 142.61889648 152.00000000 -1.58883703
v 143.12590027 152.00000000 -1.59434903
v 143.56959534 152.00000000 -1.62182999
v 144.39370728 152.00000000 -1.65133703
v 144.90080261 152.00000000 -1.65662801
v 145.28109741 152.00000000 -1.67237103
v 145.91490173 152.00000000 -1.70346105
v 146.16850281 152.00000000 -1.74382806
v 146.42199707 152.00000000 -1.85098302
v 146.92909241 152.00000000 -2.10566711
v 147.30940247 152.00000000 -2.31963301
v 147.68980408 152.00000000 -2.52864504
v 147.94329834 152.00000000 -2.63679099
v 148.32359314 152.00000000 -2.77166009
v 148.95750427 152.00000000 -2.95865202
v 149.21099854 152.00000000 -3.06149292
v 149.46459961 152.00000000 -3.17541504
v 149.71809387 152.00000000 -3.27600908
v 149.97160339 152.00000000 -3.33823395
v 150.22520447 152.00000000 -3.38266802
v 150.47869873 152.00000000 -3.41438699
v 151.23939514 152.00000000 -3.48221207
v 151.74650574 152.00000000 -3.51341200
v 152.00000000 152.00000000 -3.53191400
v -151.74650574 -152.00000000 -28.09079933
v -151.74650574 152.00000000 -28.09079933
v -152.00000000 152.00000000 -28.09079933
v -151.49290466 -152.00000000 -28.09079933
v -151.49290466 152.00000000 -28.09079933
v -151.23939514 -152.00000000 -28.09079933
v -151.23939514 152.00000000 -28.09079933
v -150.98579407 -152.00000000 -28.09079933
v -150.98579407 152.00000000 -28.09079933
v -150.73229980 -152.00000000 -28.09079933
v -150.73229980 152.00000000 -28.09079933
v -150.47869873 -152.00000000 -28.09079933
v -150.47869873 152.00000000 -28.09079933
v -150.22520447 -152.00000000 -28.09079933
v -150.22520447 152.00000000 -28.09079933
v -149.97160339 -152.00000000 -28.09079933
v -149.97160339 152.00000000 -28.09079933
v -149.71809387 -152.00000000 -28.09079933
v -149.71809387 152.00000000 -28.09079933
v -149.46449280 -152.00000000 -28.09079933
v -149.46449280 152.00000000 -28.09079933
v -149.21099854 -152.00000000 -28.09079933
v -149.21099854 152.00000000 -28.09079933
v -148.95750427 -152.00000000 -28.09079933
v -148.95750427 152.00000000 -28.09079933
v -148.70390320 -152.00000000 -28.09079933
v -148.70390320 152.00000000 -28.09079933
v -148.45039368 -152.00000000 -28.09079933
v -148.45039368 152.00000000 -28.09079933
v -148.19679260 -152.00000000 -28.09079933
v -148.19679260 152.00000000 -28.09079933
v -147.94329834 -152.00000000 -28.09079933
v -147.94329834 152.00000000 -28.09079933
v -147.68969727 -152.00000000 -28.09079933
v -147.68969727 152.00000000 -28.09079933
v -147.43620300 -152.00000000 -28.09079933
v -147.43620300 152.00000000 -28.09079933
v -147.18260193 -152.00000000 -28.09079933
v -147.18260193 152.00000000 -28.09079933
v -146.92909241 -152.00000000 -28.09079933
v -146.92909241 152.00000000 -28.09079933
v -146.67559814 -152.00000000 -28.09079933
v -146.67559814 152.00000000 -28.09079933
v -146.42199707 -152.00000000 -28.09079933
v -146.42199707 152.00000000 -28.09079933
v -146.16850281 -152.00000000 -28.09079933
v -146.16850281 152.00000000 -28.09079933
v -145.91490173 -152.00000000 -28.09079933
v -145.91490173 152.00000000 -28.09079933
v -145.66140747 -152.00000000 -28.09079933
v -145.66140747 152.00000000 -28.09079933
v -145.40780640 -152.00000000 -28.09079933
v -145.40780640 152.00000000 -28.09079933
v -145.15429688 -152.00000000 -28.09079933
v -145.15429688 152.00000000 -28.09079933
v -144.90080261 -152.00000000 -28.09079933
v -144.90080261 152.00000000 -28.09079933
v -144.64720154 -152.00000000 -28.09079933
v -144.64720154 152.00000000 -28.09079933
v -144.39370728 -152.00000000 -28.09079933
v -144.39370728 152.00000000 -28.09079933
v -144.14010620 -152.00000000 -28.09079933
v -144.14010620 152.00000000 -28.09079933
v -143.88659668 -152.00000000 -28.09079933
v -143.88659668 152.00000000 -28.09079933
v -143.63299561 -152.00000000 -28.09079933
v -143.63299561 152.00000000 -28.09079933
v -143.37950134 -152.00000000 -28.09079933
v -143.37950134 152.00000000 -28.09079933
v -143.12590027 -152.00000000 -28.09079933
v -143.12590027 152.00000000 -28.09079933
v -142.87240601 -152.00000000 -28.09079933
v -142.87240601 152.00000000 -28.09079933
v -142.61880493 -152.00000000 -28.09079933
v -142.61880493 152.00000000 -28.09079933
v -142.36529541 -152.00000000 -28.09079933
v -142.36529541 152.00000000 -28.09079933
v -142.11180115 -152.00000000 -28.09079933
v -142.11180115 152.00000000 -28.09079933
v -141.85820007 -152.00000000 -28.09079933
v -141.85820007 152.00000000 -28.09079933
v -141.60470581 -152.00000000 -28.09079933
v -141.60470581 152.00000000 -28.09079933
v -141.35110474 -152.00000000 -28.09079933
v -141.35110474 152.00000000 -28.09079933
v -141.09759521 -152.00000000 -28.09079933
v -141.09759521 152.00000000 -28.09079933
v -140.84399414 -152.00000000 -28.09079933
v -140.84399414 152.00000000 -28.09079933
v -140.59049988 -152.00000000 -28.09079933
v -140.59049988 152.00000000 -28.09079933
v -140.33689880 -152.00000000 -28.09079933
v -140.33689880 152.00000000 -28.09079933
v -140.08340454 -152.00000000 -28.09079933
v -140.08340454 152.00000000 -28.09079933
v -139.82989502 -152.00000000 -28.09079933
v -139.82989502 152.00000000 -28.09079933
v -139.57629395 -152.00000000 -28.09079933
v -139.57629395 152.00000000 -28.09079933
v -139.32279968 -152.00000000 -28.09079933
v -139.32279968 152.00000000 -28.09079933
v -139.06919861 -152.00000000 -28.09079933
v -139.06919861 152.00000000 -28.09079933
v -138.81570435 -152.00000000 -28.09079933
v -138.81570435 152.00000000 -28.09079933
v -138.56210327 -152.00000000 -28.09079933
v -138.56210327 152.00000000 -28.09079933
v -138.30859375 -152.00000000 -28.09079933
v -138.30859375 152.00000000 -28.09079933
v -138.05499268 -152.00000000 -28.09079933
v -138.05499268 152.00000000 -28.09079933
v -137.80149841 -152.00000000 -28.09079933
v -137.80149841 152.00000000 -28.09079933
v -137.54800415 -152.00000000 -28.09079933
v -137.54800415 152.00000000 -28.09079933
v -137.29440308 -152.00000000 -28.09079933
v -137.29440308 152.00000000 -28.09079933
v -137.04089355 -152.00000000 -28.09079933
v -137.04089355 152.00000000 -28.09079933
v -136.78729248 -152.00000000 -28.09079933
v -136.78729248 152.00000000 -28.09079933
v -136.53379822 -152.00000000 -28.09079933
v -136.53379822 152.00000000 -28.09079933
v -136.28019714 -152.00000000 -28.09079933
v -136.28019714 152.00000000 -28.09079933
v -136.02670288 -152.00000000 -28.09079933
v -136.02670288 152.00000000 -28.09079933
v -135.77310181 -152.00000000 -28.09079933
v -135.77310181 152.00000000 -28.09079933
v -135.51960754 -152.00000000 -28.09079933
v -135.51960754 152.00000000 -28.09079933
v -135.26600647 -152.00000000 -28.09079933
v -135.26600647 152.00000000 -28.09079933
v -135.01249695 -152.00000000 -28.09079933
v -135.01249695 152.00000000 -28.09079933
v -134.75900269 -152.00000000 -28.09079933
v -134.75900269 152.00000000 -28.09079933
v -134.50540161 -152.00000000 -28.09079933
v -134.50540161 152.00000000 -28.09079933
v -134.25190735 -152.00000000 -28.09079933
v -134.25190735 152.00000000 -28.09079933
v -133.99830627 -152.00000000 -28.09079933
v -133.99830627 152.00000000 -28.09079933
v -133.74479675 -152.00000000 -28.09079933
v -133.74479675 152.00000000 -28.09079933
v -133.49119568 -152.00000000 -28.09079933
v -133.49119568 152.00000000 -28.09079933
v -133.23770142 -152.00000000 -28.09079933
v -133.23770142 152.00000000 -28.09079933
v -132.98420715 -152.00000000 -28.09079933
v -132.98420715 152.00000000 -28.09079933
v -132.73060608 -152.00000000 -28.09079933
v -132.73060608 152.00000000 -28.09079933
v -132.47709656 -152.00000000 -28.09079933
v -132.47709656 152.00000000 -28.09079933
v -132.22349548 -152.00000000 -28.09079933
v -132.22349548 152.00000000 -28.09079933
v -131.97000122 -152.00000000 -28.09079933
v -131.97000122 152.00000000 -28.09079933
v -131.71640015 -152.00000000 -28.09079933
v -131.71640015 152.00000000 -28.09079933
v -131.46290588 -152.00000000 -28.09079933
v -131.46290588 152.00000000 -28.09079933
v -131.20930481 -152.00000000 -28.09079933
v -131.20930481 152.00000000 -28.09079933
v -130.95579529 -152.00000000 -28.09079933
v -130.95579529 152.00000000 -28.09079933
v -130.70230103 -152.00000000 -28.09079933
v -130.70230103 152.00000000 -28.09079933
v -130.44869995 -152.00000000 -28.09079933
v -130.44869995 152.00000000 -28.09079933
v -130.19520569 -152.00000000 -28.09079933
v -130.19520569 152.00000000 -28.09079933
v -129.94160461 -152.00000000 -28.09079933
v -129.94160461 152.00000000 -28.09079933
v -129.68809509 -152.00000000 -28.09079933
v -129.68809509 152.00000000 -28.09079933
v -129.43449402 -152.00000000 -28.09079933
v -129.43449402 152.00000000 -28.09079933
v -129.18099976 -152.00000000 -28.09079933
v -129.18099976 152.00000000 -28.09079933
v -128.92739868 -152.00000000 -28.09079933
v -128.92739868 152.00000000 -28.09079933
v -128.67390442 -152.00000000 -28.09079933
v -128.67390442 152.00000000 -28.09079933
v -128.42030334 -152.00000000 -28.09079933
v -128.42030334 152.00000000 -28.09079933
v -128.16679382 -152.00000000 -28.09079933
v -128.16679382 152.00000000 -28.09079933
v -127.91329956 -152.00000000 -28.09079933
v -127.91329956 152.00000000 -28.09079933
v -127.65969849 -152.00000000 -28.09079933
v -127.65969849 152.00000000 -28.09079933
v -127.40619659 -152.00000000 -28.09079933
v -127.40619659 152.00000000 -28.09079933
v -127.15260315 -152.00000000 -28.09079933
v -127.15260315 152.00000000 -28.09079933
v -126.89910126 -152.00000000 -28.09079933
v -126.89910126 152.00000000 -28.09079933
v -126.64550018 -152.00000000 -28.09079933
v -126.64550018 152.00000000 -28.09079933
v -126.39199829 -152.00000000 -28.09079933
v -126.39199829 152.00000000 -28.09079933
v -126.13849640 -152.00000000 -28.09079933
v -126.13849640 152.00000000 -28.09079933
v -125.88490295 -152.00000000 -28.09079933
v -125.88490295 152.00000000 -28.09079933
v -125.63140106 -152.00000000 -28.09079933
v -125.63140106 152.00000000 -28.09079933
v -125.37779999 -152.00000000 -28.09079933
v -125.37779999 152.00000000 -28.09079933
v -125.12429810 -152.00000000 -28.09079933
v -125.12429810 152.00000000 -28.09079933
v -124.87069702 -152.00000000 -28.09079933
v -124.87069702 152.00000000 -28.09079933
v -124.61720276 -152.00000000 -28.09079933
v -124.61720276 152.00000000 -28.09079933
v -124.36360168 -152.00000000 -28.09079933
v -124.36360168 152.00000000 -28.09079933
v -124.11009979 -152.00000000 -28.09079933
v -124.11009979 152.00000000 -28.09079933
v -123.85649872 -152.00000000 -28.09079933
v -123.85649872 152.00000000 -28.09079933
v -123.60299683 -152.00000000 -28.09079933
v -123.60299683 152.00000000 -28.09079933
v -123.34950256 -152.00000000 -28.09079933
v -123.34950256 152.00000000 -28.09079933
v -123.09590149 -152.00000000 -28.09079933
v -123.09590149 152.00000000 -28.09079933
v -122.84239960 -152.00000000 -28.09079933
v -122.84239960 152.00000000 -28.09079933
v -122.58879852 -152.00000000 -28.09079933
v -122.58879852 152.00000000 -28.09079933
v -122.33529663 -152.00000000 -28.09079933
v -122.33529663 152.00000000 -28.09079933
v -122.08170319 -152.00000000 -28.09079933
v -122.08170319 152.00000000 -28.09079933
v -121.82820129 -152.00000000 -28.09079933
v -121.82820129 152.00000000 -28.09079933
v -121.57460022 -152.00000000 -28.09079933
v -121.57460022 152.00000000 -28.09079933
v -121.32109833 -152.00000000 -28.09079933
v -121.32109833 152.00000000 -28.09079933
v -121.06759644 -152.00000000 -28.09079933
v -121.06759644 152.00000000 -28.09079933
v -120.81400299 -152.00000000 -28.09079933
v -120.81400299 152.00000000 -28.09079933
v -120.56050110 -152.00000000 -28.09079933
v -120.56050110 152.00000000 -28.09079933
v -120.30690002 -152.00000000 -28.09079933
v -120.30690002 152.00000000 -28.09079933
v -120.05339813 -152.00000000 -28.09079933
v -120.05339813 152.00000000 -28.09079933
v -119.79979706 -152.00000000 -28.09079933
v -119.79979706 152.00000000 -28.09079933
v -119.54630280 -152.00000000 -28.09079933
v -119.54630280 152.00000000 -28.09079933
v -119.29270172 -152.00000000 -28.09079933
v -119.29270172 152.00000000 -28.09079933
v -119.03919983 -152.00000000 -28.09079933
v -119.03919983 152.00000000 -28.09079933
v -118.78569794 -152.00000000 -28.09079933
v -118.78569794 152.00000000 -28.09079933
v -118.53209686 -152.00000000 -28.09079933
v -118.53209686 152.00000000 -28.09079933
v -118.27860260 -152.00000000 -28.09079933
v -118.27860260 152.00000000 -28.09079933
v -118.02500153 -152.00000000 -28.09079933
v -118.02500153 152.00000000 -28.09079933
v -117.77149963 -152.00000000 -28.09079933
v -117.77149963 152.00000000 -28.09079933
v -117.51789856 -152.00000000 -28.09079933
v -117.51789856 152.00000000 -28.09079933
v -117.26439667 -152.00000000 -28.09079933
v -117.26439667 152.00000000 -28.09079933
v -117.01080322 -152.00000000 -28.09079933
v -117.01080322 152.00000000 -28.09079933
v -116.75730133 -152.00000000 -28.09079933
v -116.75730133 152.00000000 -28.09079933
v -116.50379944 -152.00000000 -28.09079933
v -116.50379944 152.00000000 -28.09079933
v -116.25019836 -152.00000000 -28.09079933
v -116.25019836 152.00000000 -28.09079933
v -115.99669647 -152.00000000 -28.09079933
v -115.99669647 152.00000000 -28.09079933
v -115.74310303 -152.00000000 -28.09079933
v -115.74310303 152.00000000 -28.09079933
v -115.48960114 -152.00000000 -28.09079933
v -115.48960114 152.00000000 -28.09079933
v -115.23600006 -152.00000000 -28.09079933
v -115.23600006 152.00000000 -28.09079933
v -114.98249817 -152.00000000 -28.09079933
v -114.98249817 152.00000000 -28.09079933
v -114.72889709 -152.00000000 -28.09079933
v -114.72889709 152.00000000 -28.09079933
v -114.47540283 -152.00000000 -28.09079933
v -114.47540283 152.00000000 -28.09079933
v -114.22190094 -152.00000000 -28.09079933
v -114.22190094 152.00000000 -28.09079933
v -113.96829987 -152.00000000 -28.09079933
v -113.96829987 152.00000000 -28.09079933
v -113.71479797 -152.00000000 -28.09079933
v -113.71479797 152.00000000 -28.09079933
v -113.46119690 -152.00000000 -28.09079933
v -113.46119690 152.00000000 -28.09079933
v -113.20770264 -152.00000000 -28.09079933
v -113.20770264 152.00000000 -28.09079933
v -112.95410156 -152.00000000 -28.09079933
v -112.95410156 152.00000000 -28.09079933
v -112.70059967 -152.00000000 -28.09079933
v -112.70059967 152.00000000 -28.09079933
v -112.44699860 -152.00000000 -28.09079933
v -112.44699860 152.00000000 -28.09079933
v -112.19349670 -152.00000000 -28.09079933
v -112.19349670 152.00000000 -28.09079933
v -111.94000244 -152.00000000 -28.09079933
v -111.94000244 152.00000000 -28.09079933
v -111.68640137 -152.00000000 -28.09079933
v -111.68640137 152.00000000 -28.09079933
v -111.43289948 -152.00000000 -28.09079933
v -111.43289948 152.00000000 -28.09079933
v -111.17929840 -152.00000000 -28.09079933
v -111.17929840 152.00000000 -28.09079933
v -110.92579651 -152.00000000 -28.09079933
v -110.92579651 152.00000000 -28.09079933
v -110.67220306 -152.00000000 -28.09079933
v -110.67220306 152.00000000 -28.09079933
v -110.41870117 -152.00000000 -28.09079933
v -110.41870117 152.00000000 -28.09079933
v -110.16510010 -152.00000000 -28.09079933
v -110.16510010 152.00000000 -28.09079933
v -109.91159821 -152.00000000 -28.09079933
v -109.91159821 152.00000000 -28.09079933
v -109.65809631 -152.00000000 -28.09079933
v -109.65809631 152.00000000 -28.09079933
v -109.40450287 -152.00000000 -28.09079933
v -109.40450287 152.00000000 -28.09079933
v -109.15100098 -152.00000000 -28.09079933
v -109.15100098 152.00000000 -28.09079933
v -108.89739990 -152.00000000 -28.09079933
v -108.89739990 152.00000000 -28.09079933
v -108.64389801 -152.00000000 -28.09079933
v -108.64389801 152.00000000 -28.09079933
v -108.39029694 -152.00000000 -28.09079933
v -108.39029694 152.00000000 -28.09079933
v -108.13680267 -152.00000000 -28.09079933
v -108.13680267 152.00000000 -28.09079933
v -107.88320160 -152.00000000 -28.09079933
v -107.88320160 152.00000000 -28.09079933
v -107.62969971 -152.00000000 -28.09079933
v -107.62969971 152.00000000 -28.09079933
v -107.37609863 -152.00000000 -28.09079933
v -107.37609863 152.00000000 -28.09079933
v -107.12259674 -152.00000000 -28.09079933
v -107.12259674 152.00000000 -28.09079933
v -106.86910248 -152.00000000 -28.09079933
v -106.86910248 152.00000000 -28.09079933
v -106.61550140 -152.00000000 -28.09079933
v -106.61550140 152.00000000 -28.09079933
v -106.36199951 -152.00000000 -28.09079933
v -106.36199951 152.00000000 -28.09079933
v -106.10839844 -152.00000000 -28.09079933
v -106.10839844 152.00000000 -28.09079933
v -105.85489655 -152.00000000 -28.09079933
v -105.85489655 152.00000000 -28.09079933
v -105.60130310 -152.00000000 -28.09079933
v -105.60130310 152.00000000 -28.09079933
v -105.34780121 -152.00000000 -28.09079933
v -105.34780121 152.00000000 -28.09079933
v -105.09420013 -152.00000000 -28.09079933
v -105.09420013 152.00000000 -28.09079933
v -104.84069824 -152.00000000 -28.09079933
v -104.84069824 152.00000000 -28.09079933
v -104.58719635 -152.00000000 -28.09079933
v -104.58719635 152.00000000 -28.09079933
v -104.33360291 -152.00000000 -28.09079933
v -104.33360291 152.00000000 -28.09079933
v -104.08010101 -152.00000000 -28.09079933
v -104.08010101 152.00000000 -28.09079933
v -103.82649994 -152.00000000 -28.09079933
v -103.82649994 152.00000000 -28.09079933
v -103.57299805 -152.00000000 -28.09079933
v -103.57299805 152.00000000 -28.09079933
v -103.31939697 -152.00000000 -28.09079933
v -103.31939697 152.00000000 -28.09079933
v -103.06590271 -152.00000000 -28.09079933
v -103.06590271 152.00000000 -28.09079933
v -102.81240082 -152.00000000 -28.09079933
v -102.81240082 152.00000000 -28.09079933
v -102.55879974 -152.00000000 -28.09079933
v -102.55879974 152.00000000 -28.09079933
v -102.30529785 -152.00000000 -28.09079933
v -102.30529785 152.00000000 -28.09079933
v -102.05169678 -152.00000000 -28.09079933
v -102.05169678 152.00000000 -28.09079933
v -101.79820251 -152.00000000 -28.09079933
v -101.79820251 152.00000000 -28.09079933
v -101.54460144 -152.00000000 -28.09079933
v -101.54460144 152.00000000 -28.09079933
v -101.29109955 -152.00000000 -28.09079933
v -101.29109955 152.00000000 -28.09079933
v -101.03749847 -152.00000000 -28.09079933
v -101.03749847 152.00000000 -28.09079933
v -100.78399658 -152.00000000 -28.09079933
v -100.78399658 152.00000000 -28.09079933
v -100.53040314 -152.00000000 -28.09079933
v -100.53040314 152.00000000 -28.09079933
v -100.27690125 -152.00000000 -28.09079933
v -100.27690125 152.00000000 -28.09079933
v -100.02330017 -152.00000000 -28.09079933
v -100.02330017 152.00000000 -28.09079933
v -99.76981354 -152.00000000 -28.09079933
v -99.76981354 152.00000000 -28.09079933
v -99.51627350 -152.00000000 -28.09079933
v -99.51627350 152.00000000 -28.09079933
v -99.26271820 -152.00000000 -28.09079933
v -99.26271820 152.00000000 -28.09079933
v -99.00917053 -152.00000000 -28.09079933
v -99.00917053 152.00000000 -28.09079933
v -98.75563049 -152.00000000 -28.09079933
v -98.75563049 152.00000000 -28.09079933
v -98.50209045 -152.00000000 -28.09079933
v -98.50209045 152.00000000 -28.09079933
v -98.24854279 -152.00000000 -28.09079933
v -98.24854279 152.00000000 -28.09079933
v -97.99500275 -152.00000000 -28.09079933
v -97.99500275 152.00000000 -28.09079933
v -97.74146271 -152.00000000 -28.09079933
v -97.74146271 152.00000000 -28.09079933
v -97.48789978 -152.00000000 -28.09079933
v -97.48789978 152.00000000 -28.09079933
v -97.23435974 -152.00000000 -28.09079933
v -97.23435974 152.00000000 -28.09079933
v -96.98081970 -152.00000000 -28.09079933
v -96.98081970 152.00000000 -28.09079933
v -96.72727203 -152.00000000 -28.09079933
v -96.72727203 152.00000000 -28.09079933
v -96.47373199 -152.00000000 -28.09079933
v -96.47373199 152.00000000 -28.09079933
v -96.22019196 -152.00000000 -28.09079933
v -96.22019196 152.00000000 -28.09079933
v -95.96663666 -152.00000000 -28.09079933
v -95.96663666 152.00000000 -28.09079933
v -95.71308899 -152.00000000 -28.09079933
v -95.71308899 152.00000000 -28.09079933
v -95.45954895 -152.00000000 -28.09079933
v -95.45954895 152.00000000 -28.09079933
v -95.20600128 -152.00000000 -28.09079933
v -95.20600128 152.00000000 -28.09079933
v -94.95246124 -152.00000000 -28.09079933
v -94.95246124 152.00000000 -28.09079933
v -94.69892120 -152.00000000 -28.09079933
v -94.69892120 152.00000000 -28.09079933
v -94.44538116 -152.00000000 -28.09079933
v -94.44538116 152.00000000 -28.09079933
v -94.19183350 -152.00000000 -28.09079933
v -94.19183350 152.00000000 -28.09079933
v -93.93827820 -152.00000000 -28.09079933
v -93.93827820 152.00000000 -28.09079933
v -93.68473816 -152.00000000 -28.09079933
v -93.68473816 152.00000000 -28.09079933
v -93.43119049 -152.00000000 -28.09079933
v -93.43119049 152.00000000 -28.09079933
v -93.17765045 -152.00000000 -28.09079933
v -93.17765045 152.00000000 -28.09079933
v -92.92411041 -152.00000000 -28.09079933
v -92.92411041 152.00000000 -28.09079933
v -92.67056274 -152.00000000 -28.09079933
v -92.67056274 152.00000000 -28.09079933
v -92.41700745 -152.00000000 -28.09079933
v -92.41700745 152.00000000 -28.09079933
v -92.16346741 -152.00000000 -28.09079933
v -92.16346741 152.00000000 -28.09079933
v -91.90992737 -152.00000000 -28.09079933
v -91.90992737 152.00000000 -28.09079933
v -91.65637970 -152.00000000 -28.09079933
v -91.65637970 152.00000000 -28.09079933
v -91.40283203 -152.00000000 -28.09079933
v -91.40283203 152.00000000 -28.09079933
v -91.14929199 -152.00000000 -28.09079933
v -91.14929199 152.00000000 -28.09079933
v -90.89575195 -152.00000000 -28.09079933
v -90.89575195 152.00000000 -28.09079933
v -90.64219666 -152.00000000 -28.09079933
v -90.64219666 152.00000000 -28.09079933
v -90.38865662 -152.00000000 -28.09079933
v -90.38865662 152.00000000 -28.09079933
v -90.13510895 -152.00000000 -28.09079933
v -90.13510895 152.00000000 -28.09079933
v -89.88156128 -152.00000000 -28.09079933
v -89.88156128 152.00000000 -28.09079933
v -89.62802124 -152.00000000 -28.09079933
v -89.62802124 152.00000000 -28.09079933
v -89.37448120 -152.00000000 -28.09079933
v -89.37448120 152.00000000 -28.09079933
v -89.12094116 -152.00000000 -28.09079933
v -89.12094116 152.00000000 -28.09079933
v -88.86739349 -152.00000000 -28.09079933
v -88.86739349 152.00000000 -28.09079933
v -88.61385345 -152.00000000 -28.09079933
v -88.61385345 152.00000000 -28.09079933
v -88.36029816 -152.00000000 -28.09079933
v -88.36029816 152.00000000 -28.09079933
v -88.10675049 -152.00000000 -28.09079933
v -88.10675049 152.00000000 -28.09079933
v -87.85321045 -152.00000000 -28.09079933
v -87.85321045 152.00000000 -28.09079933
v -87.59967041 -152.00000000 -28.09079933
v -87.59967041 152.00000000 -28.09079933
v -87.34613037 -152.00000000 -28.09079933
v -87.34613037 152.00000000 -28.09079933
v -87.09258270 -152.00000000 -28.09079933
v -87.09258270 152.00000000 -28.09079933
v -86.83902740 -152.00000000 -28.09079933
v -86.83902740 152.00000000 -28.09079933
v -86.58548737 -152.00000000 -28.09079933
v -86.58548737 152.00000000 -28.09079933
v -86.33193970 -152.00000000 -28.09079933
v -86.33193970 152.00000000 -28.09079933
v -86.07839966 -152.00000000 -28.09079933
v -86.07839966 152.00000000 -28.09079933
v -85.82485199 -152.00000000 -28.09079933
v -85.82485199 152.00000000 -28.09079933
v -85.57131195 -152.00000000 -28.09079933
v -85.57131195 152.00000000 -28.09079933
v -85.31777191 -152.00000000 -28.09079933
v -85.31777191 152.00000000 -28.09079933
v -85.06421661 -152.00000000 -28.09079933
v -85.06421661 152.00000000 -28.09079933
v -84.81067657 -152.00000000 -28.09079933
v -84.81067657 152.00000000 -28.09079933
v -84.55712891 -152.00000000 -28.09079933
v -84.55712891 152.00000000 -28.09079933
v -84.30358124 -152.00000000 -28.09079933
v -84.30358124 152.00000000 -28.09079933
v -84.05004120 -152.00000000 -28.09079933
v -84.05004120 152.00000000 -28.09079933
v -83.79650116 -152.00000000 -28.09079933
v -83.79650116 152.00000000 -28.09079933
v -83.54296112 -152.00000000 -28.09079933
v -83.54296112 152.00000000 -28.09079933
v -83.28941345 -152.00000000 -28.09079933
v -83.28941345 152.00000000 -28.09079933
v -83.03585815 -152.00000000 -28.09079933
v -83.03585815 152.00000000 -28.09079933
v -82.78231812 -152.00000000 -28.09079933
v -82.78231812 152.00000000 -28.09079933
v -82.52877045 -152.00000000 -28.09079933
v -82.52877045 152.00000000 -28.09079933
v -82.27523041 -152.00000000 -28.09079933
v -82.27523041 152.00000000 -28.09079933
v -82.02169037 -152.00000000 -28.09079933
v -82.02169037 152.00000000 -28.09079933
v -81.76814270 -152.00000000 -28.09079933
v -81.76814270 152.00000000 -28.09079933
v -81.51460266 -152.00000000 -28.09079933
v -81.51460266 152.00000000 -28.09079933
v -81.26104736 -152.00000000 -28.09079933
v -81.26104736 152.00000000 -28.09079933
v -81.00750732 -152.00000000 -28.09079933
v -81.00750732 152.00000000 -28.09079933
v -80.75395966 -152.00000000 -28.09079933
v -80.75395966 152.00000000 -28.09079933
v -80.50041199 -152.00000000 -28.09079933
v -80.50041199 152.00000000 -28.09079933
v -80.24687195 -152.00000000 -28.09079933
v -80.24687195 152.00000000 -28.09079933
v -79.99333191 -152.00000000 -28.09079933
v -79.99333191 152.00000000 -28.09079933
v -79.73979187 -152.00000000 -28.09079933
v -79.73979187 152.00000000 -28.09079933
v -79.48623657 -152.00000000 -28.09079933
v -79.48623657 152.00000000 -28.09079933
v -79.23268890 -152.00000000 -28.09079933
v -79.23268890 152.00000000 -28.09079933
v -78.97914886 -152.00000000 -28.09079933
v -78.97914886 152.00000000 -28.09079933
v -78.72560120 -152.00000000 -28.09079933
v -78.72560120 152.00000000 -28.09079933
v -78.47206116 -152.00000000 -28.09079933
v -78.47206116 152.00000000 -28.09079933
v -78.21852112 -152.00000000 -28.09079933
v -78.21852112 152.00000000 -28.09079933
v -77.96497345 -152.00000000 -28.09079933
v -77.96497345 152.00000000 -28.09079933
v -77.71143341 -152.00000000 -28.09079933
v -77.71143341 152.00000000 -28.09079933
v -77.45787811 -152.00000000 -28.09079933
v -77.45787811 152.00000000 -28.09079933
v -77.20433807 -152.00000000 -28.09079933
v -77.20433807 152.00000000 -28.09079933
v -76.95079041 -152.00000000 -28.09079933
v -76.95079041 152.00000000 -28.09079933
v -76.69725037 -152.00000000 -28.09079933
v -76.69725037 152.00000000 -28.09079933
v -76.44371033 -152.00000000 -28.09079933
v -76.44371033 152.00000000 -28.09079933
v -76.19016266 -152.00000000 -28.09079933
v -76.19016266 152.00000000 -28.09079933
v -75.93662262 -152.00000000 -28.09079933
v -75.93662262 152.00000000 -28.09079933
v -75.68306732 -152.00000000 -28.09079933
v -75.68306732 152.00000000 -28.09079933
v -75.42951965 -152.00000000 -28.09079933
v -75.42951965 152.00000000 -28.09079933
v -75.17597961 -152.00000000 -28.09079933
v -75.17597961 152.00000000 -28.09079933
v -74.92243195 -152.00000000 -28.09079933
v -74.92243195 152.00000000 -28.09079933
v -74.66889191 -152.00000000 -28.09079933
v -74.66889191 152.00000000 -28.09079933
v -74.41535187 -152.00000000 -28.09079933
v -74.41535187 152.00000000 -28.09079933
v -74.16179657 -152.00000000 -28.09079933
v -74.16179657 152.00000000 -28.09079933
v -73.90825653 -152.00000000 -28.09079933
v -73.90825653 152.00000000 -28.09079933
v -73.65470886 -152.00000000 -28.09079933
v -73.65470886 152.00000000 -28.09079933
v -73.40116882 -152.00000000 -28.09079933
v -73.40116882 152.00000000 -28.09079933
v -73.14762115 -152.00000000 -28.09079933
v -73.14762115 152.00000000 -28.09079933
v -72.89408112 -152.00000000 -28.09079933
v -72.89408112 152.00000000 -28.09079933
v -72.64054108 -152.00000000 -28.09079933
v -72.64054108 152.00000000 -28.09079933
v -72.38699341 -152.00000000 -28.09079933
v -72.38699341 152.00000000 -28.09079933
v -72.13345337 -152.00000000 -28.09079933
v -72.13345337 152.00000000 -28.09079933
v -71.87989807 -152.00000000 -28.09079933
v -71.87989807 152.00000000 -28.09079933
v -71.62635040 -152.00000000 -28.09079933
v -71.62635040 152.00000000 -28.09079933
v -71.37281036 -152.00000000 -28.09079933
v -71.37281036 152.00000000 -28.09079933
v -71.11927032 -152.00000000 -28.09079933
v -71.11927032 152.00000000 -28.09079933
v -70.86573029 -152.00000000 -28.09079933
v -70.86573029 152.00000000 -28.09079933
v -70.61218262 -152.00000000 -28.09079933
v -70.61218262 152.00000000 -28.09079933
v -70.35862732 -152.00000000 -28.09079933
v -70.35862732 152.00000000 -28.09079933
v -70.10508728 -152.00000000 -28.09079933
v -70.10508728 152.00000000 -28.09079933
v -69.85153961 -152.00000000 -28.09079933
v -69.85153961 152.00000000 -28.09079933
v -69.59799194 -152.00000000 -28.09079933
v -69.59799194 152.00000000 -28.09079933
v -69.34445190 -152.00000000 -28.09079933
v -69.34445190 152.00000000 -28.09079933
v -69.09091187 -152.00000000 -28.09079933
v -69.09091187 152.00000000 -28.09079933
v -68.83737183 -152.00000000 -28.09079933
v -68.83737183 152.00000000 -28.09079933
v -68.58381653 -152.00000000 -28.09079933
v -68.58381653 152.00000000 -28.09079933
v -68.33026886 -152.00000000 -28.09079933
v -68.33026886 152.00000000 -28.09079933
v -68.07672882 -152.00000000 -28.09079933
v -68.07672882 152.00000000 -28.09079933
v -67.82318115 -152.00000000 -28.09079933
v -67.82318115 152.00000000 -28.09079933
v -67.56964111 -152.00000000 -28.09079933
v -67.56964111 152.00000000 -28.09079933
v -67.31610107 -152.00000000 -28.09079933
v -67.31610107 152.00000000 -28.09079933
v -67.06255341 -152.00000000 -28.09079933
v -67.06255341 152.00000000 -28.09079933
v -66.80901337 -152.00000000 -28.09079933
v -66.80901337 152.00000000 -28.09079933
v -66.55545807 -152.00000000 -28.09079933
v -66.55545807 152.00000000 -28.09079933
v -66.30191803 -152.00000000 -28.09079933
v -66.30191803 152.00000000 -28.09079933
v -66.04837036 -152.00000000 -28.09079933
v -66.04837036 152.00000000 -28.09079933
v -65.79483032 -152.00000000 -28.09079933
v -65.79483032 152.00000000 -28.09079933
v -65.54129028 -152.00000000 -28.09079933
v -65.54129028 152.00000000 -28.09079933
v -65.28774261 -152.00000000 -28.09079933
v -65.28774261 152.00000000 -28.09079933
v -65.03420258 -152.00000000 -28.09079933
v -65.03420258 152.00000000 -28.09079933
v -64.78064728 -152.00000000 -28.09079933
v -64.78064728 152.00000000 -28.09079933
v -64.52709961 -152.00000000 -28.09079933
v -64.52709961 152.00000000 -28.09079933
v -64.27355957 -152.00000000 -28.09079933
v -64.27355957 152.00000000 -28.09079933
v -64.02001190 -152.00000000 -28.09079933
v -64.02001190 152.00000000 -28.09079933
v -63.76647186 -152.00000000 -28.09079933
v -63.76647186 152.00000000 -28.09079933
v -63.51292038 -152.00000000 -28.09079933
v -63.51292038 152.00000000 -28.09079933
v -63.25938034 -152.00000000 -28.09079933
v -63.25938034 152.00000000 -28.09079933
v -63.00584030 -152.00000000 -28.09079933
v -63.00584030 152.00000000 -28.09079933
v -62.75228882 -152.00000000 -28.09079933
v -62.75228882 152.00000000 -28.09079933
v -62.49874878 -152.00000000 -28.09079933
v -62.49874878 152.00000000 -28.09079933
v -62.24520111 -152.00000000 -28.09079933
v -62.24520111 152.00000000 -28.09079933
v -61.99164963 -152.00000000 -28.09079933
v -61.99164963 152.00000000 -28.09079933
v -61.73810959 -152.00000000 -28.09079933
v -61.73810959 152.00000000 -28.09079933
v -61.48455811 -152.00000000 -28.09079933
v -61.48455811 152.00000000 -28.09079933
v -61.23102188 -152.00000000 -28.09079933
v -61.23102188 152.00000000 -28.09079933
v -60.97748184 -152.00000000 -28.09079933
v -60.97748184 152.00000000 -28.09079933
v -60.72393036 -152.00000000 -28.09079933
v -60.72393036 152.00000000 -28.09079933
v -60.47039032 -152.00000000 -28.09079933
v -60.47039032 152.00000000 -28.09079933
v -60.21683884 -152.00000000 -28.09079933
v -60.21683884 152.00000000 -28.09079933
v -59.96329880 -152.00000000 -28.09079933
v -59.96329880 152.00000000 -28.09079933
v -59.70975113 -152.00000000 -28.09079933
v -59.70975113 152.00000000 -28.09079933
v -59.45621109 -152.00000000 -28.09079933
v -59.45621109 152.00000000 -28.09079933
v -59.20267105 -152.00000000 -28.09079933
v -59.20267105 152.00000000 -28.09079933
v -58.94911957 -152.00000000 -28.09079933
v -58.94911957 152.00000000 -28.09079933
v -58.69557953 -152.00000000 -28.09079933
v -58.69557953 152.00000000 -28.09079933
v -58.44203186 -152.00000000 -28.09079933
v -58.44203186 152.00000000 -28.09079933
v -58.18848038 -152.00000000 -28.09079933
v -58.18848038 152.00000000 -28.09079933
v -57.93494034 -152.00000000 -28.09079933
v -57.93494034 152.00000000 -28.09079933
v -57.68140030 -152.00000000 -28.09079933
v -57.68140030 152.00000000 -28.09079933
v -57.42786026 -152.00000000 -28.09079933
v -57.42786026 152.00000000 -28.09079933
v -57.17430878 -152.00000000 -28.09079933
v -57.17430878 152.00000000 -28.09079933
v -56.92076111 -152.00000000 -28.09079933
v -56.92076111 152.00000000 -28.09079933
v -56.66722107 -152.00000000 -28.09079933
v -56.66722107 152.00000000 -28.09079933
v -56.41366959 -152.00000000 -28.09079933
v -56.41366959 152.00000000 -28.09079933
v -56.16012955 -152.00000000 -28.09079933
v -56.16012955 152.00000000 -28.09079933
v -55.90658188 -152.00000000 -28.09079933
v -55.90658188 152.00000000 -28.09079933
v -55.65304184 -152.00000000 -28.09079933
v -55.65304184 152.00000000 -28.09079933
v -55.39950180 -152.00000000 -28.09079933
v -55.39950180 152.00000000 -28.09079933
v -55.14595032 -152.00000000 -28.09079933
v -55.14595032 152.00000000 -28.09079933
v -54.89241028 -152.00000000 -28.09079933
v -54.89241028 152.00000000 -28.09079933
v -54.63885880 -152.00000000 -28.09079933
v -54.63885880 152.00000000 -28.09079933
v -54.38531113 -152.00000000 -28.09079933
v -54.38531113 152.00000000 -28.09079933
v -54.13177109 -152.00000000 -28.09079933
v -54.13177109 152.00000000 -28.09079933
v -53.87823105 -152.00000000 -28.09079933
v -53.87823105 152.00000000 -28.09079933
v -53.62469101 -152.00000000 -28.09079933
v -53.62469101 152.00000000 -28.09079933
v -53.37113953 -152.00000000 -28.09079933
v -53.37113953 152.00000000 -28.09079933
v -53.11759186 -152.00000000 -28.09079933
v -53.11759186 152.00000000 -28.09079933
v -52.86405182 -152.00000000 -28.09079933
v -52.86405182 152.00000000 -28.09079933
v -52.61050034 -152.00000000 -28.09079933
v -52.61050034 152.00000000 -28.09079933
v -52.35696030 -152.00000000 -28.09079933
v -52.35696030 152.00000000 -28.09079933
v -52.10342026 -152.00000000 -28.09079933
v -52.10342026 152.00000000 -28.09079933
v -51.84986877 -152.00000000 -28.09079933
v -51.84986877 152.00000000 -28.09079933
v -51.59632874 -152.00000000 -28.09079933
v -51.59632874 152.00000000 -28.09079933
v -51.34278107 -152.00000000 -28.09079933
v -51.34278107 152.00000000 -28.09079933
v -51.08924103 -152.00000000 -28.09079933
v -51.08924103 152.00000000 -28.09079933
v -50.83568954 -152.00000000 -28.09079933
v -50.83568954 152.00000000 -28.09079933
v -50.58214188 -152.00000000 -28.09079933
v -50.58214188 152.00000000 -28.09079933
v -50.32860184 -152.00000000 -28.09079933
v -50.32860184 152.00000000 -28.09079933
v -50.07506180 -152.00000000 -28.09079933
v -50.07506180 152.00000000 -28.09079933
v -49.82152176 -152.00000000 -28.09079933
v -49.82152176 152.00000000 -28.09079933
v -49.56797028 -152.00000000 -28.09079933
v -49.56797028 152.00000000 -28.09079933
v -49.31441879 -152.00000000 -28.09079933
v -49.31441879 152.00000000 -28.09079933
v -49.06087875 -152.00000000 -28.09079933
v -49.06087875 152.00000000 -28.09079933
v -48.80733109 -152.00000000 -28.09079933
v -48.80733109 152.00000000 -28.09079933
v -48.55379105 -152.00000000 -28.09079933
v -48.55379105 152.00000000 -28.09079933
v -48.30025101 -152.00000000 -28.09079933
v -48.30025101 152.00000000 -28.09079933
v -48.04669952 -152.00000000 -28.09079933
v -48.04669952 152.00000000 -28.09079933
v -47.79315948 -152.00000000 -28.09079933
v -47.79315948 152.00000000 -28.09079933
v -47.53961182 -152.00000000 -28.09079933
v -47.53961182 152.00000000 -28.09079933
v -47.28607178 -152.00000000 -28.09079933
v -47.28607178 152.00000000 -28.09079933
v -47.03252029 -152.00000000 -28.09079933
v -47.03252029 152.00000000 -28.09079933
v -46.77898026 -152.00000000 -28.09079933
v -46.77898026 152.00000000 -28.09079933
v -46.52544022 -152.00000000 -28.09079933
v -46.52544022 152.00000000 -28.09079933
v -46.27188873 -152.00000000 -28.09079933
v -46.27188873 152.00000000 -28.09079933
v -46.01834869 -152.00000000 -28.09079933
v -46.01834869 152.00000000 -28.09079933
v -45.76480103 -152.00000000 -28.09079933
v -45.76480103 152.00000000 -28.09079933
v -45.51124954 -152.00000000 -28.09079933
v -45.51124954 152.00000000 -28.09079933
v -45.25770950 -152.00000000 -28.09079933
v -45.25770950 152.00000000 -28.09079933
v -45.00416183 -152.00000000 -28.09079933
v -45.00416183 152.00000000 -28.09079933
v -44.75062180 -152.00000000 -28.09079933
v -44.75062180 152.00000000 -28.09079933
v -44.49708176 -152.00000000 -28.09079933
v -44.49708176 152.00000000 -28.09079933
v -44.24353027 -152.00000000 -28.09079933
v -44.24353027 152.00000000 -28.09079933
v -43.98999023 -152.00000000 -28.09079933
v -43.98999023 152.00000000 -28.09079933
v -43.73643875 -152.00000000 -28.09079933
v -43.73643875 152.00000000 -28.09079933
v -43.48289871 -152.00000000 -28.09079933
v -43.48289871 152.00000000 -28.09079933
v -43.22935104 -152.00000000 -28.09079933
v -43.22935104 152.00000000 -28.09079933
v -42.97581100 -152.00000000 -28.09079933
v -42.97581100 152.00000000 -28.09079933
v -42.72227097 -152.00000000 -28.09079933
v -42.72227097 152.00000000 -28.09079933
v -42.46871948 -152.00000000 -28.09079933
v -42.46871948 152.00000000 -28.09079933
v -42.21517944 -152.00000000 -28.09079933
v -42.21517944 152.00000000 -28.09079933
v -41.96163177 -152.00000000 -28.09079933
v -41.96163177 152.00000000 -28.09079933
v -41.70808029 -152.00000000 -28.09079933
v -41.70808029 152.00000000 -28.09079933
v -41.45454025 -152.00000000 -28.09079933
v -41.45454025 152.00000000 -28.09079933
v -41.20100021 -152.00000000 -28.09079933
v -41.20100021 152.00000000 -28.09079933
v -40.94746017 -152.00000000 -28.09079933
v -40.94746017 152.00000000 -28.09079933
v -40.69390869 -152.00000000 -28.09079933
v -40.69390869 152.00000000 -28.09079933
v -40.44036102 -152.00000000 -28.09079933
v -40.44036102 152.00000000 -28.09079933
v -40.18682098 -152.00000000 -28.09079933
v -40.18682098 152.00000000 -28.09079933
v -39.93326950 -152.00000000 -28.09079933
v -39.93326950 152.00000000 -28.09079933
v -39.67972946 -152.00000000 -28.09079933
v -39.67972946 152.00000000 -28.09079933
v -39.42618179 -152.00000000 -28.09079933
v -39.42618179 152.00000000 -28.09079933
v -39.17264175 -152.00000000 -28.09079933
v -39.17264175 152.00000000 -28.09079933
v -38.91910172 -152.00000000 -28.09079933
v -38.91910172 152.00000000 -28.09079933
v -38.66555023 -152.00000000 -28.09079933
v -38.66555023 152.00000000 -28.09079933
v -38.41199875 -152.00000000 -28.09079933
v -38.41199875 152.00000000 -28.09079933
v -38.15845871 -152.00000000 -28.09079933
v -38.15845871 152.00000000 -28.09079933
v -37.90491104 -152.00000000 -28.09079933
v -37.90491104 152.00000000 -28.09079933
v -37.65137100 -152.00000000 -28.09079933
v -37.65137100 152.00000000 -28.09079933
v -37.39783096 -152.00000000 -28.09079933
v -37.39783096 152.00000000 -28.09079933
v -37.14427948 -152.00000000 -28.09079933
v -37.14427948 152.00000000 -28.09079933
v -36.89073944 -152.00000000 -28.09079933
v -36.89073944 152.00000000 -28.09079933
v -36.63719177 -152.00000000 -28.09079933
v -36.63719177 152.00000000 -28.09079933
v -36.38365173 -152.00000000 -28.09079933
v -36.38365173 152.00000000 -28.09079933
v -36.13010025 -152.00000000 -28.09079933
v -36.13010025 152.00000000 -28.09079933
v -35.87656021 -152.00000000 -28.09079933
v -35.87656021 152.00000000 -28.09079933
v -35.62302017 -152.00000000 -28.09079933
v -35.62302017 152.00000000 -28.09079933
v -35.36946869 -152.00000000 -28.09079933
v -35.36946869 152.00000000 -28.09079933
v -35.11592865 -152.00000000 -28.09079933
v -35.11592865 152.00000000 -28.09079933
v -34.86238098 -152.00000000 -28.09079933
v -34.86238098 152.00000000 -28.09079933
v -34.60882950 -152.00000000 -28.09079933
v -34.60882950 152.00000000 -28.09079933
v -34.35528946 -152.00000000 -28.09079933
v -34.35528946 152.00000000 -28.09079933
v -34.10174179 -152.00000000 -28.09079933
v -34.10174179 152.00000000 -28.09079933
v -33.84820175 -152.00000000 -28.09079933
v -33.84820175 152.00000000 -28.09079933
v -33.59466171 -152.00000000 -28.09079933
v -33.59466171 152.00000000 -28.09079933
v -33.34111023 -152.00000000 -28.09079933
v -33.34111023 152.00000000 -28.09079933
v -33.08757019 -152.00000000 -28.09079933
v -33.08757019 152.00000000 -28.09079933
v -32.83401871 -152.00000000 -28.09079933
v -32.83401871 152.00000000 -28.09079933
v -32.58047867 -152.00000000 -28.09079933
v -32.58047867 152.00000000 -28.09079933
v -32.32693100 -152.00000000 -28.09079933
v -32.32693100 152.00000000 -28.09079933
v -32.07339096 -152.00000000 -28.09079933
v -32.07339096 152.00000000 -28.09079933
v -31.81985092 -152.00000000 -28.09079933
v -31.81985092 152.00000000 -28.09079933
v -31.56629944 -152.00000000 -28.09079933
v -31.56629944 152.00000000 -28.09079933
v -31.31275940 -152.00000000 -28.09079933
v -31.31275940 152.00000000 -28.09079933
v -31.05920982 -152.00000000 -28.09079933
v -31.05920982 152.00000000 -28.09079933
v -30.80566025 -152.00000000 -28.09079933
v -30.80566025 152.00000000 -28.09079933
v -30.55212021 -152.00000000 -28.09079933
v -30.55212021 152.00000000 -28.09079933
v -30.29858017 -152.00000000 -28.09079933
v -30.29858017 152.00000000 -28.09079933
v -30.04504013 -152.00000000 -28.09079933
v -30.04504013 152.00000000 -28.09079933
v -29.79149055 -152.00000000 -28.09079933
v -29.79149055 152.00000000 -28.09079933
v -29.53793907 -152.00000000 -28.09079933
v -29.53793907 152.00000000 -28.09079933
v -29.28440094 -152.00000000 -28.09079933
v -29.28440094 152.00000000 -28.09079933
v -29.03084946 -152.00000000 -28.09079933
v -29.03084946 152.00000000 -28.09079933
v -28.77730942 -152.00000000 -28.09079933
v -28.77730942 152.00000000 -28.09079933
v -28.52376938 -152.00000000 -28.09079933
v -28.52376938 152.00000000 -28.09079933
v -28.27021980 -152.00000000 -28.09079933
v -28.27021980 152.00000000 -28.09079933
v -28.01667976 -152.00000000 -28.09079933
v -28.01667976 152.00000000 -28.09079933
v -27.76313019 -152.00000000 -28.09079933
v -27.76313019 152.00000000 -28.09079933
v -27.50959015 -152.00000000 -28.09079933
v -27.50959015 152.00000000 -28.09079933
v -27.25604057 -152.00000000 -28.09079933
v -27.25604057 152.00000000 -28.09079933
v -27.00250053 -152.00000000 -28.09079933
v -27.00250053 152.00000000 -28.09079933
v -26.74896049 -152.00000000 -28.09079933
v -26.74896049 152.00000000 -28.09079933
v -26.49541092 -152.00000000 -28.09079933
v -26.49541092 152.00000000 -28.09079933
v -26.24187088 -152.00000000 -28.09079933
v -26.24187088 152.00000000 -28.09079933
v -25.98831940 -152.00000000 -28.09079933
v -25.98831940 152.00000000 -28.09079933
v -25.73476982 -152.00000000 -28.09079933
v -25.73476982 152.00000000 -28.09079933
v -25.48122978 -152.00000000 -28.09079933
v -25.48122978 152.00000000 -28.09079933
v -25.22768021 -152.00000000 -28.09079933
v -25.22768021 152.00000000 -28.09079933
v -24.97414017 -152.00000000 -28.09079933
v -24.97414017 152.00000000 -28.09079933
v -24.72060013 -152.00000000 -28.09079933
v -24.72060013 152.00000000 -28.09079933
v -24.46705055 -152.00000000 -28.09079933
v -24.46705055 152.00000000 -28.09079933
v -24.21351051 -152.00000000 -28.09079933
v -24.21351051 152.00000000 -28.09079933
v -23.95996094 -152.00000000 -28.09079933
v -23.95996094 152.00000000 -28.09079933
v -23.70642090 -152.00000000 -28.09079933
v -23.70642090 152.00000000 -28.09079933
v -23.45288086 -152.00000000 -28.09079933
v -23.45288086 152.00000000 -28.09079933
v -23.19932938 -152.00000000 -28.09079933
v -23.19932938 152.00000000 -28.09079933
v -22.94578934 -152.00000000 -28.09079933
v -22.94578934 152.00000000 -28.09079933
v -22.69224930 -152.00000000 -28.09079933
v -22.69224930 152.00000000 -28.09079933
v -22.43869019 -152.00000000 -28.09079933
v -22.43869019 152.00000000 -28.09079933
v -22.18515015 -152.00000000 -28.09079933
v -22.18515015 152.00000000 -28.09079933
v -21.93161011 -152.00000000 -28.09079933
v -21.93161011 152.00000000 -28.09079933
v -21.67806053 -152.00000000 -28.09079933
v -21.67806053 152.00000000 -28.09079933
v -21.42452049 -152.00000000 -28.09079933
v -21.42452049 152.00000000 -28.09079933
v -21.17098045 -152.00000000 -28.09079933
v -21.17098045 152.00000000 -28.09079933
v -20.91741943 -152.00000000 -28.09079933
v -20.91741943 152.00000000 -28.09079933
v -20.66387939 -152.00000000 -28.09079933
v -20.66387939 152.00000000 -28.09079933
v -20.41033936 -152.00000000 -28.09079933
v -20.41033936 152.00000000 -28.09079933
v -20.15679932 -152.00000000 -28.09079933
v -20.15679932 152.00000000 -28.09079933
v -19.90324020 -152.00000000 -28.09079933
v -19.90324020 152.00000000 -28.09079933
v -19.64970016 -152.00000000 -28.09079933
v -19.64970016 152.00000000 -28.09079933
v -19.39616013 -152.00000000 -28.09079933
v -19.39616013 152.00000000 -28.09079933
v -19.14261055 -152.00000000 -28.09079933
v -19.14261055 152.00000000 -28.09079933
v -18.88907051 -152.00000000 -28.09079933
v -18.88907051 152.00000000 -28.09079933
v -18.63553047 -152.00000000 -28.09079933
v -18.63553047 152.00000000 -28.09079933
v -18.38196945 -152.00000000 -28.09079933
v -18.38196945 152.00000000 -28.09079933
v -18.12842941 -152.00000000 -28.09079933
v -18.12842941 152.00000000 -28.09079933
v -17.87488937 -152.00000000 -28.09079933
v -17.87488937 152.00000000 -28.09079933
v -17.62134933 -152.00000000 -28.09079933
v -17.62134933 152.00000000 -28.09079933
v -17.36779976 -152.00000000 -28.09079933
v -17.36779976 152.00000000 -28.09079933
v -17.11425972 -152.00000000 -28.09079933
v -17.11425972 152.00000000 -28.09079933
v -16.86071968 -152.00000000 -28.09079933
v -16.86071968 152.00000000 -28.09079933
v -16.60716057 -152.00000000 -28.09079933
v -16.60716057 152.00000000 -28.09079933
v -16.35362053 -152.00000000 -28.09079933
v -16.35362053 152.00000000 -28.09079933
v -16.10008049 -152.00000000 -28.09079933
v -16.10008049 152.00000000 -28.09079933
v -15.84652996 -152.00000000 -28.09079933
v -15.84652996 152.00000000 -28.09079933
v -15.59298992 -152.00000000 -28.09079933
v -15.59298992 152.00000000 -28.09079933
v -15.33944988 -152.00000000 -28.09079933
v -15.33944988 152.00000000 -28.09079933
v -15.08590984 -152.00000000 -28.09079933
v -15.08590984 152.00000000 -28.09079933
v -14.83234978 -152.00000000 -28.09079933
v -14.83234978 152.00000000 -28.09079933
v -14.57880974 -152.00000000 -28.09079933
v -14.57880974 152.00000000 -28.09079933
v -14.32526970 -152.00000000 -28.09079933
v -14.32526970 152.00000000 -28.09079933
v -14.07172012 -152.00000000 -28.09079933
v -14.07172012 152.00000000 -28.09079933
v -13.81818008 -152.00000000 -28.09079933
v -13.81818008 152.00000000 -28.09079933
v -13.56464005 -152.00000000 -28.09079933
v -13.56464005 152.00000000 -28.09079933
v -13.31107998 -152.00000000 -28.09079933
v -13.31107998 152.00000000 -28.09079933
v -13.05753994 -152.00000000 -28.09079933
v -13.05753994 152.00000000 -28.09079933
v -12.80399990 -152.00000000 -28.09079933
v -12.80399990 152.00000000 -28.09079933
v -12.55045986 -152.00000000 -28.09079933
v -12.55045986 152.00000000 -28.09079933
v -12.29691029 -152.00000000 -28.09079933
v -12.29691029 152.00000000 -28.09079933
v -12.04337025 -152.00000000 -28.09079933
v -12.04337025 152.00000000 -28.09079933
v -11.78983021 -152.00000000 -28.09079933
v -11.78983021 152.00000000 -28.09079933
v -11.53627014 -152.00000000 -28.09079933
v -11.53627014 152.00000000 -28.09079933
v -11.28273010 -152.00000000 -28.09079933
v -11.28273010 152.00000000 -28.09079933
v -11.02919006 -152.00000000 -28.09079933
v -11.02919006 152.00000000 -28.09079933
v -10.77563000 -152.00000000 -28.09079933
v -10.77563000 152.00000000 -28.09079933
v -10.52208996 -152.00000000 -28.09079933
v -10.52208996 152.00000000 -28.09079933
v -10.26854992 -152.00000000 -28.09079933
v -10.26854992 152.00000000 -28.09079933
v -10.01500988 -152.00000000 -28.09079933
v -10.01500988 152.00000000 -28.09079933
v -9.76146030 -152.00000000 -28.09079933
v -9.76146030 152.00000000 -28.09079933
v -9.50792027 -152.00000000 -28.09079933
v -9.50792027 152.00000000 -28.09079933
v -9.25438023 -152.00000000 -28.09079933
v -9.25438023 152.00000000 -28.09079933
v -9.00082397 -152.00000000 -28.09079933
v -9.00082397 152.00000000 -28.09079933
v -8.74728394 -152.00000000 -28.09079933
v -8.74728394 152.00000000 -28.09079933
v -8.49374390 -152.00000000 -28.09079933
v -8.49374390 152.00000000 -28.09079933
v -8.24018860 -152.00000000 -28.09079933
v -8.24018860 152.00000000 -28.09079933
v -7.98664904 -152.00000000 -28.09079933
v -7.98664904 152.00000000 -28.09079933
v -7.73310804 -152.00000000 -28.09079933
v -7.73310804 152.00000000 -28.09079933
v -7.47956800 -152.00000000 -28.09079933
v -7.47956800 152.00000000 -28.09079933
v -7.22601318 -152.00000000 -28.09079933
v -7.22601318 152.00000000 -28.09079933
v -6.97247314 -152.00000000 -28.09079933
v -6.97247314 152.00000000 -28.09079933
v -6.71893311 -152.00000000 -28.09079933
v -6.71893311 152.00000000 -28.09079933
v -6.46537781 -152.00000000 -28.09079933
v -6.46537781 152.00000000 -28.09079933
v -6.21183777 -152.00000000 -28.09079933
v -6.21183777 152.00000000 -28.09079933
v -5.95829821 -152.00000000 -28.09079933
v -5.95829821 152.00000000 -28.09079933
v -5.70474195 -152.00000000 -28.09079933
v -5.70474195 152.00000000 -28.09079933
v -5.45120192 -152.00000000 -28.09079933
v -5.45120192 152.00000000 -28.09079933
v -5.19766188 -152.00000000 -28.09079933
v -5.19766188 152.00000000 -28.09079933
v -4.94412184 -152.00000000 -28.09079933
v -4.94412184 152.00000000 -28.09079933
v -4.69056702 -152.00000000 -28.09079933
v -4.69056702 152.00000000 -28.09079933
v -4.43702698 -152.00000000 -28.09079933
v -4.43702698 152.00000000 -28.09079933
v -4.18348694 -152.00000000 -28.09079933
v -4.18348694 152.00000000 -28.09079933
v -3.92993212 -152.00000000 -28.09079933
v -3.92993212 152.00000000 -28.09079933
v -3.67639208 -152.00000000 -28.09079933
v -3.67639208 152.00000000 -28.09079933
v -3.42285204 -152.00000000 -28.09079933
v -3.42285204 152.00000000 -28.09079933
v -3.16929603 -152.00000000 -28.09079933
v -3.16929603 152.00000000 -28.09079933
v -2.91575599 -152.00000000 -28.09079933
v -2.91575599 152.00000000 -28.09079933
v -2.66221595 -152.00000000 -28.09079933
v -2.66221595 152.00000000 -28.09079933
v -2.40867591 -152.00000000 -28.09079933
v -2.40867591 152.00000000 -28.09079933
v -2.15512109 -152.00000000 -28.09079933
v -2.15512109 152.00000000 -28.09079933
v -1.90158105 -152.00000000 -28.09079933
v -1.90158105 152.00000000 -28.09079933
v -1.64804101 -152.00000000 -28.09079933
v -1.64804101 152.00000000 -28.09079933
v -1.39448500 -152.00000000 -28.09079933
v -1.39448500 152.00000000 -28.09079933
v -1.14094496 -152.00000000 -28.09079933
v -1.14094496 152.00000000 -28.09079933
v -0.88740540 -152.00000000 -28.09079933
v -0.88740540 152.00000000 -28.09079933
v -0.63385010 -152.00000000 -28.09079933
v -0.63385010 152.00000000 -28.09079933
v -0.38031009 -152.00000000 -28.09079933
v -0.38031009 152.00000000 -28.09079933
v -0.12677000 -152.00000000 -28.09079933
v -0.12677000 152.00000000 -28.09079933
v 0.12677000 -152.00000000 -28.09079933
v 0.12677000 152.00000000 -28.09079933
v 0.38032529 -152.00000000 -28.09079933
v 0.38032529 152.00000000 -28.09079933
v 0.63386542 -152.00000000 -28.09079933
v 0.63386542 152.00000000 -28.09079933
v 0.88740540 -152.00000000 -28.09079933
v 0.88740540 152.00000000 -28.09079933
v 1.14096105 -152.00000000 -28.09079933
v 1.14096105 152.00000000 -28.09079933
v 1.39450097 -152.00000000 -28.09079933
v 1.39450097 152.00000000 -28.09079933
v 1.64804101 -152.00000000 -28.09079933
v 1.64804101 152.00000000 -28.09079933
v 1.90159595 -152.00000000 -28.09079933
v 1.90159595 152.00000000 -28.09079933
v 2.15513611 -152.00000000 -28.09079933
v 2.15513611 152.00000000 -28.09079933
v 2.40867591 -152.00000000 -28.09079933
v 2.40867591 152.00000000 -28.09079933
v 2.66221595 -152.00000000 -28.09079933
v 2.66221595 152.00000000 -28.09079933
v 2.91577101 -152.00000000 -28.09079933
v 2.91577101 152.00000000 -28.09079933
v 3.16931200 -152.00000000 -28.09079933
v 3.16931200 152.00000000 -28.09079933
v 3.42285204 -152.00000000 -28.09079933
v 3.42285204 152.00000000 -28.09079933
v 3.67640710 -152.00000000 -28.09079933
v 3.67640710 152.00000000 -28.09079933
v 3.92994690 -152.00000000 -28.09079933
v 3.92994690 152.00000000 -28.09079933
v 4.18348694 -152.00000000 -28.09079933
v 4.18348694 152.00000000 -28.09079933
v 4.43704224 -152.00000000 -28.09079933
v 4.43704224 152.00000000 -28.09079933
v 4.69058180 -152.00000000 -28.09079933
v 4.69058180 152.00000000 -28.09079933
v 4.94412184 -152.00000000 -28.09079933
v 4.94412184 152.00000000 -28.09079933
v 5.19766188 -152.00000000 -28.09079933
v 5.19766188 152.00000000 -28.09079933
v 5.45121813 -152.00000000 -28.09079933
v 5.45121813 152.00000000 -28.09079933
v 5.70475817 -152.00000000 -28.09079933
v 5.70475817 152.00000000 -28.09079933
v 5.95829821 -152.00000000 -28.09079933
v 5.95829821 152.00000000 -28.09079933
v 6.21185303 -152.00000000 -28.09079933
v 6.21185303 152.00000000 -28.09079933
v 6.46539307 -152.00000000 -28.09079933
v 6.46539307 152.00000000 -28.09079933
v 6.71893311 -152.00000000 -28.09079933
v 6.71893311 152.00000000 -28.09079933
v 6.97248793 -152.00000000 -28.09079933
v 6.97248793 152.00000000 -28.09079933
v 7.22602797 -152.00000000 -28.09079933
v 7.22602797 152.00000000 -28.09079933
v 7.47956800 -152.00000000 -28.09079933
v 7.47956800 152.00000000 -28.09079933
v 7.73310804 -152.00000000 -28.09079933
v 7.73310804 152.00000000 -28.09079933
v 7.98666382 -152.00000000 -28.09079933
v 7.98666382 152.00000000 -28.09079933
v 8.24020386 -152.00000000 -28.09079933
v 8.24020386 152.00000000 -28.09079933
v 8.49374390 -152.00000000 -28.09079933
v 8.49374390 152.00000000 -28.09079933
v 8.74730015 -152.00000000 -28.09079933
v 8.74730015 152.00000000 -28.09079933
v 9.00084019 -152.00000000 -28.09079933
v 9.00084019 152.00000000 -28.09079933
v 9.25438023 -152.00000000 -28.09079933
v 9.25438023 152.00000000 -28.09079933
v 9.50793457 -152.00000000 -28.09079933
v 9.50793457 152.00000000 -28.09079933
v 9.76147461 -152.00000000 -28.09079933
v 9.76147461 152.00000000 -28.09079933
v 10.01500988 -152.00000000 -28.09079933
v 10.01500988 152.00000000 -28.09079933
v 10.26854992 -152.00000000 -28.09079933
v 10.26854992 152.00000000 -28.09079933
v 10.52210999 -152.00000000 -28.09079933
v 10.52210999 152.00000000 -28.09079933
v 10.77565002 -152.00000000 -28.09079933
v 10.77565002 152.00000000 -28.09079933
v 11.02919006 -152.00000000 -28.09079933
v 11.02919006 152.00000000 -28.09079933
v 11.28275013 -152.00000000 -28.09079933
v 11.28275013 152.00000000 -28.09079933
v 11.53629017 -152.00000000 -28.09079933
v 11.53629017 152.00000000 -28.09079933
v 11.78983021 -152.00000000 -28.09079933
v 11.78983021 152.00000000 -28.09079933
v 12.04337978 -152.00000000 -28.09079933
v 12.04337978 152.00000000 -28.09079933
v 12.29691982 -152.00000000 -28.09079933
v 12.29691982 152.00000000 -28.09079933
v 12.55045986 -152.00000000 -28.09079933
v 12.55045986 152.00000000 -28.09079933
v 12.80401993 -152.00000000 -28.09079933
v 12.80401993 152.00000000 -28.09079933
v 13.05755997 -152.00000000 -28.09079933
v 13.05755997 152.00000000 -28.09079933
v 13.31110001 -152.00000000 -28.09079933
v 13.31110001 152.00000000 -28.09079933
v 13.56464005 -152.00000000 -28.09079933
v 13.56464005 152.00000000 -28.09079933
v 13.81818962 -152.00000000 -28.09079933
v 13.81818962 152.00000000 -28.09079933
v 14.07172966 -152.00000000 -28.09079933
v 14.07172966 152.00000000 -28.09079933
v 14.32526970 -152.00000000 -28.09079933
v 14.32526970 152.00000000 -28.09079933
v 14.57882977 -152.00000000 -28.09079933
v 14.57882977 152.00000000 -28.09079933
v 14.83236980 -152.00000000 -28.09079933
v 14.83236980 152.00000000 -28.09079933
v 15.08590984 -152.00000000 -28.09079933
v 15.08590984 152.00000000 -28.09079933
v 15.33946037 -152.00000000 -28.09079933
v 15.33946037 152.00000000 -28.09079933
v 15.59300041 -152.00000000 -28.09079933
v 15.59300041 152.00000000 -28.09079933
v 15.84654045 -152.00000000 -28.09079933
v 15.84654045 152.00000000 -28.09079933
v 16.10008049 -152.00000000 -28.09079933
v 16.10008049 152.00000000 -28.09079933
v 16.35363960 -152.00000000 -28.09079933
v 16.35363960 152.00000000 -28.09079933
v 16.60717964 -152.00000000 -28.09079933
v 16.60717964 152.00000000 -28.09079933
v 16.86071968 -152.00000000 -28.09079933
v 16.86071968 152.00000000 -28.09079933
v 17.11426926 -152.00000000 -28.09079933
v 17.11426926 152.00000000 -28.09079933
v 17.36780930 -152.00000000 -28.09079933
v 17.36780930 152.00000000 -28.09079933
v 17.62134933 -152.00000000 -28.09079933
v 17.62134933 152.00000000 -28.09079933
v 17.87491035 -152.00000000 -28.09079933
v 17.87491035 152.00000000 -28.09079933
v 18.12845039 -152.00000000 -28.09079933
v 18.12845039 152.00000000 -28.09079933
v 18.38199043 -152.00000000 -28.09079933
v 18.38199043 152.00000000 -28.09079933
v 18.63553047 -152.00000000 -28.09079933
v 18.63553047 152.00000000 -28.09079933
v 18.88908005 -152.00000000 -28.09079933
v 18.88908005 152.00000000 -28.09079933
v 19.14262009 -152.00000000 -28.09079933
v 19.14262009 152.00000000 -28.09079933
v 19.39616013 -152.00000000 -28.09079933
v 19.39616013 152.00000000 -28.09079933
v 19.64971924 -152.00000000 -28.09079933
v 19.64971924 152.00000000 -28.09079933
v 19.90325928 -152.00000000 -28.09079933
v 19.90325928 152.00000000 -28.09079933
v 20.15679932 -152.00000000 -28.09079933
v 20.15679932 152.00000000 -28.09079933
v 20.41036034 -152.00000000 -28.09079933
v 20.41036034 152.00000000 -28.09079933
v 20.66390038 -152.00000000 -28.09079933
v 20.66390038 152.00000000 -28.09079933
v 20.91744041 -152.00000000 -28.09079933
v 20.91744041 152.00000000 -28.09079933
v 21.17098045 -152.00000000 -28.09079933
v 21.17098045 152.00000000 -28.09079933
v 21.42453003 -152.00000000 -28.09079933
v 21.42453003 152.00000000 -28.09079933
v 21.67807007 -152.00000000 -28.09079933
v 21.67807007 152.00000000 -28.09079933
v 21.93161011 -152.00000000 -28.09079933
v 21.93161011 152.00000000 -28.09079933
v 22.18516922 -152.00000000 -28.09079933
v 22.18516922 152.00000000 -28.09079933
v 22.43870926 -152.00000000 -28.09079933
v 22.43870926 152.00000000 -28.09079933
v 22.69224930 -152.00000000 -28.09079933
v 22.69224930 152.00000000 -28.09079933
v 22.94580078 -152.00000000 -28.09079933
v 22.94580078 152.00000000 -28.09079933
v 23.19934082 -152.00000000 -28.09079933
v 23.19934082 152.00000000 -28.09079933
v 23.45288086 -152.00000000 -28.09079933
v 23.45288086 152.00000000 -28.09079933
v 23.70642090 -152.00000000 -28.09079933
v 23.70642090 152.00000000 -28.09079933
v 23.95998001 -152.00000000 -28.09079933
v 23.95998001 152.00000000 -28.09079933
v 24.21352005 -152.00000000 -28.09079933
v 24.21352005 152.00000000 -28.09079933
v 24.46706009 -152.00000000 -28.09079933
v 24.46706009 152.00000000 -28.09079933
v 24.72060966 -152.00000000 -28.09079933
v 24.72060966 152.00000000 -28.09079933
v 24.97414970 -152.00000000 -28.09079933
v 24.97414970 152.00000000 -28.09079933
v 25.22768974 -152.00000000 -28.09079933
v 25.22768974 152.00000000 -28.09079933
v 25.48125076 -152.00000000 -28.09079933
v 25.48125076 152.00000000 -28.09079933
v 25.73479080 -152.00000000 -28.09079933
v 25.73479080 152.00000000 -28.09079933
v 25.98833084 -152.00000000 -28.09079933
v 25.98833084 152.00000000 -28.09079933
v 26.24187088 -152.00000000 -28.09079933
v 26.24187088 152.00000000 -28.09079933
v 26.49542046 -152.00000000 -28.09079933
v 26.49542046 152.00000000 -28.09079933
v 26.74896049 -152.00000000 -28.09079933
v 26.74896049 152.00000000 -28.09079933
v 27.00250053 -152.00000000 -28.09079933
v 27.00250053 152.00000000 -28.09079933
v 27.25605965 -152.00000000 -28.09079933
v 27.25605965 152.00000000 -28.09079933
v 27.50959969 -152.00000000 -28.09079933
v 27.50959969 152.00000000 -28.09079933
v 27.76313972 -152.00000000 -28.09079933
v 27.76313972 152.00000000 -28.09079933
v 28.01668930 -152.00000000 -28.09079933
v 28.01668930 152.00000000 -28.09079933
v 28.27022934 -152.00000000 -28.09079933
v 28.27022934 152.00000000 -28.09079933
v 28.52376938 -152.00000000 -28.09079933
v 28.52376938 152.00000000 -28.09079933
v 28.77730942 -152.00000000 -28.09079933
v 28.77730942 152.00000000 -28.09079933
v 29.03087044 -152.00000000 -28.09079933
v 29.03087044 152.00000000 -28.09079933
v 29.28441048 -152.00000000 -28.09079933
v 29.28441048 152.00000000 -28.09079933
v 29.53795052 -152.00000000 -28.09079933
v 29.53795052 152.00000000 -28.09079933
v 29.79150009 -152.00000000 -28.09079933
v 29.79150009 152.00000000 -28.09079933
v 30.04504013 -152.00000000 -28.09079933
v 30.04504013 152.00000000 -28.09079933
v 30.29858017 -152.00000000 -28.09079933
v 30.29858017 152.00000000 -28.09079933
v 30.55213928 -152.00000000 -28.09079933
v 30.55213928 152.00000000 -28.09079933
v 30.80567932 -152.00000000 -28.09079933
v 30.80567932 152.00000000 -28.09079933
v 31.05921936 -152.00000000 -28.09079933
v 31.05921936 152.00000000 -28.09079933
v 31.31275940 -152.00000000 -28.09079933
v 31.31275940 152.00000000 -28.09079933
v 31.56632042 -152.00000000 -28.09079933
v 31.56632042 152.00000000 -28.09079933
v 31.81986046 -152.00000000 -28.09079933
v 31.81986046 152.00000000 -28.09079933
v 32.07339096 -152.00000000 -28.09079933
v 32.07339096 152.00000000 -28.09079933
v 32.32695007 -152.00000000 -28.09079933
v 32.32695007 152.00000000 -28.09079933
v 32.58049011 -152.00000000 -28.09079933
v 32.58049011 152.00000000 -28.09079933
v 32.83403015 -152.00000000 -28.09079933
v 32.83403015 152.00000000 -28.09079933
v 33.08758163 -152.00000000 -28.09079933
v 33.08758163 152.00000000 -28.09079933
v 33.34112167 -152.00000000 -28.09079933
v 33.34112167 152.00000000 -28.09079933
v 33.59466171 -152.00000000 -28.09079933
v 33.59466171 152.00000000 -28.09079933
v 33.84820175 -152.00000000 -28.09079933
v 33.84820175 152.00000000 -28.09079933
v 34.10176086 -152.00000000 -28.09079933
v 34.10176086 152.00000000 -28.09079933
v 34.35530090 -152.00000000 -28.09079933
v 34.35530090 152.00000000 -28.09079933
v 34.60884094 -152.00000000 -28.09079933
v 34.60884094 152.00000000 -28.09079933
v 34.86240005 -152.00000000 -28.09079933
v 34.86240005 152.00000000 -28.09079933
v 35.11594009 -152.00000000 -28.09079933
v 35.11594009 152.00000000 -28.09079933
v 35.36948013 -152.00000000 -28.09079933
v 35.36948013 152.00000000 -28.09079933
v 35.62303162 -152.00000000 -28.09079933
v 35.62303162 152.00000000 -28.09079933
v 35.87657166 -152.00000000 -28.09079933
v 35.87657166 152.00000000 -28.09079933
v 36.13011169 -152.00000000 -28.09079933
v 36.13011169 152.00000000 -28.09079933
v 36.38365173 -152.00000000 -28.09079933
v 36.38365173 152.00000000 -28.09079933
v 36.63721085 -152.00000000 -28.09079933
v 36.63721085 152.00000000 -28.09079933
v 36.89075089 -152.00000000 -28.09079933
v 36.89075089 152.00000000 -28.09079933
v 37.14429092 -152.00000000 -28.09079933
v 37.14429092 152.00000000 -28.09079933
v 37.39783859 -152.00000000 -28.09079933
v 37.39783859 152.00000000 -28.09079933
v 37.65137863 -152.00000000 -28.09079933
v 37.65137863 152.00000000 -28.09079933
v 37.90491867 -152.00000000 -28.09079933
v 37.90491867 152.00000000 -28.09079933
v 38.15848160 -152.00000000 -28.09079933
v 38.15848160 152.00000000 -28.09079933
v 38.41202164 -152.00000000 -28.09079933
v 38.41202164 152.00000000 -28.09079933
v 38.66556168 -152.00000000 -28.09079933
v 38.66556168 152.00000000 -28.09079933
v 38.91910172 -152.00000000 -28.09079933
v 38.91910172 152.00000000 -28.09079933
v 39.17264938 -152.00000000 -28.09079933
v 39.17264938 152.00000000 -28.09079933
v 39.42618942 -152.00000000 -28.09079933
v 39.42618942 152.00000000 -28.09079933
v 39.67972946 -152.00000000 -28.09079933
v 39.67972946 152.00000000 -28.09079933
v 39.93328857 -152.00000000 -28.09079933
v 39.93328857 152.00000000 -28.09079933
v 40.18682861 -152.00000000 -28.09079933
v 40.18682861 152.00000000 -28.09079933
v 40.44036865 -152.00000000 -28.09079933
v 40.44036865 152.00000000 -28.09079933
v 40.69392014 -152.00000000 -28.09079933
v 40.69392014 152.00000000 -28.09079933
v 40.94746017 -152.00000000 -28.09079933
v 40.94746017 152.00000000 -28.09079933
v 41.20100021 -152.00000000 -28.09079933
v 41.20100021 152.00000000 -28.09079933
v 41.45454025 -152.00000000 -28.09079933
v 41.45454025 152.00000000 -28.09079933
v 41.70809937 -152.00000000 -28.09079933
v 41.70809937 152.00000000 -28.09079933
v 41.96163940 -152.00000000 -28.09079933
v 41.96163940 152.00000000 -28.09079933
v 42.21517944 -152.00000000 -28.09079933
v 42.21517944 152.00000000 -28.09079933
v 42.46873093 -152.00000000 -28.09079933
v 42.46873093 152.00000000 -28.09079933
v 42.72227097 -152.00000000 -28.09079933
v 42.72227097 152.00000000 -28.09079933
v 42.97581100 -152.00000000 -28.09079933
v 42.97581100 152.00000000 -28.09079933
v 43.22937012 -152.00000000 -28.09079933
v 43.22937012 152.00000000 -28.09079933
v 43.48291016 -152.00000000 -28.09079933
v 43.48291016 152.00000000 -28.09079933
v 43.73645020 -152.00000000 -28.09079933
v 43.73645020 152.00000000 -28.09079933
v 43.99000168 -152.00000000 -28.09079933
v 43.99000168 152.00000000 -28.09079933
v 44.24354172 -152.00000000 -28.09079933
v 44.24354172 152.00000000 -28.09079933
v 44.49708176 -152.00000000 -28.09079933
v 44.49708176 152.00000000 -28.09079933
v 44.75062180 -152.00000000 -28.09079933
v 44.75062180 152.00000000 -28.09079933
v 45.00418091 -152.00000000 -28.09079933
v 45.00418091 152.00000000 -28.09079933
v 45.25772095 -152.00000000 -28.09079933
v 45.25772095 152.00000000 -28.09079933
v 45.51126099 -152.00000000 -28.09079933
v 45.51126099 152.00000000 -28.09079933
v 45.76482010 -152.00000000 -28.09079933
v 45.76482010 152.00000000 -28.09079933
v 46.01836014 -152.00000000 -28.09079933
v 46.01836014 152.00000000 -28.09079933
v 46.27190018 -152.00000000 -28.09079933
v 46.27190018 152.00000000 -28.09079933
v 46.52545166 -152.00000000 -28.09079933
v 46.52545166 152.00000000 -28.09079933
v 46.77899170 -152.00000000 -28.09079933
v 46.77899170 152.00000000 -28.09079933
v 47.03253174 -152.00000000 -28.09079933
v 47.03253174 152.00000000 -28.09079933
v 47.28607178 -152.00000000 -28.09079933
v 47.28607178 152.00000000 -28.09079933
v 47.53963089 -152.00000000 -28.09079933
v 47.53963089 152.00000000 -28.09079933
v 47.79317093 -152.00000000 -28.09079933
v 47.79317093 152.00000000 -28.09079933
v 48.04671097 -152.00000000 -28.09079933
v 48.04671097 152.00000000 -28.09079933
v 48.30025864 -152.00000000 -28.09079933
v 48.30025864 152.00000000 -28.09079933
v 48.55379868 -152.00000000 -28.09079933
v 48.55379868 152.00000000 -28.09079933
v 48.80733871 -152.00000000 -28.09079933
v 48.80733871 152.00000000 -28.09079933
v 49.06090164 -152.00000000 -28.09079933
v 49.06090164 152.00000000 -28.09079933
v 49.31444168 -152.00000000 -28.09079933
v 49.31444168 152.00000000 -28.09079933
v 49.56798172 -152.00000000 -28.09079933
v 49.56798172 152.00000000 -28.09079933
v 49.82152176 -152.00000000 -28.09079933
v 49.82152176 152.00000000 -28.09079933
v 50.07506943 -152.00000000 -28.09079933
v 50.07506943 152.00000000 -28.09079933
v 50.32860947 -152.00000000 -28.09079933
v 50.32860947 152.00000000 -28.09079933
v 50.58214951 -152.00000000 -28.09079933
v 50.58214951 152.00000000 -28.09079933
v 50.83570862 -152.00000000 -28.09079933
v 50.83570862 152.00000000 -28.09079933
v 51.08924866 -152.00000000 -28.09079933
v 51.08924866 152.00000000 -28.09079933
v 51.34278870 -152.00000000 -28.09079933
v 51.34278870 152.00000000 -28.09079933
v 51.59634018 -152.00000000 -28.09079933
v 51.59634018 152.00000000 -28.09079933
v 51.84988022 -152.00000000 -28.09079933
v 51.84988022 152.00000000 -28.09079933
v 52.10342026 -152.00000000 -28.09079933
v 52.10342026 152.00000000 -28.09079933
v 52.35696030 -152.00000000 -28.09079933
v 52.35696030 152.00000000 -28.09079933
v 52.61051941 -152.00000000 -28.09079933
v 52.61051941 152.00000000 -28.09079933
v 52.86405945 -152.00000000 -28.09079933
v 52.86405945 152.00000000 -28.09079933
v 53.11759949 -152.00000000 -28.09079933
v 53.11759949 152.00000000 -28.09079933
v 53.37115097 -152.00000000 -28.09079933
v 53.37115097 152.00000000 -28.09079933
v 53.62469101 -152.00000000 -28.09079933
v 53.62469101 152.00000000 -28.09079933
v 53.87823105 -152.00000000 -28.09079933
v 53.87823105 152.00000000 -28.09079933
v 54.13179016 -152.00000000 -28.09079933
v 54.13179016 152.00000000 -28.09079933
v 54.38533020 -152.00000000 -28.09079933
v 54.38533020 152.00000000 -28.09079933
v 54.63887024 -152.00000000 -28.09079933
v 54.63887024 152.00000000 -28.09079933
v 54.89241028 -152.00000000 -28.09079933
v 54.89241028 152.00000000 -28.09079933
v 55.14596176 -152.00000000 -28.09079933
v 55.14596176 152.00000000 -28.09079933
v 55.39950180 -152.00000000 -28.09079933
v 55.39950180 152.00000000 -28.09079933
v 55.65304184 -152.00000000 -28.09079933
v 55.65304184 152.00000000 -28.09079933
v 55.90660095 -152.00000000 -28.09079933
v 55.90660095 152.00000000 -28.09079933
v 56.16014099 -152.00000000 -28.09079933
v 56.16014099 152.00000000 -28.09079933
v 56.41368103 -152.00000000 -28.09079933
v 56.41368103 152.00000000 -28.09079933
v 56.66724014 -152.00000000 -28.09079933
v 56.66724014 152.00000000 -28.09079933
v 56.92078018 -152.00000000 -28.09079933
v 56.92078018 152.00000000 -28.09079933
v 57.17432022 -152.00000000 -28.09079933
v 57.17432022 152.00000000 -28.09079933
v 57.42786026 -152.00000000 -28.09079933
v 57.42786026 152.00000000 -28.09079933
v 57.68141174 -152.00000000 -28.09079933
v 57.68141174 152.00000000 -28.09079933
v 57.93495178 -152.00000000 -28.09079933
v 57.93495178 152.00000000 -28.09079933
v 58.18849182 -152.00000000 -28.09079933
v 58.18849182 152.00000000 -28.09079933
v 58.44205093 -152.00000000 -28.09079933
v 58.44205093 152.00000000 -28.09079933
v 58.69559097 -152.00000000 -28.09079933
v 58.69559097 152.00000000 -28.09079933
v 58.94913101 -152.00000000 -28.09079933
v 58.94913101 152.00000000 -28.09079933
v 59.20267868 -152.00000000 -28.09079933
v 59.20267868 152.00000000 -28.09079933
v 59.45621872 -152.00000000 -28.09079933
v 59.45621872 152.00000000 -28.09079933
v 59.70975876 -152.00000000 -28.09079933
v 59.70975876 152.00000000 -28.09079933
v 59.96329880 -152.00000000 -28.09079933
v 59.96329880 152.00000000 -28.09079933
v 60.21686172 -152.00000000 -28.09079933
v 60.21686172 152.00000000 -28.09079933
v 60.47040176 -152.00000000 -28.09079933
v 60.47040176 152.00000000 -28.09079933
v 60.72394180 -152.00000000 -28.09079933
v 60.72394180 152.00000000 -28.09079933
v 60.97748947 -152.00000000 -28.09079933
v 60.97748947 152.00000000 -28.09079933
v 61.23102951 -152.00000000 -28.09079933
v 61.23102951 152.00000000 -28.09079933
v 61.48456955 -152.00000000 -28.09079933
v 61.48456955 152.00000000 -28.09079933
v 61.73812866 -152.00000000 -28.09079933
v 61.73812866 152.00000000 -28.09079933
v 61.99166870 -152.00000000 -28.09079933
v 61.99166870 152.00000000 -28.09079933
v 62.24520874 -152.00000000 -28.09079933
v 62.24520874 152.00000000 -28.09079933
v 62.49874878 -152.00000000 -28.09079933
v 62.49874878 152.00000000 -28.09079933
v 62.75230026 -152.00000000 -28.09079933
v 62.75230026 152.00000000 -28.09079933
v 63.00584030 -152.00000000 -28.09079933
v 63.00584030 152.00000000 -28.09079933
v 63.25938034 -152.00000000 -28.09079933
v 63.25938034 152.00000000 -28.09079933
v 63.51293945 -152.00000000 -28.09079933
v 63.51293945 152.00000000 -28.09079933
v 63.76647949 -152.00000000 -28.09079933
v 63.76647949 152.00000000 -28.09079933
v 64.02001953 -152.00000000 -28.09079933
v 64.02001953 152.00000000 -28.09079933
v 64.27358246 -152.00000000 -28.09079933
v 64.27358246 152.00000000 -28.09079933
v 64.52712250 -152.00000000 -28.09079933
v 64.52712250 152.00000000 -28.09079933
v 64.78066254 -152.00000000 -28.09079933
v 64.78066254 152.00000000 -28.09079933
v 65.03420258 -152.00000000 -28.09079933
v 65.03420258 152.00000000 -28.09079933
v 65.28775024 -152.00000000 -28.09079933
v 65.28775024 152.00000000 -28.09079933
v 65.54129028 -152.00000000 -28.09079933
v 65.54129028 152.00000000 -28.09079933
v 65.79483032 -152.00000000 -28.09079933
v 65.79483032 152.00000000 -28.09079933
v 66.04839325 -152.00000000 -28.09079933
v 66.04839325 152.00000000 -28.09079933
v 66.30193329 -152.00000000 -28.09079933
v 66.30193329 152.00000000 -28.09079933
v 66.55547333 -152.00000000 -28.09079933
v 66.55547333 152.00000000 -28.09079933
v 66.80902100 -152.00000000 -28.09079933
v 66.80902100 152.00000000 -28.09079933
v 67.06256104 -152.00000000 -28.09079933
v 67.06256104 152.00000000 -28.09079933
v 67.31610107 -152.00000000 -28.09079933
v 67.31610107 152.00000000 -28.09079933
v 67.56964111 -152.00000000 -28.09079933
v 67.56964111 152.00000000 -28.09079933
v 67.82319641 -152.00000000 -28.09079933
v 67.82319641 152.00000000 -28.09079933
v 68.07673645 -152.00000000 -28.09079933
v 68.07673645 152.00000000 -28.09079933
v 68.33027649 -152.00000000 -28.09079933
v 68.33027649 152.00000000 -28.09079933
v 68.58383179 -152.00000000 -28.09079933
v 68.58383179 152.00000000 -28.09079933
v 68.83737183 -152.00000000 -28.09079933
v 68.83737183 152.00000000 -28.09079933
v 69.09091187 -152.00000000 -28.09079933
v 69.09091187 152.00000000 -28.09079933
v 69.34446716 -152.00000000 -28.09079933
v 69.34446716 152.00000000 -28.09079933
v 69.59800720 -152.00000000 -28.09079933
v 69.59800720 152.00000000 -28.09079933
v 69.85154724 -152.00000000 -28.09079933
v 69.85154724 152.00000000 -28.09079933
v 70.10508728 -152.00000000 -28.09079933
v 70.10508728 152.00000000 -28.09079933
v 70.35865021 -152.00000000 -28.09079933
v 70.35865021 152.00000000 -28.09079933
v 70.61219025 -152.00000000 -28.09079933
v 70.61219025 152.00000000 -28.09079933
v 70.86573029 -152.00000000 -28.09079933
v 70.86573029 152.00000000 -28.09079933
v 71.11927795 -152.00000000 -28.09079933
v 71.11927795 152.00000000 -28.09079933
v 71.37281799 -152.00000000 -28.09079933
v 71.37281799 152.00000000 -28.09079933
v 71.62635803 -152.00000000 -28.09079933
v 71.62635803 152.00000000 -28.09079933
v 71.87992096 -152.00000000 -28.09079933
v 71.87992096 152.00000000 -28.09079933
v 72.13346100 -152.00000000 -28.09079933
v 72.13346100 152.00000000 -28.09079933
v 72.38700104 -152.00000000 -28.09079933
v 72.38700104 152.00000000 -28.09079933
v 72.64054108 -152.00000000 -28.09079933
v 72.64054108 152.00000000 -28.09079933
v 72.89408875 -152.00000000 -28.09079933
v 72.89408875 152.00000000 -28.09079933
v 73.14762878 -152.00000000 -28.09079933
v 73.14762878 152.00000000 -28.09079933
v 73.40116882 -152.00000000 -28.09079933
v 73.40116882 152.00000000 -28.09079933
v 73.65473175 -152.00000000 -28.09079933
v 73.65473175 152.00000000 -28.09079933
v 73.90827179 -152.00000000 -28.09079933
v 73.90827179 152.00000000 -28.09079933
v 74.16181183 -152.00000000 -28.09079933
v 74.16181183 152.00000000 -28.09079933
v 74.41535950 -152.00000000 -28.09079933
v 74.41535950 152.00000000 -28.09079933
v 74.66889954 -152.00000000 -28.09079933
v 74.66889954 152.00000000 -28.09079933
v 74.92243958 -152.00000000 -28.09079933
v 74.92243958 152.00000000 -28.09079933
v 75.17600250 -152.00000000 -28.09079933
v 75.17600250 152.00000000 -28.09079933
v 75.42954254 -152.00000000 -28.09079933
v 75.42954254 152.00000000 -28.09079933
v 75.68308258 -152.00000000 -28.09079933
v 75.68308258 152.00000000 -28.09079933
v 75.93662262 -152.00000000 -28.09079933
v 75.93662262 152.00000000 -28.09079933
v 76.19017029 -152.00000000 -28.09079933
v 76.19017029 152.00000000 -28.09079933
v 76.44371033 -152.00000000 -28.09079933
v 76.44371033 152.00000000 -28.09079933
v 76.69725037 -152.00000000 -28.09079933
v 76.69725037 152.00000000 -28.09079933
v 76.95081329 -152.00000000 -28.09079933
v 76.95081329 152.00000000 -28.09079933
v 77.20435333 -152.00000000 -28.09079933
v 77.20435333 152.00000000 -28.09079933
v 77.45789337 -152.00000000 -28.09079933
v 77.45789337 152.00000000 -28.09079933
v 77.71144104 -152.00000000 -28.09079933
v 77.71144104 152.00000000 -28.09079933
v 77.96498108 -152.00000000 -28.09079933
v 77.96498108 152.00000000 -28.09079933
v 78.21852112 -152.00000000 -28.09079933
v 78.21852112 152.00000000 -28.09079933
v 78.47206116 -152.00000000 -28.09079933
v 78.47206116 152.00000000 -28.09079933
v 78.72561646 -152.00000000 -28.09079933
v 78.72561646 152.00000000 -28.09079933
v 78.97915649 -152.00000000 -28.09079933
v 78.97915649 152.00000000 -28.09079933
v 79.23269653 -152.00000000 -28.09079933
v 79.23269653 152.00000000 -28.09079933
v 79.48625183 -152.00000000 -28.09079933
v 79.48625183 152.00000000 -28.09079933
v 79.73979187 -152.00000000 -28.09079933
v 79.73979187 152.00000000 -28.09079933
v 79.99333191 -152.00000000 -28.09079933
v 79.99333191 152.00000000 -28.09079933
v 80.24688721 -152.00000000 -28.09079933
v 80.24688721 152.00000000 -28.09079933
v 80.50042725 -152.00000000 -28.09079933
v 80.50042725 152.00000000 -28.09079933
v 80.75396729 -152.00000000 -28.09079933
v 80.75396729 152.00000000 -28.09079933
v 81.00750732 -152.00000000 -28.09079933
v 81.00750732 152.00000000 -28.09079933
v 81.26107025 -152.00000000 -28.09079933
v 81.26107025 152.00000000 -28.09079933
v 81.51461029 -152.00000000 -28.09079933
v 81.51461029 152.00000000 -28.09079933
v 81.76815033 -152.00000000 -28.09079933
v 81.76815033 152.00000000 -28.09079933
v 82.02169800 -152.00000000 -28.09079933
v 82.02169800 152.00000000 -28.09079933
v 82.27523804 -152.00000000 -28.09079933
v 82.27523804 152.00000000 -28.09079933
v 82.52877808 -152.00000000 -28.09079933
v 82.52877808 152.00000000 -28.09079933
v 82.78234100 -152.00000000 -28.09079933
v 82.78234100 152.00000000 -28.09079933
v 83.03588104 -152.00000000 -28.09079933
v 83.03588104 152.00000000 -28.09079933
v 83.28942108 -152.00000000 -28.09079933
v 83.28942108 152.00000000 -28.09079933
v 83.54296112 -152.00000000 -28.09079933
v 83.54296112 152.00000000 -28.09079933
v 83.79650879 -152.00000000 -28.09079933
v 83.79650879 152.00000000 -28.09079933
v 84.05004883 -152.00000000 -28.09079933
v 84.05004883 152.00000000 -28.09079933
v 84.30358887 -152.00000000 -28.09079933
v 84.30358887 152.00000000 -28.09079933
v 84.55715179 -152.00000000 -28.09079933
v 84.55715179 152.00000000 -28.09079933
v 84.81069183 -152.00000000 -28.09079933
v 84.81069183 152.00000000 -28.09079933
v 85.06423187 -152.00000000 -28.09079933
v 85.06423187 152.00000000 -28.09079933
v 85.31777954 -152.00000000 -28.09079933
v 85.31777954 152.00000000 -28.09079933
v 85.57131958 -152.00000000 -28.09079933
v 85.57131958 152.00000000 -28.09079933
v 85.82485962 -152.00000000 -28.09079933
v 85.82485962 152.00000000 -28.09079933
v 86.07839966 -152.00000000 -28.09079933
v 86.07839966 152.00000000 -28.09079933
v 86.33196259 -152.00000000 -28.09079933
v 86.33196259 152.00000000 -28.09079933
v 86.58550262 -152.00000000 -28.09079933
v 86.58550262 152.00000000 -28.09079933
v 86.83904266 -152.00000000 -28.09079933
v 86.83904266 152.00000000 -28.09079933
v 87.09259033 -152.00000000 -28.09079933
v 87.09259033 152.00000000 -28.09079933
v 87.34613037 -152.00000000 -28.09079933
v 87.34613037 152.00000000 -28.09079933
v 87.59967041 -152.00000000 -28.09079933
v 87.59967041 152.00000000 -28.09079933
v 87.85323334 -152.00000000 -28.09079933
v 87.85323334 152.00000000 -28.09079933
v 88.10677338 -152.00000000 -28.09079933
v 88.10677338 152.00000000 -28.09079933
v 88.36031342 -152.00000000 -28.09079933
v 88.36031342 152.00000000 -28.09079933
v 88.61385345 -152.00000000 -28.09079933
v 88.61385345 152.00000000 -28.09079933
v 88.86740112 -152.00000000 -28.09079933
v 88.86740112 152.00000000 -28.09079933
v 89.12094116 -152.00000000 -28.09079933
v 89.12094116 152.00000000 -28.09079933
v 89.37448120 -152.00000000 -28.09079933
v 89.37448120 152.00000000 -28.09079933
v 89.62803650 -152.00000000 -28.09079933
v 89.62803650 152.00000000 -28.09079933
v 89.88157654 -152.00000000 -28.09079933
v 89.88157654 152.00000000 -28.09079933
v 90.13511658 -152.00000000 -28.09079933
v 90.13511658 152.00000000 -28.09079933
v 90.38867188 -152.00000000 -28.09079933
v 90.38867188 152.00000000 -28.09079933
v 90.64221191 -152.00000000 -28.09079933
v 90.64221191 152.00000000 -28.09079933
v 90.89575195 -152.00000000 -28.09079933
v 90.89575195 152.00000000 -28.09079933
v 91.14929199 -152.00000000 -28.09079933
v 91.14929199 152.00000000 -28.09079933
v 91.40284729 -152.00000000 -28.09079933
v 91.40284729 152.00000000 -28.09079933
v 91.65638733 -152.00000000 -28.09079933
v 91.65638733 152.00000000 -28.09079933
v 91.90992737 -152.00000000 -28.09079933
v 91.90992737 152.00000000 -28.09079933
v 92.16349030 -152.00000000 -28.09079933
v 92.16349030 152.00000000 -28.09079933
v 92.41703033 -152.00000000 -28.09079933
v 92.41703033 152.00000000 -28.09079933
v 92.67057037 -152.00000000 -28.09079933
v 92.67057037 152.00000000 -28.09079933
v 92.92411804 -152.00000000 -28.09079933
v 92.92411804 152.00000000 -28.09079933
v 93.17765808 -152.00000000 -28.09079933
v 93.17765808 152.00000000 -28.09079933
v 93.43119812 -152.00000000 -28.09079933
v 93.43119812 152.00000000 -28.09079933
v 93.68473816 -152.00000000 -28.09079933
v 93.68473816 152.00000000 -28.09079933
v 93.93830109 -152.00000000 -28.09079933
v 93.93830109 152.00000000 -28.09079933
v 94.19184113 -152.00000000 -28.09079933
v 94.19184113 152.00000000 -28.09079933
v 94.44538116 -152.00000000 -28.09079933
v 94.44538116 152.00000000 -28.09079933
v 94.69892883 -152.00000000 -28.09079933
v 94.69892883 152.00000000 -28.09079933
v 94.95246887 -152.00000000 -28.09079933
v 94.95246887 152.00000000 -28.09079933
v 95.20600891 -152.00000000 -28.09079933
v 95.20600891 152.00000000 -28.09079933
v 95.45957184 -152.00000000 -28.09079933
v 95.45957184 152.00000000 -28.09079933
v 95.71311188 -152.00000000 -28.09079933
v 95.71311188 152.00000000 -28.09079933
v 95.96665192 -152.00000000 -28.09079933
v 95.96665192 152.00000000 -28.09079933
v 96.22019196 -152.00000000 -28.09079933
v 96.22019196 152.00000000 -28.09079933
v 96.47373962 -152.00000000 -28.09079933
v 96.47373962 152.00000000 -28.09079933
v 96.72727966 -152.00000000 -28.09079933
v 96.72727966 152.00000000 -28.09079933
v 96.98081970 -152.00000000 -28.09079933
v 96.98081970 152.00000000 -28.09079933
v 97.23438263 -152.00000000 -28.09079933
v 97.23438263 152.00000000 -28.09079933
v 97.48792267 -152.00000000 -28.09079933
v 97.48792267 152.00000000 -28.09079933
v 97.74146271 -152.00000000 -28.09079933
v 97.74146271 152.00000000 -28.09079933
v 97.99501038 -152.00000000 -28.09079933
v 97.99501038 152.00000000 -28.09079933
v 98.24855042 -152.00000000 -28.09079933
v 98.24855042 152.00000000 -28.09079933
v 98.50209045 -152.00000000 -28.09079933
v 98.50209045 152.00000000 -28.09079933
v 98.75563049 -152.00000000 -28.09079933
v 98.75563049 152.00000000 -28.09079933
v 99.00919342 -152.00000000 -28.09079933
v 99.00919342 152.00000000 -28.09079933
v 99.26273346 -152.00000000 -28.09079933
v 99.26273346 152.00000000 -28.09079933
v 99.51627350 -152.00000000 -28.09079933
v 99.51627350 152.00000000 -28.09079933
v 99.76982117 -152.00000000 -28.09079933
v 99.76982117 152.00000000 -28.09079933
v 100.02339935 -152.00000000 -28.09079933
v 100.02339935 152.00000000 -28.09079933
v 100.27690125 -152.00000000 -28.09079933
v 100.27690125 152.00000000 -28.09079933
v 100.53050232 -152.00000000 -28.09079933
v 100.53050232 152.00000000 -28.09079933
v 100.78399658 -152.00000000 -28.09079933
v 100.78399658 152.00000000 -28.09079933
v 101.03749847 -152.00000000 -28.09079933
v 101.03749847 152.00000000 -28.09079933
v 101.29109955 -152.00000000 -28.09079933
v 101.29109955 152.00000000 -28.09079933
v 101.54460144 -152.00000000 -28.09079933
v 101.54460144 152.00000000 -28.09079933
v 101.79820251 -152.00000000 -28.09079933
v 101.79820251 152.00000000 -28.09079933
v 102.05169678 -152.00000000 -28.09079933
v 102.05169678 152.00000000 -28.09079933
v 102.30529785 -152.00000000 -28.09079933
v 102.30529785 152.00000000 -28.09079933
v 102.55879974 -152.00000000 -28.09079933
v 102.55879974 152.00000000 -28.09079933
v 102.81240082 -152.00000000 -28.09079933
v 102.81240082 152.00000000 -28.09079933
v 103.06590271 -152.00000000 -28.09079933
v 103.06590271 152.00000000 -28.09079933
v 103.31939697 -152.00000000 -28.09079933
v 103.31939697 152.00000000 -28.09079933
v 103.57299805 -152.00000000 -28.09079933
v 103.57299805 152.00000000 -28.09079933
v 103.82649994 -152.00000000 -28.09079933
v 103.82649994 152.00000000 -28.09079933
v 104.08010101 -152.00000000 -28.09079933
v 104.08010101 152.00000000 -28.09079933
v 104.33360291 -152.00000000 -28.09079933
v 104.33360291 152.00000000 -28.09079933
v 104.58719635 -152.00000000 -28.09079933
v 104.58719635 152.00000000 -28.09079933
v 104.84069824 -152.00000000 -28.09079933
v 104.84069824 152.00000000 -28.09079933
v 105.09420013 -152.00000000 -28.09079933
v 105.09420013 152.00000000 -28.09079933
v 105.34780121 -152.00000000 -28.09079933
v 105.34780121 152.00000000 -28.09079933
v 105.60140228 -152.00000000 -28.09079933
v 105.60140228 152.00000000 -28.09079933
v 105.85489655 -152.00000000 -28.09079933
v 105.85489655 152.00000000 -28.09079933
v 106.10839844 -152.00000000 -28.09079933
v 106.10839844 152.00000000 -28.09079933
v 106.36199951 -152.00000000 -28.09079933
v 106.36199951 152.00000000 -28.09079933
v 106.61550140 -152.00000000 -28.09079933
v 106.61550140 152.00000000 -28.09079933
v 106.86910248 -152.00000000 -28.09079933
v 106.86910248 152.00000000 -28.09079933
v 107.12259674 -152.00000000 -28.09079933
v 107.12259674 152.00000000 -28.09079933
v 107.37619781 -152.00000000 -28.09079933
v 107.37619781 152.00000000 -28.09079933
v 107.62969971 -152.00000000 -28.09079933
v 107.62969971 152.00000000 -28.09079933
v 107.88320160 -152.00000000 -28.09079933
v 107.88320160 152.00000000 -28.09079933
v 108.13680267 -152.00000000 -28.09079933
v 108.13680267 152.00000000 -28.09079933
v 108.39029694 -152.00000000 -28.09079933
v 108.39029694 152.00000000 -28.09079933
v 108.64389801 -152.00000000 -28.09079933
v 108.64389801 152.00000000 -28.09079933
v 108.89739990 -152.00000000 -28.09079933
v 108.89739990 152.00000000 -28.09079933
v 109.15100098 -152.00000000 -28.09079933
v 109.15100098 152.00000000 -28.09079933
v 109.40450287 -152.00000000 -28.09079933
v 109.40450287 152.00000000 -28.09079933
v 109.65809631 -152.00000000 -28.09079933
v 109.65809631 152.00000000 -28.09079933
v 109.91159821 -152.00000000 -28.09079933
v 109.91159821 152.00000000 -28.09079933
v 110.16519928 -152.00000000 -28.09079933
v 110.16519928 152.00000000 -28.09079933
v 110.41870117 -152.00000000 -28.09079933
v 110.41870117 152.00000000 -28.09079933
v 110.67220306 -152.00000000 -28.09079933
v 110.67220306 152.00000000 -28.09079933
v 110.92579651 -152.00000000 -28.09079933
v 110.92579651 152.00000000 -28.09079933
v 111.17929840 -152.00000000 -28.09079933
v 111.17929840 152.00000000 -28.09079933
v 111.43289948 -152.00000000 -28.09079933
v 111.43289948 152.00000000 -28.09079933
v 111.68640137 -152.00000000 -28.09079933
v 111.68640137 152.00000000 -28.09079933
v 111.94000244 -152.00000000 -28.09079933
v 111.94000244 152.00000000 -28.09079933
v 112.19349670 -152.00000000 -28.09079933
v 112.19349670 152.00000000 -28.09079933
v 112.44709778 -152.00000000 -28.09079933
v 112.44709778 152.00000000 -28.09079933
v 112.70059967 -152.00000000 -28.09079933
v 112.70059967 152.00000000 -28.09079933
v 112.95410156 -152.00000000 -28.09079933
v 112.95410156 152.00000000 -28.09079933
v 113.20770264 -152.00000000 -28.09079933
v 113.20770264 152.00000000 -28.09079933
v 113.46119690 -152.00000000 -28.09079933
v 113.46119690 152.00000000 -28.09079933
v 113.71479797 -152.00000000 -28.09079933
v 113.71479797 152.00000000 -28.09079933
v 113.96829987 -152.00000000 -28.09079933
v 113.96829987 152.00000000 -28.09079933
v 114.22190094 -152.00000000 -28.09079933
v 114.22190094 152.00000000 -28.09079933
v 114.47540283 -152.00000000 -28.09079933
v 114.47540283 152.00000000 -28.09079933
v 114.72889709 -152.00000000 -28.09079933
v 114.72889709 152.00000000 -28.09079933
v 114.98249817 -152.00000000 -28.09079933
v 114.98249817 152.00000000 -28.09079933
v 115.23609924 -152.00000000 -28.09079933
v 115.23609924 152.00000000 -28.09079933
v 115.48960114 -152.00000000 -28.09079933
v 115.48960114 152.00000000 -28.09079933
v 115.74310303 -152.00000000 -28.09079933
v 115.74310303 152.00000000 -28.09079933
v 115.99669647 -152.00000000 -28.09079933
v 115.99669647 152.00000000 -28.09079933
v 116.25019836 -152.00000000 -28.09079933
v 116.25019836 152.00000000 -28.09079933
v 116.50379944 -152.00000000 -28.09079933
v 116.50379944 152.00000000 -28.09079933
v 116.75730133 -152.00000000 -28.09079933
v 116.75730133 152.00000000 -28.09079933
v 117.01090240 -152.00000000 -28.09079933
v 117.01090240 152.00000000 -28.09079933
v 117.26439667 -152.00000000 -28.09079933
v 117.26439667 152.00000000 -28.09079933
v 117.51789856 -152.00000000 -28.09079933
v 117.51789856 152.00000000 -28.09079933
v 117.77149963 -152.00000000 -28.09079933
v 117.77149963 152.00000000 -28.09079933
v 118.02500153 -152.00000000 -28.09079933
v 118.02500153 152.00000000 -28.09079933
v 118.27860260 -152.00000000 -28.09079933
v 118.27860260 152.00000000 -28.09079933
v 118.53209686 -152.00000000 -28.09079933
v 118.53209686 152.00000000 -28.09079933
v 118.78569794 -152.00000000 -28.09079933
v 118.78569794 152.00000000 -28.09079933
v 119.03919983 -152.00000000 -28.09079933
v 119.03919983 152.00000000 -28.09079933
v 119.29280090 -152.00000000 -28.09079933
v 119.29280090 152.00000000 -28.09079933
v 119.54630280 -152.00000000 -28.09079933
v 119.54630280 152.00000000 -28.09079933
v 119.79979706 -152.00000000 -28.09079933
v 119.79979706 152.00000000 -28.09079933
v 120.05339813 -152.00000000 -28.09079933
v 120.05339813 152.00000000 -28.09079933
v 120.30690002 -152.00000000 -28.09079933
v 120.30690002 152.00000000 -28.09079933
v 120.56050110 -152.00000000 -28.09079933
v 120.56050110 152.00000000 -28.09079933
v 120.81400299 -152.00000000 -28.09079933
v 120.81400299 152.00000000 -28.09079933
v 121.06759644 -152.00000000 -28.09079933
v 121.06759644 152.00000000 -28.09079933
v 121.32109833 -152.00000000 -28.09079933
v 121.32109833 152.00000000 -28.09079933
v 121.57460022 -152.00000000 -28.09079933
v 121.57460022 152.00000000 -28.09079933
v 121.82820129 -152.00000000 -28.09079933
v 121.82820129 152.00000000 -28.09079933
v 122.08180237 -152.00000000 -28.09079933
v 122.08180237 152.00000000 -28.09079933
v 122.33529663 -152.00000000 -28.09079933
v 122.33529663 152.00000000 -28.09079933
v 122.58879852 -152.00000000 -28.09079933
v 122.58879852 152.00000000 -28.09079933
v 122.84239960 -152.00000000 -28.09079933
v 122.84239960 152.00000000 -28.09079933
v 123.09590149 -152.00000000 -28.09079933
v 123.09590149 152.00000000 -28.09079933
v 123.34950256 -152.00000000 -28.09079933
v 123.34950256 152.00000000 -28.09079933
v 123.60299683 -152.00000000 -28.09079933
v 123.60299683 152.00000000 -28.09079933
v 123.85659790 -152.00000000 -28.09079933
v 123.85659790 152.00000000 -28.09079933
v 124.11009979 -152.00000000 -28.09079933
v 124.11009979 152.00000000 -28.09079933
v 124.36370087 -152.00000000 -28.09079933
v 124.36370087 152.00000000 -28.09079933
v 124.61720276 -152.00000000 -28.09079933
v 124.61720276 152.00000000 -28.09079933
v 124.87069702 -152.00000000 -28.09079933
v 124.87069702 152.00000000 -28.09079933
v 125.12429810 -152.00000000 -28.09079933
v 125.12429810 152.00000000 -28.09079933
v 125.37779999 -152.00000000 -28.09079933
v 125.37779999 152.00000000 -28.09079933
v 125.63140106 -152.00000000 -28.09079933
v 125.63140106 152.00000000 -28.09079933
v 125.88490295 -152.00000000 -28.09079933
v 125.88490295 152.00000000 -28.09079933
v 126.13849640 -152.00000000 -28.09079933
v 126.13849640 152.00000000 -28.09079933
v 126.39199829 -152.00000000 -28.09079933
v 126.39199829 152.00000000 -28.09079933
v 126.64550018 -152.00000000 -28.09079933
v 126.64550018 152.00000000 -28.09079933
v 126.89910126 -152.00000000 -28.09079933
v 126.89910126 152.00000000 -28.09079933
v 127.15270233 -152.00000000 -28.09079933
v 127.15270233 152.00000000 -28.09079933
v 127.40619659 -152.00000000 -28.09079933
v 127.40619659 152.00000000 -28.09079933
v 127.65969849 -152.00000000 -28.09079933
v 127.65969849 152.00000000 -28.09079933
v 127.91329956 -152.00000000 -28.09079933
v 127.91329956 152.00000000 -28.09079933
v 128.16679382 -152.00000000 -28.09079933
v 128.16679382 152.00000000 -28.09079933
v 128.42030334 -152.00000000 -28.09079933
v 128.42030334 152.00000000 -28.09079933
v 128.67390442 -152.00000000 -28.09079933
v 128.67390442 152.00000000 -28.09079933
v 128.92750549 -152.00000000 -28.09079933
v 128.92750549 152.00000000 -28.09079933
v 129.18099976 -152.00000000 -28.09079933
v 129.18099976 152.00000000 -28.09079933
v 129.43449402 -152.00000000 -28.09079933
v 129.43449402 152.00000000 -28.09079933
v 129.68809509 -152.00000000 -28.09079933
v 129.68809509 152.00000000 -28.09079933
v 129.94160461 -152.00000000 -28.09079933
v 129.94160461 152.00000000 -28.09079933
v 130.19520569 -152.00000000 -28.09079933
v 130.19520569 152.00000000 -28.09079933
v 130.44869995 -152.00000000 -28.09079933
v 130.44869995 152.00000000 -28.09079933
v 130.70230103 -152.00000000 -28.09079933
v 130.70230103 152.00000000 -28.09079933
v 130.95579529 -152.00000000 -28.09079933
v 130.95579529 152.00000000 -28.09079933
v 131.20930481 -152.00000000 -28.09079933
v 131.20930481 152.00000000 -28.09079933
v 131.46290588 -152.00000000 -28.09079933
v 131.46290588 152.00000000 -28.09079933
v 131.71640015 -152.00000000 -28.09079933
v 131.71640015 152.00000000 -28.09079933
v 131.97000122 -152.00000000 -28.09079933
v 131.97000122 152.00000000 -28.09079933
v 132.22349548 -152.00000000 -28.09079933
v 132.22349548 152.00000000 -28.09079933
v 132.47709656 -152.00000000 -28.09079933
v 132.47709656 152.00000000 -28.09079933
v 132.73060608 -152.00000000 -28.09079933
v 132.73060608 152.00000000 -28.09079933
v 132.98420715 -152.00000000 -28.09079933
v 132.98420715 152.00000000 -28.09079933
v 133.23770142 -152.00000000 -28.09079933
v 133.23770142 152.00000000 -28.09079933
v 133.49119568 -152.00000000 -28.09079933
v 133.49119568 152.00000000 -28.09079933
v 133.74479675 -152.00000000 -28.09079933
v 133.74479675 152.00000000 -28.09079933
v 133.99830627 -152.00000000 -28.09079933
v 133.99830627 152.00000000 -28.09079933
v 134.25190735 -152.00000000 -28.09079933
v 134.25190735 152.00000000 -28.09079933
v 134.50540161 -152.00000000 -28.09079933
v 134.50540161 152.00000000 -28.09079933
v 134.75900269 -152.00000000 -28.09079933
v 134.75900269 152.00000000 -28.09079933
v 135.01249695 -152.00000000 -28.09079933
v 135.01249695 152.00000000 -28.09079933
v 135.26600647 -152.00000000 -28.09079933
v 135.26600647 152.00000000 -28.09079933
v 135.51960754 -152.00000000 -28.09079933
v 135.51960754 152.00000000 -28.09079933
v 135.77319336 -152.00000000 -28.09079933
v 135.77319336 152.00000000 -28.09079933
v 136.02670288 -152.00000000 -28.09079933
v 136.02670288 152.00000000 -28.09079933
v 136.28019714 -152.00000000 -28.09079933
v 136.28019714 152.00000000 -28.09079933
v 136.53379822 -152.00000000 -28.09079933
v 136.53379822 152.00000000 -28.09079933
v 136.78729248 -152.00000000 -28.09079933
v 136.78729248 152.00000000 -28.09079933
v 137.04089355 -152.00000000 -28.09079933
v 137.04089355 152.00000000 -28.09079933
v 137.29440308 -152.00000000 -28.09079933
v 137.29440308 152.00000000 -28.09079933
v 137.54800415 -152.00000000 -28.09079933
v 137.54800415 152.00000000 -28.09079933
v 137.80149841 -152.00000000 -28.09079933
v 137.80149841 152.00000000 -28.09079933
v 138.05499268 -152.00000000 -28.09079933
v 138.05499268 152.00000000 -28.09079933
v 138.30859375 -152.00000000 -28.09079933
v 138.30859375 152.00000000 -28.09079933
v 138.56210327 -152.00000000 -28.09079933
v 138.56210327 152.00000000 -28.09079933
v 138.81570435 -152.00000000 -28.09079933
v 138.81570435 152.00000000 -28.09079933
v 139.06919861 -152.00000000 -28.09079933
v 139.06919861 152.00000000 -28.09079933
v 139.32279968 -152.00000000 -28.09079933
v 139.32279968 152.00000000 -28.09079933
v 139.57629395 -152.00000000 -28.09079933
v 139.57629395 152.00000000 -28.09079933
v 139.82989502 -152.00000000 -28.09079933
v 139.82989502 152.00000000 -28.09079933
v 140.08340454 -152.00000000 -28.09079933
v 140.08340454 152.00000000 -28.09079933
v 140.33689880 -152.00000000 -28.09079933
v 140.33689880 152.00000000 -28.09079933
v 140.59049988 -152.00000000 -28.09079933
v 140.59049988 152.00000000 -28.09079933
v 140.84410095 -152.00000000 -28.09079933
v 140.84410095 152.00000000 -28.09079933
v 141.09759521 -152.00000000 -28.09079933
v 141.09759521 152.00000000 -28.09079933
v 141.35110474 -152.00000000 -28.09079933
v 141.35110474 152.00000000 -28.09079933
v 141.60470581 -152.00000000 -28.09079933
v 141.60470581 152.00000000 -28.09079933
v 141.85820007 -152.00000000 -28.09079933
v 141.85820007 152.00000000 -28.09079933
v 142.11180115 -152.00000000 -28.09079933
v 142.11180115 152.00000000 -28.09079933
v 142.36529541 -152.00000000 -28.09079933
v 142.36529541 152.00000000 -28.09079933
v 142.61889648 -152.00000000 -28.09079933
v 142.61889648 152.00000000 -28.09079933
v 142.87240601 -152.00000000 -28.09079933
v 142.87240601 152.00000000 -28.09079933
v 143.12590027 -152.00000000 -28.09079933
v 143.12590027 152.00000000 -28.09079933
v 143.37950134 -152.00000000 -28.09079933
v 143.37950134 152.00000000 -28.09079933
v 143.63299561 -152.00000000 -28.09079933
v 143.63299561 152.00000000 -28.09079933
v 143.88659668 -152.00000000 -28.09079933
v 143.88659668 152.00000000 -28.09079933
v 144.14010620 -152.00000000 -28.09079933
v 144.14010620 152.00000000 -28.09079933
v 144.39370728 -152.00000000 -28.09079933
v 144.39370728 152.00000000 -28.09079933
v 144.64720154 -152.00000000 -28.09079933
v 144.64720154 152.00000000 -28.09079933
v 144.90080261 -152.00000000 -28.09079933
v 144.90080261 152.00000000 -28.09079933
v 145.15429688 -152.00000000 -28.09079933
v 145.15429688 152.00000000 -28.09079933
v 145.40780640 -152.00000000 -28.09079933
v 145.40780640 152.00000000 -28.09079933
v 145.66140747 -152.00000000 -28.09079933
v 145.66140747 152.00000000 -28.09079933
v 145.91490173 -152.00000000 -28.09079933
v 145.91490173 152.00000000 -28.09079933
v 146.16850281 -152.00000000 -28.09079933
v 146.16850281 152.00000000 -28.09079933
v 146.42199707 -152.00000000 -28.09079933
v 146.42199707 152.00000000 -28.09079933
v 146.67559814 -152.00000000 -28.09079933
v 146.67559814 152.00000000 -28.09079933
v 146.92909241 -152.00000000 -28.09079933
v 146.92909241 152.00000000 -28.09079933
v 147.18260193 -152.00000000 -28.09079933
v 147.18260193 152.00000000 -28.09079933
v 147.43620300 -152.00000000 -28.09079933
v 147.43620300 152.00000000 -28.09079933
v 147.68980408 -152.00000000 -28.09079933
v 147.68980408 152.00000000 -28.09079933
v 147.94329834 -152.00000000 -28.09079933
v 147.94329834 152.00000000 -28.09079933
v 148.19679260 -152.00000000 -28.09079933
v 148.19679260 152.00000000 -28.09079933
v 148.45039368 -152.00000000 -28.09079933
v 148.45039368 152.00000000 -28.09079933
v 148.70390320 -152.00000000 -28.09079933
v 148.70390320 152.00000000 -28.09079933
v 148.95750427 -152.00000000 -28.09079933
v 148.95750427 152.00000000 -28.09079933
v 149.21099854 -152.00000000 -28.09079933
v 149.21099854 152.00000000 -28.09079933
v 149.46459961 -152.00000000 -28.09079933
v 149.46459961 152.00000000 -28.09079933
v 149.71809387 -152.00000000 -28.09079933
v 149.71809387 152.00000000 -28.09079933
v 149.97160339 -152.00000000 -28.09079933
v 149.97160339 152.00000000 -28.09079933
v 150.22520447 -152.00000000 -28.09079933
v 150.22520447 152.00000000 -28.09079933
v 150.47869873 -152.00000000 -28.09079933
v 150.47869873 152.00000000 -28.09079933
v 150.73229980 -152.00000000 -28.09079933
v 150.73229980 152.00000000 -28.09079933
v 150.98579407 -152.00000000 -28.09079933
v 150.98579407 152.00000000 -28.09079933
v 151.23939514 -152.00000000 -28.09079933
v 151.23939514 152.00000000 -28.09079933
v 151.49290466 -152.00000000 -28.09079933
v 151.49290466 152.00000000 -28.09079933
v 151.74650574 -152.00000000 -28.09079933
v 151.74650574 152.00000000 -28.09079933
v 152.00000000 -152.00000000 -28.09079933
v 152.00000000 152.00000000 -28.09079933
v 152.00000000 -121.32109833 -28.09079933
v 152.00000000 -121.06759644 -28.09079933
v 152.00000000 -120.81400299 -28.09079933
v 152.00000000 -120.56050110 -28.09079933
v 152.00000000 -120.30690002 -28.09079933
v 152.00000000 -120.05339813 -28.09079933
v 152.00000000 -119.79979706 -28.09079933
v 152.00000000 -119.54630280 -28.09079933
v 152.00000000 -119.29270172 -28.09079933
v 152.00000000 -119.03919983 -28.09079933
v 152.00000000 -118.78569794 -28.09079933
v 152.00000000 -118.53209686 -28.09079933
v 152.00000000 -118.27860260 -28.09079933
v 152.00000000 -118.02500153 -28.09079933
v 152.00000000 -117.77149963 -28.09079933
v 152.00000000 -117.51789856 -28.09079933
v 152.00000000 -117.26439667 -28.09079933
v 152.00000000 -117.01080322 -28.09079933
v 152.00000000 -116.75730133 -28.09079933
v 152.00000000 -116.50379944 -28.09079933
v 152.00000000 -116.25019836 -28.09079933
v 152.00000000 -115.99669647 -28.09079933
v 152.00000000 -115.74310303 -28.09079933
v 152.00000000 -115.48960114 -28.09079933
v 152.00000000 -115.23600006 -28.09079933
v 152.00000000 -114.98249817 -28.09079933
v 152.00000000 -114.72889709 -28.09079933
v 152.00000000 -114.47540283 -28.09079933
v 152.00000000 -114.22190094 -28.09079933
v 152.00000000 -113.96829987 -28.09079933
v 152.00000000 -113.71479797 -28.09079933
v 152.00000000 -113.46119690 -28.09079933
v 152.00000000 -113.20770264 -28.09079933
v 152.00000000 -112.95410156 -28.09079933
v 152.00000000 -112.70059967 -28.09079933
v 152.00000000 -112.44699860 -28.09079933
v 152.00000000 -112.19349670 -28.09079933
v 152.00000000 -111.94000244 -28.09079933
v 152.00000000 -111.68640137 -28.09079933
v 152.00000000 -111.43289948 -28.09079933
v 152.00000000 -111.17929840 -28.09079933
v 152.00000000 -110.92579651 -28.09079933
v -152.00000000 -152.00000000 -28.09079933
v 152.00000000 -110.67220306 -28.09079933
v -152.00000000 -110.67220306 -28.09079933
v 152.00000000 -110.41870117 -28.09079933
v -152.00000000 -110.41870117 -28.09079933
v 152.00000000 -110.16510010 -28.09079933
v -152.00000000 -110.16510010 -28.09079933
v 152.00000000 -109.91159821 -28.09079933
v -152.00000000 -109.91159821 -28.09079933
v 152.00000000 -109.65809631 -28.09079933
v -152.00000000 -109.65809631 -28.09079933
v 152.00000000 -109.40450287 -28.09079933
v -152.00000000 -109.40450287 -28.09079933
v 152.00000000 -109.15100098 -28.09079933
v -152.00000000 -109.15100098 -28.09079933
v 152.00000000 -108.89739990 -28.09079933
v -152.00000000 -108.89739990 -28.09079933
v 152.00000000 -108.64389801 -28.09079933
v -152.00000000 -108.64389801 -28.09079933
v 152.00000000 -108.39029694 -28.09079933
v -152.00000000 -108.39029694 -28.09079933
v 152.00000000 -108.13680267 -28.09079933
v -152.00000000 -108.13680267 -28.09079933
v 152.00000000 -107.88320160 -28.09079933
v -152.00000000 -107.88320160 -28.09079933
v 152.00000000 -107.62969971 -28.09079933
v -152.00000000 -107.62969971 -28.09079933
v 152.00000000 -107.37609863 -28.09079933
v -152.00000000 -107.37609863 -28.09079933
v 152.00000000 -107.12259674 -28.09079933
v -152.00000000 -107.12259674 -28.09079933
v 152.00000000 -106.86910248 -28.09079933
v -152.00000000 -106.86910248 -28.09079933
v 152.00000000 -106.61550140 -28.09079933
v -152.00000000 -106.61550140 -28.09079933
v 152.00000000 -106.36199951 -28.09079933
v -152.00000000 -106.36199951 -28.09079933
v 152.00000000 -106.10839844 -28.09079933
v -152.00000000 -106.10839844 -28.09079933
v 152.00000000 -105.85489655 -28.09079933
v -152.00000000 -105.85489655 -28.09079933
v 152.00000000 -105.60130310 -28.09079933
v -152.00000000 -105.60130310 -28.09079933
v 152.00000000 -105.34780121 -28.09079933
v -152.00000000 -105.34780121 -28.09079933
v 152.00000000 -105.09420013 -28.09079933
v -152.00000000 -105.09420013 -28.09079933
v 152.00000000 -104.84069824 -28.09079933
v -152.00000000 -104.84069824 -28.09079933
v 152.00000000 -104.58719635 -28.09079933
v -152.00000000 -104.58719635 -28.09079933
v 152.00000000 -104.33360291 -28.09079933
v -152.00000000 -104.33360291 -28.09079933
v 152.00000000 -104.08010101 -28.09079933
v -152.00000000 -104.08010101 -28.09079933
v 152.00000000 -103.82649994 -28.09079933
v -152.00000000 -103.82649994 -28.09079933
v 152.00000000 -103.57299805 -28.09079933
v -152.00000000 -103.57299805 -28.09079933
v 152.00000000 -103.31939697 -28.09079933
v -152.00000000 -103.31939697 -28.09079933
v 152.00000000 -103.06590271 -28.09079933
v -152.00000000 -103.06590271 -28.09079933
v 152.00000000 -102.81240082 -28.09079933
v -152.00000000 -102.81240082 -28.09079933
v 152.00000000 -102.55879974 -28.09079933
v -152.00000000 -102.55879974 -28.09079933
v 152.00000000 -102.30529785 -28.09079933
v -152.00000000 -102.30529785 -28.09079933
v 152.00000000 -102.05169678 -28.09079933
v -152.00000000 -102.05169678 -28.09079933
v 152.00000000 -101.79820251 -28.09079933
v -152.00000000 -101.79820251 -28.09079933
v 152.00000000 -101.54460144 -28.09079933
v -152.00000000 -101.54460144 -28.09079933
v 152.00000000 -101.29109955 -28.09079933
v -152.00000000 -101.29109955 -28.09079933
v 152.00000000 -101.03749847 -28.09079933
v -152.00000000 -101.03749847 -28.09079933
v 152.00000000 -100.78399658 -28.09079933
v -152.00000000 -100.78399658 -28.09079933
v 152.00000000 -100.53040314 -28.09079933
v -152.00000000 -100.53040314 -28.09079933
v 152.00000000 -100.27690125 -28.09079933
v -152.00000000 -100.27690125 -28.09079933
v 152.00000000 -100.02330017 -28.09079933
v -152.00000000 -100.02330017 -28.09079933
v 152.00000000 -99.76981354 -28.09079933
v -152.00000000 -99.76981354 -28.09079933
v 152.00000000 -99.51627350 -28.09079933
v -152.00000000 -99.51627350 -28.09079933
v 152.00000000 -99.26271820 -28.09079933
v -152.00000000 -99.26271820 -28.09079933
v 152.00000000 -99.00917053 -28.09079933
v -152.00000000 -99.00917053 -28.09079933
v 152.00000000 -98.75563049 -28.09079933
v -152.00000000 -98.75563049 -28.09079933
v 152.00000000 -98.50209045 -28.09079933
v -152.00000000 -98.50209045 -28.09079933
v 152.00000000 -98.24854279 -28.09079933
v -152.00000000 -98.24854279 -28.09079933
v 152.00000000 -97.99500275 -28.09079933
v -152.00000000 -97.99500275 -28.09079933
v 152.00000000 -97.74146271 -28.09079933
v -152.00000000 -97.74146271 -28.09079933
v 152.00000000 -97.48789978 -28.09079933
v -152.00000000 -97.48789978 -28.09079933
v 152.00000000 -97.23435974 -28.09079933
v -152.00000000 -97.23435974 -28.09079933
v 152.00000000 -96.98081970 -28.09079933
v -152.00000000 -96.98081970 -28.09079933
v 152.00000000 -96.72727203 -28.09079933
v -152.00000000 -96.72727203 -28.09079933
v 152.00000000 -96.47373199 -28.09079933
v -152.00000000 -96.47373199 -28.09079933
v 152.00000000 -96.22019196 -28.09079933
v -152.00000000 -96.22019196 -28.09079933
v 152.00000000 -95.96663666 -28.09079933
v -152.00000000 -95.96663666 -28.09079933
v 152.00000000 -95.71308899 -28.09079933
v -152.00000000 -95.71308899 -28.09079933
v 152.00000000 -95.45954895 -28.09079933
v -152.00000000 -95.45954895 -28.09079933
v 152.00000000 -95.20600128 -28.09079933
v -152.00000000 -95.20600128 -28.09079933
v 152.00000000 -94.95246124 -28.09079933
v -152.00000000 -94.95246124 -28.09079933
v 152.00000000 -94.69892120 -28.09079933
v -152.00000000 -94.69892120 -28.09079933
v 152.00000000 -94.44538116 -28.09079933
v -152.00000000 -94.44538116 -28.09079933
v 152.00000000 -94.19183350 -28.09079933
v -152.00000000 -94.19183350 -28.09079933
v 152.00000000 -93.93827820 -28.09079933
v -152.00000000 -93.93827820 -28.09079933
v 152.00000000 -93.68473816 -28.09079933
v -152.00000000 -93.68473816 -28.09079933
v 152.00000000 -93.43119049 -28.09079933
v -152.00000000 -93.43119049 -28.09079933
v 152.00000000 -93.17765045 -28.09079933
v -152.00000000 -93.17765045 -28.09079933
v 152.00000000 -92.92411041 -28.09079933
v -152.00000000 -92.92411041 -28.09079933
v 152.00000000 -92.67056274 -28.09079933
v -152.00000000 -92.67056274 -28.09079933
v 152.00000000 -92.41700745 -28.09079933
v -152.00000000 -92.41700745 -28.09079933
v 152.00000000 -92.16346741 -28.09079933
v -152.00000000 -92.16346741 -28.09079933
v 152.00000000 -91.90992737 -28.09079933
v -152.00000000 -91.90992737 -28.09079933
v 152.00000000 -91.65637970 -28.09079933
v -152.00000000 -91.65637970 -28.09079933
v 152.00000000 -91.40283203 -28.09079933
v -152.00000000 -91.40283203 -28.09079933
v 152.00000000 -91.14929199 -28.09079933
v -152.00000000 -91.14929199 -28.09079933
v 152.00000000 -90.89575195 -28.09079933
v -152.00000000 -90.89575195 -28.09079933
v 152.00000000 -90.64219666 -28.09079933
v -152.00000000 -90.64219666 -28.09079933
v 152.00000000 -90.38865662 -28.09079933
v -152.00000000 -90.38865662 -28.09079933
v 152.00000000 -90.13510895 -28.09079933
v -152.00000000 -90.13510895 -28.09079933
v 152.00000000 -89.88156128 -28.09079933
v -152.00000000 -89.88156128 -28.09079933
v 152.00000000 -89.62802124 -28.09079933
v -152.00000000 -89.62802124 -28.09079933
v 152.00000000 -89.37448120 -28.09079933
v -152.00000000 -89.37448120 -28.09079933
v 152.00000000 -89.12094116 -28.09079933
v -152.00000000 -89.12094116 -28.09079933
v 152.00000000 -88.86739349 -28.09079933
v -152.00000000 -88.86739349 -28.09079933
v 152.00000000 -88.61385345 -28.09079933
v -152.00000000 -88.61385345 -28.09079933
v 152.00000000 -88.36029816 -28.09079933
v -152.00000000 -88.36029816 -28.09079933
v 152.00000000 -88.10675049 -28.09079933
v -152.00000000 -88.10675049 -28.09079933
v 152.00000000 -87.85321045 -28.09079933
v -152.00000000 -87.85321045 -28.09079933
v 152.00000000 -87.59967041 -28.09079933
v -152.00000000 -87.59967041 -28.09079933
v 152.00000000 -87.34613037 -28.09079933
v -152.00000000 -87.34613037 -28.09079933
v 152.00000000 -87.09258270 -28.09079933
v -152.00000000 -87.09258270 -28.09079933
v 152.00000000 -86.83902740 -28.09079933
v -152.00000000 -86.83902740 -28.09079933
v 152.00000000 -86.58548737 -28.09079933
v -152.00000000 -86.58548737 -28.09079933
v 152.00000000 -86.33193970 -28.09079933
v -152.00000000 -86.33193970 -28.09079933
v 152.00000000 -86.07839966 -28.09079933
v -152.00000000 -86.07839966 -28.09079933
v 152.00000000 -85.82485199 -28.09079933
v -152.00000000 -85.82485199 -28.09079933
v 152.00000000 -85.57131195 -28.09079933
v -152.00000000 -85.57131195 -28.09079933
v 152.00000000 -85.31777191 -28.09079933
v -152.00000000 -85.31777191 -28.09079933
v 152.00000000 -85.06421661 -28.09079933
v -152.00000000 -85.06421661 -28.09079933
v 152.00000000 -84.81067657 -28.09079933
v -152.00000000 -84.81067657 -28.09079933
v 152.00000000 -84.55712891 -28.09079933
v -152.00000000 -84.55712891 -28.09079933
v 152.00000000 -84.30358124 -28.09079933
v -152.00000000 -84.30358124 -28.09079933
v 152.00000000 -84.05004120 -28.09079933
v -152.00000000 -84.05004120 -28.09079933
v 152.00000000 -83.79650116 -28.09079933
v -152.00000000 -83.79650116 -28.09079933
v 152.00000000 -83.54296112 -28.09079933
v -152.00000000 -83.54296112 -28.09079933
v 152.00000000 -83.28941345 -28.09079933
v -152.00000000 -83.28941345 -28.09079933
v 152.00000000 -83.03585815 -28.09079933
v -152.00000000 -83.03585815 -28.09079933
v 152.00000000 -82.78231812 -28.09079933
v -152.00000000 -82.78231812 -28.09079933
v 152.00000000 -82.52877045 -28.09079933
v -152.00000000 -82.52877045 -28.09079933
v 152.00000000 -82.27523041 -28.09079933
v -152.00000000 -82.27523041 -28.09079933
v 152.00000000 -82.02169037 -28.09079933
v -152.00000000 -82.02169037 -28.09079933
v 152.00000000 -81.76814270 -28.09079933
v -152.00000000 -81.76814270 -28.09079933
v 152.00000000 -81.51460266 -28.09079933
v -152.00000000 -81.51460266 -28.09079933
v 152.00000000 -81.26104736 -28.09079933
v -152.00000000 -81.26104736 -28.09079933
v 152.00000000 -81.00750732 -28.09079933
v -152.00000000 -81.00750732 -28.09079933
v 152.00000000 -80.75395966 -28.09079933
v -152.00000000 -80.75395966 -28.09079933
v 152.00000000 -80.50041199 -28.09079933
v -152.00000000 -80.50041199 -28.09079933
v 152.00000000 -80.24687195 -28.09079933
v -152.00000000 -80.24687195 -28.09079933
v 152.00000000 -79.99333191 -28.09079933
v -152.00000000 -79.99333191 -28.09079933
v 152.00000000 -79.73979187 -28.09079933
v -152.00000000 -79.73979187 -28.09079933
v 152.00000000 -79.48623657 -28.09079933
v -152.00000000 -79.48623657 -28.09079933
v 152.00000000 -79.23268890 -28.09079933
v -152.00000000 -79.23268890 -28.09079933
v 152.00000000 -78.97914886 -28.09079933
v -152.00000000 -78.97914886 -28.09079933
v 152.00000000 -78.72560120 -28.09079933
v -152.00000000 -78.72560120 -28.09079933
v 152.00000000 -78.47206116 -28.09079933
v -152.00000000 -78.47206116 -28.09079933
v 152.00000000 -78.21852112 -28.09079933
v -152.00000000 -78.21852112 -28.09079933
v 152.00000000 -77.96497345 -28.09079933
v -152.00000000 -77.96497345 -28.09079933
v 152.00000000 -77.71143341 -28.09079933
v -152.00000000 -77.71143341 -28.09079933
v 152.00000000 -77.45787811 -28.09079933
v -152.00000000 -77.45787811 -28.09079933
v 152.00000000 -77.20433807 -28.09079933
v -152.00000000 -77.20433807 -28.09079933
v 152.00000000 -76.95079041 -28.09079933
v -152.00000000 -76.95079041 -28.09079933
v 152.00000000 -76.69725037 -28.09079933
v -152.00000000 -76.69725037 -28.09079933
v 152.00000000 -76.44371033 -28.09079933
v -152.00000000 -76.44371033 -28.09079933
v 152.00000000 -76.19016266 -28.09079933
v -152.00000000 -76.19016266 -28.09079933
v 152.00000000 -75.93662262 -28.09079933
v -152.00000000 -75.93662262 -28.09079933
v 152.00000000 -75.68306732 -28.09079933
v -152.00000000 -75.68306732 -28.09079933
v 152.00000000 -75.42951965 -28.09079933
v -152.00000000 -75.42951965 -28.09079933
v 152.00000000 -75.17597961 -28.09079933
v -152.00000000 -75.17597961 -28.09079933
v 152.00000000 -74.92243195 -28.09079933
v -152.00000000 -74.92243195 -28.09079933
v 152.00000000 -74.66889191 -28.09079933
v -152.00000000 -74.66889191 -28.09079933
v 152.00000000 -74.41535187 -28.09079933
v -152.00000000 -74.41535187 -28.09079933
v 152.00000000 -74.16179657 -28.09079933
v -152.00000000 -74.16179657 -28.09079933
v 152.00000000 -73.90825653 -28.09079933
v -152.00000000 -73.90825653 -28.09079933
v 152.00000000 -73.65470886 -28.09079933
v -152.00000000 -73.65470886 -28.09079933
v 152.00000000 -73.40116882 -28.09079933
v -152.00000000 -73.40116882 -28.09079933
v 152.00000000 -73.14762115 -28.09079933
v -152.00000000 -73.14762115 -28.09079933
v 152.00000000 -72.89408112 -28.09079933
v -152.00000000 -72.89408112 -28.09079933
v 152.00000000 -72.64054108 -28.09079933
v -152.00000000 -72.64054108 -28.09079933
v 152.00000000 -72.38699341 -28.09079933
v -152.00000000 -72.38699341 -28.09079933
v 152.00000000 -72.13345337 -28.09079933
v -152.00000000 -72.13345337 -28.09079933
v 152.00000000 -71.87989807 -28.09079933
v -152.00000000 -71.87989807 -28.09079933
v 152.00000000 -71.62635040 -28.09079933
v -152.00000000 -71.62635040 -28.09079933
v 152.00000000 -71.37281036 -28.09079933
v -152.00000000 -71.37281036 -28.09079933
v 152.00000000 -71.11927032 -28.09079933
v -152.00000000 -71.11927032 -28.09079933
v 152.00000000 -70.86573029 -28.09079933
v -152.00000000 -70.86573029 -28.09079933
v 152.00000000 -70.61218262 -28.09079933
v -152.00000000 -70.61218262 -28.09079933
v 152.00000000 -70.35862732 -28.09079933
v -152.00000000 -70.35862732 -28.09079933
v 152.00000000 -70.10508728 -28.09079933
v -152.00000000 -70.10508728 -28.09079933
v 152.00000000 -69.85153961 -28.09079933
v -152.00000000 -69.85153961 -28.09079933
v 152.00000000 -69.59799194 -28.09079933
v -152.00000000 -69.59799194 -28.09079933
v 152.00000000 -69.34445190 -28.09079933
v -152.00000000 -69.34445190 -28.09079933
v 152.00000000 -69.09091187 -28.09079933
v -152.00000000 -69.09091187 -28.09079933
v 152.00000000 -68.83737183 -28.09079933
v -152.00000000 -68.83737183 -28.09079933
v 152.00000000 -68.58381653 -28.09079933
v -152.00000000 -68.58381653 -28.09079933
v 152.00000000 -68.33026886 -28.09079933
v -152.00000000 -68.33026886 -28.09079933
v 152.00000000 -68.07672882 -28.09079933
v -152.00000000 -68.07672882 -28.09079933
v 152.00000000 -67.82318115 -28.09079933
v -152.00000000 -67.82318115 -28.09079933
v 152.00000000 -67.56964111 -28.09079933
v -152.00000000 -67.56964111 -28.09079933
v 152.00000000 -67.31610107 -28.09079933
v -152.00000000 -67.31610107 -28.09079933
v 152.00000000 -67.06255341 -28.09079933
v -152.00000000 -67.06255341 -28.09079933
v 152.00000000 -66.80901337 -28.09079933
v -152.00000000 -66.80901337 -28.09079933
v 152.00000000 -66.55545807 -28.09079933
v -152.00000000 -66.55545807 -28.09079933
v 152.00000000 -66.30191803 -28.09079933
v -152.00000000 -66.30191803 -28.09079933
v 152.00000000 -66.04837036 -28.09079933
v -152.00000000 -66.04837036 -28.09079933
v 152.00000000 -65.79483032 -28.09079933
v -152.00000000 -65.79483032 -28.09079933
v 152.00000000 -65.54129028 -28.09079933
v -152.00000000 -65.54129028 -28.09079933
v 152.00000000 -65.28774261 -28.09079933
v -152.00000000 -65.28774261 -28.09079933
v 152.00000000 -65.03420258 -28.09079933
v -152.00000000 -65.03420258 -28.09079933
v 152.00000000 -64.78064728 -28.09079933
v -152.00000000 -64.78064728 -28.09079933
v 152.00000000 -64.52709961 -28.09079933
v -152.00000000 -64.52709961 -28.09079933
v 152.00000000 -64.27355957 -28.09079933
v -152.00000000 -64.27355957 -28.09079933
v 152.00000000 -64.02001190 -28.09079933
v -152.00000000 -64.02001190 -28.09079933
v 152.00000000 -63.76647186 -28.09079933
v -152.00000000 -63.76647186 -28.09079933
v 152.00000000 -63.51292038 -28.09079933
v -152.00000000 -63.51292038 -28.09079933
v 152.00000000 -63.25938034 -28.09079933
v -152.00000000 -63.25938034 -28.09079933
v 152.00000000 -63.00584030 -28.09079933
v -152.00000000 -63.00584030 -28.09079933
v 152.00000000 -62.75228882 -28.09079933
v -152.00000000 -62.75228882 -28.09079933
v 152.00000000 -62.49874878 -28.09079933
v -152.00000000 -62.49874878 -28.09079933
v 152.00000000 -62.24520111 -28.09079933
v -152.00000000 -62.24520111 -28.09079933
v 152.00000000 -61.99164963 -28.09079933
v -152.00000000 -61.99164963 -28.09079933
v 152.00000000 -61.73810959 -28.09079933
v -152.00000000 -61.73810959 -28.09079933
v 152.00000000 -61.48455811 -28.09079933
v -152.00000000 -61.48455811 -28.09079933
v 152.00000000 -61.23102188 -28.09079933
v -152.00000000 -61.23102188 -28.09079933
v 152.00000000 -60.97748184 -28.09079933
v -152.00000000 -60.97748184 -28.09079933
v 152.00000000 -60.72393036 -28.09079933
v -152.00000000 -60.72393036 -28.09079933
v 152.00000000 -60.47039032 -28.09079933
v -152.00000000 -60.47039032 -28.09079933
v 152.00000000 -60.21683884 -28.09079933
v -152.00000000 -60.21683884 -28.09079933
v 152.00000000 -59.96329880 -28.09079933
v -152.00000000 -59.96329880 -28.09079933
v 152.00000000 -59.70975113 -28.09079933
v -152.00000000 -59.70975113 -28.09079933
v 152.00000000 -59.45621109 -28.09079933
v -152.00000000 -59.45621109 -28.09079933
v 152.00000000 -59.20267105 -28.09079933
v -152.00000000 -59.20267105 -28.09079933
v 152.00000000 -58.94911957 -28.09079933
v -152.00000000 -58.94911957 -28.09079933
v 152.00000000 -58.69557953 -28.09079933
v -152.00000000 -58.69557953 -28.09079933
v 152.00000000 -58.44203186 -28.09079933
v -152.00000000 -58.44203186 -28.09079933
v 152.00000000 -58.18848038 -28.09079933
v -152.00000000 -58.18848038 -28.09079933
v 152.00000000 -57.93494034 -28.09079933
v -152.00000000 -57.93494034 -28.09079933
v 152.00000000 -57.68140030 -28.09079933
v -152.00000000 -57.68140030 -28.09079933
v 152.00000000 -57.42786026 -28.09079933
v -152.00000000 -57.42786026 -28.09079933
v 152.00000000 -57.17430878 -28.09079933
v -152.00000000 -57.17430878 -28.09079933
v 152.00000000 -56.92076111 -28.09079933
v -152.00000000 -56.92076111 -28.09079933
v 152.00000000 -56.66722107 -28.09079933
v -152.00000000 -56.66722107 -28.09079933
v 152.00000000 -56.41366959 -28.09079933
v -152.00000000 -56.41366959 -28.09079933
v 152.00000000 -56.16012955 -28.09079933
v -152.00000000 -56.16012955 -28.09079933
v 152.00000000 -55.90658188 -28.09079933
v -152.00000000 -55.90658188 -28.09079933
v 152.00000000 -55.65304184 -28.09079933
v -152.00000000 -55.65304184 -28.09079933
v 152.00000000 -55.39950180 -28.09079933
v -152.00000000 -55.39950180 -28.09079933
v 152.00000000 -55.14595032 -28.09079933
v -152.00000000 -55.14595032 -28.09079933
v 152.00000000 -54.89241028 -28.09079933
v -152.00000000 -54.89241028 -28.09079933
v 152.00000000 -54.63885880 -28.09079933
v -152.00000000 -54.63885880 -28.09079933
v 152.00000000 -54.38531113 -28.09079933
v -152.00000000 -54.38531113 -28.09079933
v 152.00000000 -54.13177109 -28.09079933
v -152.00000000 -54.13177109 -28.09079933
v 152.00000000 -53.87823105 -28.09079933
v -152.00000000 -53.87823105 -28.09079933
v 152.00000000 -53.62469101 -28.09079933
v -152.00000000 -53.62469101 -28.09079933
v 152.00000000 -53.37113953 -28.09079933
v -152.00000000 -53.37113953 -28.09079933
v 152.00000000 -53.11759186 -28.09079933
v -152.00000000 -53.11759186 -28.09079933
v 152.00000000 -52.86405182 -28.09079933
v -152.00000000 -52.86405182 -28.09079933
v 152.00000000 -52.61050034 -28.09079933
v -152.00000000 -52.61050034 -28.09079933
v 152.00000000 -52.35696030 -28.09079933
v -152.00000000 -52.35696030 -28.09079933
v 152.00000000 -52.10342026 -28.09079933
v -152.00000000 -52.10342026 -28.09079933
v 152.00000000 -51.84986877 -28.09079933
v -152.00000000 -51.84986877 -28.09079933
v 152.00000000 -51.59632874 -28.09079933
v -152.00000000 -51.59632874 -28.09079933
v 152.00000000 -51.34278107 -28.09079933
v -152.00000000 -51.34278107 -28.09079933
v 152.00000000 -51.08924103 -28.09079933
v -152.00000000 -51.08924103 -28.09079933
v 152.00000000 -50.83568954 -28.09079933
v -152.00000000 -50.83568954 -28.09079933
v 152.00000000 -50.58214188 -28.09079933
v -152.00000000 -50.58214188 -28.09079933
v 152.00000000 -50.32860184 -28.09079933
v -152.00000000 -50.32860184 -28.09079933
v 152.00000000 -50.07506180 -28.09079933
v -152.00000000 -50.07506180 -28.09079933
v 152.00000000 -49.82152176 -28.09079933
v -152.00000000 -49.82152176 -28.09079933
v 152.00000000 -49.56797028 -28.09079933
v -152.00000000 -49.56797028 -28.09079933
v 152.00000000 -49.31441879 -28.09079933
v -152.00000000 -49.31441879 -28.09079933
v 152.00000000 -49.06087875 -28.09079933
v -152.00000000 -49.06087875 -28.09079933
v 152.00000000 -48.80733109 -28.09079933
v -152.00000000 -48.80733109 -28.09079933
v 152.00000000 -48.55379105 -28.09079933
v -152.00000000 -48.55379105 -28.09079933
v 152.00000000 -48.30025101 -28.09079933
v -152.00000000 -48.30025101 -28.09079933
v 152.00000000 -48.04669952 -28.09079933
v -152.00000000 -48.04669952 -28.09079933
v 152.00000000 -47.79315948 -28.09079933
v -152.00000000 -47.79315948 -28.09079933
v 152.00000000 -47.53961182 -28.09079933
v -152.00000000 -47.53961182 -28.09079933
v 152.00000000 -47.28607178 -28.09079933
v -152.00000000 -47.28607178 -28.09079933
v 152.00000000 -47.03252029 -28.09079933
v -152.00000000 -47.03252029 -28.09079933
v 152.00000000 -46.77898026 -28.09079933
v -152.00000000 -46.77898026 -28.09079933
v 152.00000000 -46.52544022 -28.09079933
v -152.00000000 -46.52544022 -28.09079933
v 152.00000000 -46.27188873 -28.09079933
v -152.00000000 -46.27188873 -28.09079933
v 152.00000000 -46.01834869 -28.09079933
v -152.00000000 -46.01834869 -28.09079933
v 152.00000000 -45.76480103 -28.09079933
v -152.00000000 -45.76480103 -28.09079933
v 152.00000000 -45.51124954 -28.09079933
v -152.00000000 -45.51124954 -28.09079933
v 152.00000000 -45.25770950 -28.09079933
v -152.00000000 -45.25770950 -28.09079933
v 152.00000000 -45.00416183 -28.09079933
v -152.00000000 -45.00416183 -28.09079933
v 152.00000000 -44.75062180 -28.09079933
v -152.00000000 -44.75062180 -28.09079933
v 152.00000000 -44.49708176 -28.09079933
v -152.00000000 -44.49708176 -28.09079933
v 152.00000000 -44.24353027 -28.09079933
v -152.00000000 -44.24353027 -28.09079933
v 152.00000000 -43.98999023 -28.09079933
v -152.00000000 -43.98999023 -28.09079933
v 152.00000000 -43.73643875 -28.09079933
v -152.00000000 -43.73643875 -28.09079933
v 152.00000000 -43.48289871 -28.09079933
v -152.00000000 -43.48289871 -28.09079933
v 152.00000000 -43.22935104 -28.09079933
v -152.00000000 -43.22935104 -28.09079933
v 152.00000000 -42.97581100 -28.09079933
v -152.00000000 -42.97581100 -28.09079933
v 152.00000000 -42.72227097 -28.09079933
v -152.00000000 -42.72227097 -28.09079933
v 152.00000000 -42.46871948 -28.09079933
v -152.00000000 -42.46871948 -28.09079933
v 152.00000000 -42.21517944 -28.09079933
v -152.00000000 -42.21517944 -28.09079933
v 152.00000000 -41.96163177 -28.09079933
v -152.00000000 -41.96163177 -28.09079933
v 152.00000000 -41.70808029 -28.09079933
v -152.00000000 -41.70808029 -28.09079933
v 152.00000000 -41.45454025 -28.09079933
v -152.00000000 -41.45454025 -28.09079933
v 152.00000000 -41.20100021 -28.09079933
v -152.00000000 -41.20100021 -28.09079933
v 152.00000000 -40.94746017 -28.09079933
v -152.00000000 -40.94746017 -28.09079933
v 152.00000000 -40.69390869 -28.09079933
v -152.00000000 -40.69390869 -28.09079933
v 152.00000000 -40.44036102 -28.09079933
v -152.00000000 -40.44036102 -28.09079933
v 152.00000000 -40.18682098 -28.09079933
v -152.00000000 -40.18682098 -28.09079933
v 152.00000000 -39.93326950 -28.09079933
v -152.00000000 -39.93326950 -28.09079933
v 152.00000000 -39.67972946 -28.09079933
v -152.00000000 -39.67972946 -28.09079933
v 152.00000000 -39.42618179 -28.09079933
v -152.00000000 -39.42618179 -28.09079933
v 152.00000000 -39.17264175 -28.09079933
v -152.00000000 -39.17264175 -28.09079933
v 152.00000000 -38.91910172 -28.09079933
v -152.00000000 -38.91910172 -28.09079933
v 152.00000000 -38.66555023 -28.09079933
v -152.00000000 -38.66555023 -28.09079933
v 152.00000000 -38.41199875 -28.09079933
v -152.00000000 -38.41199875 -28.09079933
v 152.00000000 -38.15845871 -28.09079933
v -152.00000000 -38.15845871 -28.09079933
v 152.00000000 -37.90491104 -28.09079933
v -152.00000000 -37.90491104 -28.09079933
v 152.00000000 -37.65137100 -28.09079933
v -152.00000000 -37.65137100 -28.09079933
v 152.00000000 -37.39783096 -28.09079933
v -152.00000000 -37.39783096 -28.09079933
v 152.00000000 -37.14427948 -28.09079933
v -152.00000000 -37.14427948 -28.09079933
v 152.00000000 -36.89073944 -28.09079933
v -152.00000000 -36.89073944 -28.09079933
v 152.00000000 -36.63719177 -28.09079933
v -152.00000000 -36.63719177 -28.09079933
v 152.00000000 -36.38365173 -28.09079933
v -152.00000000 -36.38365173 -28.09079933
v 152.00000000 -36.13010025 -28.09079933
v -152.00000000 -36.13010025 -28.09079933
v 152.00000000 -35.87656021 -28.09079933
v -152.00000000 -35.87656021 -28.09079933
v 152.00000000 -35.62302017 -28.09079933
v -152.00000000 -35.62302017 -28.09079933
v 152.00000000 -35.36946869 -28.09079933
v -152.00000000 -35.36946869 -28.09079933
v 152.00000000 -35.11592865 -28.09079933
v -152.00000000 -35.11592865 -28.09079933
v 152.00000000 -34.86238098 -28.09079933
v -152.00000000 -34.86238098 -28.09079933
v 152.00000000 -34.60882950 -28.09079933
v -152.00000000 -34.60882950 -28.09079933
v 152.00000000 -34.35528946 -28.09079933
v -152.00000000 -34.35528946 -28.09079933
v 152.00000000 -34.10174179 -28.09079933
v -152.00000000 -34.10174179 -28.09079933
v 152.00000000 -33.84820175 -28.09079933
v -152.00000000 -33.84820175 -28.09079933
v 152.00000000 -33.59466171 -28.09079933
v -152.00000000 -33.59466171 -28.09079933
v 152.00000000 -33.34111023 -28.09079933
v -152.00000000 -33.34111023 -28.09079933
v 152.00000000 -33.08757019 -28.09079933
v -152.00000000 -33.08757019 -28.09079933
v 152.00000000 -32.83401871 -28.09079933
v -152.00000000 -32.83401871 -28.09079933
v 152.00000000 -32.58047867 -28.09079933
v -152.00000000 -32.58047867 -28.09079933
v 152.00000000 -32.32693100 -28.09079933
v -152.00000000 -32.32693100 -28.09079933
v 152.00000000 -32.07339096 -28.09079933
v -152.00000000 -32.07339096 -28.09079933
v 152.00000000 -31.81985092 -28.09079933
v -152.00000000 -31.81985092 -28.09079933
v 152.00000000 -31.56629944 -28.09079933
v -152.00000000 -31.56629944 -28.09079933
v 152.00000000 -31.31275940 -28.09079933
v -152.00000000 -31.31275940 -28.09079933
v 152.00000000 -31.05920982 -28.09079933
v -152.00000000 -31.05920982 -28.09079933
v 152.00000000 -30.80566025 -28.09079933
v -152.00000000 -30.80566025 -28.09079933
v 152.00000000 -30.55212021 -28.09079933
v -152.00000000 -30.55212021 -28.09079933
v 152.00000000 -30.29858017 -28.09079933
v -152.00000000 -30.29858017 -28.09079933
v 152.00000000 -30.04504013 -28.09079933
v -152.00000000 -30.04504013 -28.09079933
v 152.00000000 -29.79149055 -28.09079933
v -152.00000000 -29.79149055 -28.09079933
v 152.00000000 -29.53793907 -28.09079933
v -152.00000000 -29.53793907 -28.09079933
v 152.00000000 -29.28440094 -28.09079933
v -152.00000000 -29.28440094 -28.09079933
v 152.00000000 -29.03084946 -28.09079933
v -152.00000000 -29.03084946 -28.09079933
v 152.00000000 -28.77730942 -28.09079933
v -152.00000000 -28.77730942 -28.09079933
v 152.00000000 -28.52376938 -28.09079933
v -152.00000000 -28.52376938 -28.09079933
v 152.00000000 -28.27021980 -28.09079933
v -152.00000000 -28.27021980 -28.09079933
v 152.00000000 -28.01667976 -28.09079933
v -152.00000000 -28.01667976 -28.09079933
v 152.00000000 -27.76313019 -28.09079933
v -152.00000000 -27.76313019 -28.09079933
v 152.00000000 -27.50959015 -28.09079933
v -152.00000000 -27.50959015 -28.09079933
v 152.00000000 -27.25604057 -28.09079933
v -152.00000000 -27.25604057 -28.09079933
v 152.00000000 -27.00250053 -28.09079933
v -152.00000000 -27.00250053 -28.09079933
v 152.00000000 -26.74896049 -28.09079933
v -152.00000000 -26.74896049 -28.09079933
v 152.00000000 -26.49541092 -28.09079933
v -152.00000000 -26.49541092 -28.09079933
v 152.00000000 -26.24187088 -28.09079933
v -152.00000000 -26.24187088 -28.09079933
v 152.00000000 -25.98831940 -28.09079933
v -152.00000000 -25.98831940 -28.09079933
v 152.00000000 -25.73476982 -28.09079933
v -152.00000000 -25.73476982 -28.09079933
v 152.00000000 -25.48122978 -28.09079933
v -152.00000000 -25.48122978 -28.09079933
v 152.00000000 -25.22768021 -28.09079933
v -152.00000000 -25.22768021 -28.09079933
v 152.00000000 -24.97414017 -28.09079933
v -152.00000000 -24.97414017 -28.09079933
v 152.00000000 -24.72060013 -28.09079933
v -152.00000000 -24.72060013 -28.09079933
v 152.00000000 -24.46705055 -28.09079933
v -152.00000000 -24.46705055 -28.09079933
v 152.00000000 -24.21351051 -28.09079933
v -152.00000000 -24.21351051 -28.09079933
v 152.00000000 -23.95996094 -28.09079933
v -152.00000000 -23.95996094 -28.09079933
v 152.00000000 -23.70642090 -28.09079933
v -152.00000000 -23.70642090 -28.09079933
v 152.00000000 -23.45288086 -28.09079933
v -152.00000000 -23.45288086 -28.09079933
v 152.00000000 -23.19932938 -28.09079933
v -152.00000000 -23.19932938 -28.09079933
v 152.00000000 -22.94578934 -28.09079933
v -152.00000000 -22.94578934 -28.09079933
v 152.00000000 -22.69224930 -28.09079933
v -152.00000000 -22.69224930 -28.09079933
v 152.00000000 -22.43869019 -28.09079933
v -152.00000000 -22.43869019 -28.09079933
v 152.00000000 -22.18515015 -28.09079933
v -152.00000000 -22.18515015 -28.09079933
v 152.00000000 -21.93161011 -28.09079933
v -152.00000000 -21.93161011 -28.09079933
v 152.00000000 -21.67806053 -28.09079933
v -152.00000000 -21.67806053 -28.09079933
v 152.00000000 -21.42452049 -28.09079933
v -152.00000000 -21.42452049 -28.09079933
v 152.00000000 -21.17098045 -28.09079933
v -152.00000000 -21.17098045 -28.09079933
v 152.00000000 -20.91741943 -28.09079933
v -152.00000000 -20.91741943 -28.09079933
v 152.00000000 -20.66387939 -28.09079933
v -152.00000000 -20.66387939 -28.09079933
v 152.00000000 -20.41033936 -28.09079933
v -152.00000000 -20.41033936 -28.09079933
v 152.00000000 -20.15679932 -28.09079933
v -152.00000000 -20.15679932 -28.09079933
v 152.00000000 -19.90324020 -28.09079933
v -152.00000000 -19.90324020 -28.09079933
v 152.00000000 -19.64970016 -28.09079933
v -152.00000000 -19.64970016 -28.09079933
v 152.00000000 -19.39616013 -28.09079933
v -152.00000000 -19.39616013 -28.09079933
v 152.00000000 -19.14261055 -28.09079933
v -152.00000000 -19.14261055 -28.09079933
v 152.00000000 -18.88907051 -28.09079933
v -152.00000000 -18.88907051 -28.09079933
v 152.00000000 -18.63553047 -28.09079933
v -152.00000000 -18.63553047 -28.09079933
v 152.00000000 -18.38196945 -28.09079933
v -152.00000000 -18.38196945 -28.09079933
v 152.00000000 -18.12842941 -28.09079933
v -152.00000000 -18.12842941 -28.09079933
v 152.00000000 -17.87488937 -28.09079933
v -152.00000000 -17.87488937 -28.09079933
v 152.00000000 -17.62134933 -28.09079933
v -152.00000000 -17.62134933 -28.09079933
v 152.00000000 -17.36779976 -28.09079933
v -152.00000000 -17.36779976 -28.09079933
v 152.00000000 -17.11425972 -28.09079933
v -152.00000000 -17.11425972 -28.09079933
v 152.00000000 -16.86071968 -28.09079933
v -152.00000000 -16.86071968 -28.09079933
v 152.00000000 -16.60716057 -28.09079933
v -152.00000000 -16.60716057 -28.09079933
v 152.00000000 -16.35362053 -28.09079933
v -152.00000000 -16.35362053 -28.09079933
v 152.00000000 -16.10008049 -28.09079933
v -152.00000000 -16.10008049 -28.09079933
v 152.00000000 -15.84652996 -28.09079933
v -152.00000000 -15.84652996 -28.09079933
v 152.00000000 -15.59298992 -28.09079933
v -152.00000000 -15.59298992 -28.09079933
v 152.00000000 -15.33944988 -28.09079933
v -152.00000000 -15.33944988 -28.09079933
v 152.00000000 -15.08590984 -28.09079933
v -152.00000000 -15.08590984 -28.09079933
v 152.00000000 -14.83234978 -28.09079933
v -152.00000000 -14.83234978 -28.09079933
v 152.00000000 -14.57880974 -28.09079933
v -152.00000000 -14.57880974 -28.09079933
v 152.00000000 -14.32526970 -28.09079933
v -152.00000000 -14.32526970 -28.09079933
v 152.00000000 -14.07172012 -28.09079933
v -152.00000000 -14.07172012 -28.09079933
v 152.00000000 -13.81818008 -28.09079933
v -152.00000000 -13.81818008 -28.09079933
v 152.00000000 -13.56464005 -28.09079933
v -152.00000000 -13.56464005 -28.09079933
v 152.00000000 -13.31107998 -28.09079933
v -152.00000000 -13.31107998 -28.09079933
v 152.00000000 -13.05753994 -28.09079933
v -152.00000000 -13.05753994 -28.09079933
v 152.00000000 -12.80399990 -28.09079933
v -152.00000000 -12.80399990 -28.09079933
v 152.00000000 -12.55045986 -28.09079933
v -152.00000000 -12.55045986 -28.09079933
v 152.00000000 -12.29691029 -28.09079933
v -152.00000000 -12.29691029 -28.09079933
v 152.00000000 -12.04337025 -28.09079933
v -152.00000000 -12.04337025 -28.09079933
v 152.00000000 -11.78983021 -28.09079933
v -152.00000000 -11.78983021 -28.09079933
v 152.00000000 -11.53627014 -28.09079933
v -152.00000000 -11.53627014 -28.09079933
v 152.00000000 -11.28273010 -28.09079933
v -152.00000000 -11.28273010 -28.09079933
v 152.00000000 -11.02919006 -28.09079933
v -152.00000000 -11.02919006 -28.09079933
v 152.00000000 -10.77563000 -28.09079933
v -152.00000000 -10.77563000 -28.09079933
v 152.00000000 -10.52208996 -28.09079933
v -152.00000000 -10.52208996 -28.09079933
v 152.00000000 -10.26854992 -28.09079933
v -152.00000000 -10.26854992 -28.09079933
v 152.00000000 -10.01500988 -28.09079933
v -152.00000000 -10.01500988 -28.09079933
v 152.00000000 -9.76146030 -28.09079933
v -152.00000000 -9.76146030 -28.09079933
v 152.00000000 -9.50792027 -28.09079933
v -152.00000000 -9.50792027 -28.09079933
v 152.00000000 -9.25438023 -28.09079933
v -152.00000000 -9.25438023 -28.09079933
v 152.00000000 -9.00082397 -28.09079933
v -152.00000000 -9.00082397 -28.09079933
v 152.00000000 -8.74728394 -28.09079933
v -152.00000000 -8.74728394 -28.09079933
v 152.00000000 -8.49374390 -28.09079933
v -152.00000000 -8.49374390 -28.09079933
v 152.00000000 -8.24018860 -28.09079933
v -152.00000000 -8.24018860 -28.09079933
v 152.00000000 -7.98664904 -28.09079933
v -152.00000000 -7.98664904 -28.09079933
v 152.00000000 -7.73310804 -28.09079933
v -152.00000000 -7.73310804 -28.09079933
v 152.00000000 -7.47956800 -28.09079933
v -152.00000000 -7.47956800 -28.09079933
v 152.00000000 -7.22601318 -28.09079933
v -152.00000000 -7.22601318 -28.09079933
v 152.00000000 -6.97247314 -28.09079933
v -152.00000000 -6.97247314 -28.09079933
v 152.00000000 -6.71893311 -28.09079933
v -152.00000000 -6.71893311 -28.09079933
v 152.00000000 -6.46537781 -28.09079933
v -152.00000000 -6.46537781 -28.09079933
v 152.00000000 -6.21183777 -28.09079933
v -152.00000000 -6.21183777 -28.09079933
v 152.00000000 -5.95829821 -28.09079933
v -152.00000000 -5.95829821 -28.09079933
v 152.00000000 -5.70474195 -28.09079933
v -152.00000000 -5.70474195 -28.09079933
v 152.00000000 -5.45120192 -28.09079933
v -152.00000000 -5.45120192 -28.09079933
v 152.00000000 -5.19766188 -28.09079933
v -152.00000000 -5.19766188 -28.09079933
v 152.00000000 -4.94412184 -28.09079933
v -152.00000000 -4.94412184 -28.09079933
v 152.00000000 -4.69056702 -28.09079933
v -152.00000000 -4.69056702 -28.09079933
v 152.00000000 -4.43702698 -28.09079933
v -152.00000000 -4.43702698 -28.09079933
v 152.00000000 -4.18348694 -28.09079933
v -152.00000000 -4.18348694 -28.09079933
v 152.00000000 -3.92993212 -28.09079933
v -152.00000000 -3.92993212 -28.09079933
v 152.00000000 -3.67639208 -28.09079933
v -152.00000000 -3.67639208 -28.09079933
v 152.00000000 -3.42285204 -28.09079933
v -152.00000000 -3.42285204 -28.09079933
v 152.00000000 -3.16929603 -28.09079933
v -152.00000000 -3.16929603 -28.09079933
v 152.00000000 -2.91575599 -28.09079933
v -152.00000000 -2.91575599 -28.09079933
v 152.00000000 -2.66221595 -28.09079933
v -152.00000000 -2.66221595 -28.09079933
v 152.00000000 -2.40867591 -28.09079933
v -152.00000000 -2.40867591 -28.09079933
v 152.00000000 -2.15512109 -28.09079933
v -152.00000000 -2.15512109 -28.09079933
v 152.00000000 -1.90158105 -28.09079933
v -152.00000000 -1.90158105 -28.09079933
v 152.00000000 -1.64804101 -28.09079933
v -152.00000000 -1.64804101 -28.09079933
v 152.00000000 -1.39448500 -28.09079933
v -152.00000000 -1.39448500 -28.09079933
v 152.00000000 -1.14094496 -28.09079933
v -152.00000000 -1.14094496 -28.09079933
v 152.00000000 -0.88740540 -28.09079933
v -152.00000000 -0.88740540 -28.09079933
v 152.00000000 -0.63385010 -28.09079933
v -152.00000000 -0.63385010 -28.09079933
v 152.00000000 -0.38031009 -28.09079933
v -152.00000000 -0.38031009 -28.09079933
v 152.00000000 -0.12677000 -28.09079933
v -152.00000000 -0.12677000 -28.09079933
v 152.00000000 0.12677000 -28.09079933
v -152.00000000 0.12677000 -28.09079933
v 152.00000000 0.38032529 -28.09079933
v -152.00000000 0.38032529 -28.09079933
v 152.00000000 0.63386542 -28.09079933
v -152.00000000 0.63386542 -28.09079933
v 152.00000000 0.88740540 -28.09079933
v -152.00000000 0.88740540 -28.09079933
v 152.00000000 1.14096105 -28.09079933
v -152.00000000 1.14096105 -28.09079933
v 152.00000000 1.39450097 -28.09079933
v -152.00000000 1.39450097 -28.09079933
v 152.00000000 1.64804101 -28.09079933
v -152.00000000 1.64804101 -28.09079933
v 152.00000000 1.90159595 -28.09079933
v -152.00000000 1.90159595 -28.09079933
v 152.00000000 2.15513611 -28.09079933
v -152.00000000 2.15513611 -28.09079933
v 152.00000000 2.40867591 -28.09079933
v -152.00000000 2.40867591 -28.09079933
v 152.00000000 2.66221595 -28.09079933
v -152.00000000 2.66221595 -28.09079933
v 152.00000000 2.91577101 -28.09079933
v -152.00000000 2.91577101 -28.09079933
v 152.00000000 3.16931200 -28.09079933
v -152.00000000 3.16931200 -28.09079933
v 152.00000000 3.42285204 -28.09079933
v -152.00000000 3.42285204 -28.09079933
v 152.00000000 3.67640710 -28.09079933
v -152.00000000 3.67640710 -28.09079933
v 152.00000000 3.92994690 -28.09079933
v -152.00000000 3.92994690 -28.09079933
v 152.00000000 4.18348694 -28.09079933
v -152.00000000 4.18348694 -28.09079933
v 152.00000000 4.43704224 -28.09079933
v -152.00000000 4.43704224 -28.09079933
v 152.00000000 4.69058180 -28.09079933
v -152.00000000 4.69058180 -28.09079933
v 152.00000000 4.94412184 -28.09079933
v -152.00000000 4.94412184 -28.09079933
v 152.00000000 5.19766188 -28.09079933
v -152.00000000 5.19766188 -28.09079933
v 152.00000000 5.45121813 -28.09079933
v -152.00000000 5.45121813 -28.09079933
v 152.00000000 5.70475817 -28.09079933
v -152.00000000 5.70475817 -28.09079933
v 152.00000000 5.95829821 -28.09079933
v -152.00000000 5.95829821 -28.09079933
v 152.00000000 6.21185303 -28.09079933
v -152.00000000 6.21185303 -28.09079933
v 152.00000000 6.46539307 -28.09079933
v -152.00000000 6.46539307 -28.09079933
v 152.00000000 6.71893311 -28.09079933
v -152.00000000 6.71893311 -28.09079933
v 152.00000000 6.97248793 -28.09079933
v -152.00000000 6.97248793 -28.09079933
v 152.00000000 7.22602797 -28.09079933
v -152.00000000 7.22602797 -28.09079933
v 152.00000000 7.47956800 -28.09079933
v -152.00000000 7.47956800 -28.09079933
v 152.00000000 7.73310804 -28.09079933
v -152.00000000 7.73310804 -28.09079933
v 152.00000000 7.98666382 -28.09079933
v -152.00000000 7.98666382 -28.09079933
v 152.00000000 8.24020386 -28.09079933
v -152.00000000 8.24020386 -28.09079933
v 152.00000000 8.49374390 -28.09079933
v -152.00000000 8.49374390 -28.09079933
v 152.00000000 8.74730015 -28.09079933
v -152.00000000 8.74730015 -28.09079933
v 152.00000000 9.00084019 -28.09079933
v -152.00000000 9.00084019 -28.09079933
v 152.00000000 9.25438023 -28.09079933
v -152.00000000 9.25438023 -28.09079933
v 152.00000000 9.50793457 -28.09079933
v -152.00000000 9.50793457 -28.09079933
v 152.00000000 9.76147461 -28.09079933
v -152.00000000 9.76147461 -28.09079933
v 152.00000000 10.01500988 -28.09079933
v -152.00000000 10.01500988 -28.09079933
v 152.00000000 10.26854992 -28.09079933
v -152.00000000 10.26854992 -28.09079933
v 152.00000000 10.52210999 -28.09079933
v -152.00000000 10.52210999 -28.09079933
v 152.00000000 10.77565002 -28.09079933
v -152.00000000 10.77565002 -28.09079933
v 152.00000000 11.02919006 -28.09079933
v -152.00000000 11.02919006 -28.09079933
v 152.00000000 11.28275013 -28.09079933
v -152.00000000 11.28275013 -28.09079933
v 152.00000000 11.53629017 -28.09079933
v -152.00000000 11.53629017 -28.09079933
v 152.00000000 11.78983021 -28.09079933
v -152.00000000 11.78983021 -28.09079933
v 152.00000000 12.04337978 -28.09079933
v -152.00000000 12.04337978 -28.09079933
v 152.00000000 12.29691982 -28.09079933
v -152.00000000 12.29691982 -28.09079933
v 152.00000000 12.55045986 -28.09079933
v -152.00000000 12.55045986 -28.09079933
v 152.00000000 12.80401993 -28.09079933
v -152.00000000 12.80401993 -28.09079933
v 152.00000000 13.05755997 -28.09079933
v -152.00000000 13.05755997 -28.09079933
v 152.00000000 13.31110001 -28.09079933
v -152.00000000 13.31110001 -28.09079933
v 152.00000000 13.56464005 -28.09079933
v -152.00000000 13.56464005 -28.09079933
v 152.00000000 13.81818962 -28.09079933
v -152.00000000 13.81818962 -28.09079933
v 152.00000000 14.07172966 -28.09079933
v -152.00000000 14.07172966 -28.09079933
v 152.00000000 14.32526970 -28.09079933
v -152.00000000 14.32526970 -28.09079933
v 152.00000000 14.57882977 -28.09079933
v -152.00000000 14.57882977 -28.09079933
v 152.00000000 14.83236980 -28.09079933
v -152.00000000 14.83236980 -28.09079933
v 152.00000000 15.08590984 -28.09079933
v -152.00000000 15.08590984 -28.09079933
v 152.00000000 15.33946037 -28.09079933
v -152.00000000 15.33946037 -28.09079933
v 152.00000000 15.59300041 -28.09079933
v -152.00000000 15.59300041 -28.09079933
v 152.00000000 15.84654045 -28.09079933
v -152.00000000 15.84654045 -28.09079933
v 152.00000000 16.10008049 -28.09079933
v -152.00000000 16.10008049 -28.09079933
v 152.00000000 16.35363960 -28.09079933
v -152.00000000 16.35363960 -28.09079933
v 152.00000000 16.60717964 -28.09079933
v -152.00000000 16.60717964 -28.09079933
v 152.00000000 16.86071968 -28.09079933
v -152.00000000 16.86071968 -28.09079933
v 152.00000000 17.11426926 -28.09079933
v -152.00000000 17.11426926 -28.09079933
v 152.00000000 17.36780930 -28.09079933
v -152.00000000 17.36780930 -28.09079933
v 152.00000000 17.62134933 -28.09079933
v -152.00000000 17.62134933 -28.09079933
v 152.00000000 17.87491035 -28.09079933
v -152.00000000 17.87491035 -28.09079933
v 152.00000000 18.12845039 -28.09079933
v -152.00000000 18.12845039 -28.09079933
v 152.00000000 18.38199043 -28.09079933
v -152.00000000 18.38199043 -28.09079933
v 152.00000000 18.63553047 -28.09079933
v -152.00000000 18.63553047 -28.09079933
v 152.00000000 18.88908005 -28.09079933
v -152.00000000 18.88908005 -28.09079933
v 152.00000000 19.14262009 -28.09079933
v -152.00000000 19.14262009 -28.09079933
v 152.00000000 19.39616013 -28.09079933
v -152.00000000 19.39616013 -28.09079933
v 152.00000000 19.64971924 -28.09079933
v -152.00000000 19.64971924 -28.09079933
v 152.00000000 19.90325928 -28.09079933
v -152.00000000 19.90325928 -28.09079933
v 152.00000000 20.15679932 -28.09079933
v -152.00000000 20.15679932 -28.09079933
v 152.00000000 20.41036034 -28.09079933
v -152.00000000 20.41036034 -28.09079933
v 152.00000000 20.66390038 -28.09079933
v -152.00000000 20.66390038 -28.09079933
v 152.00000000 20.91744041 -28.09079933
v -152.00000000 20.91744041 -28.09079933
v 152.00000000 21.17098045 -28.09079933
v -152.00000000 21.17098045 -28.09079933
v 152.00000000 21.42453003 -28.09079933
v -152.00000000 21.42453003 -28.09079933
v 152.00000000 21.67807007 -28.09079933
v -152.00000000 21.67807007 -28.09079933
v 152.00000000 21.93161011 -28.09079933
v -152.00000000 21.93161011 -28.09079933
v 152.00000000 22.18516922 -28.09079933
v -152.00000000 22.18516922 -28.09079933
v 152.00000000 22.43870926 -28.09079933
v -152.00000000 22.43870926 -28.09079933
v 152.00000000 22.69224930 -28.09079933
v -152.00000000 22.69224930 -28.09079933
v 152.00000000 22.94580078 -28.09079933
v -152.00000000 22.94580078 -28.09079933
v 152.00000000 23.19934082 -28.09079933
v -152.00000000 23.19934082 -28.09079933
v 152.00000000 23.45288086 -28.09079933
v -152.00000000 23.45288086 -28.09079933
v 152.00000000 23.70642090 -28.09079933
v -152.00000000 23.70642090 -28.09079933
v 152.00000000 23.95998001 -28.09079933
v -152.00000000 23.95998001 -28.09079933
v 152.00000000 24.21352005 -28.09079933
v -152.00000000 24.21352005 -28.09079933
v 152.00000000 24.46706009 -28.09079933
v -152.00000000 24.46706009 -28.09079933
v 152.00000000 24.72060966 -28.09079933
v -152.00000000 24.72060966 -28.09079933
v 152.00000000 24.97414970 -28.09079933
v -152.00000000 24.97414970 -28.09079933
v 152.00000000 25.22768974 -28.09079933
v -152.00000000 25.22768974 -28.09079933
v 152.00000000 25.48125076 -28.09079933
v -152.00000000 25.48125076 -28.09079933
v 152.00000000 25.73479080 -28.09079933
v -152.00000000 25.73479080 -28.09079933
v 152.00000000 25.98833084 -28.09079933
v -152.00000000 25.98833084 -28.09079933
v 152.00000000 26.24187088 -28.09079933
v -152.00000000 26.24187088 -28.09079933
v 152.00000000 26.49542046 -28.09079933
v -152.00000000 26.49542046 -28.09079933
v 152.00000000 26.74896049 -28.09079933
v -152.00000000 26.74896049 -28.09079933
v 152.00000000 27.00250053 -28.09079933
v -152.00000000 27.00250053 -28.09079933
v 152.00000000 27.25605965 -28.09079933
v -152.00000000 27.25605965 -28.09079933
v 152.00000000 27.50959969 -28.09079933
v -152.00000000 27.50959969 -28.09079933
v 152.00000000 27.76313972 -28.09079933
v -152.00000000 27.76313972 -28.09079933
v 152.00000000 28.01668930 -28.09079933
v -152.00000000 28.01668930 -28.09079933
v 152.00000000 28.27022934 -28.09079933
v -152.00000000 28.27022934 -28.09079933
v 152.00000000 28.52376938 -28.09079933
v -152.00000000 28.52376938 -28.09079933
v 152.00000000 28.77730942 -28.09079933
v -152.00000000 28.77730942 -28.09079933
v 152.00000000 29.03087044 -28.09079933
v -152.00000000 29.03087044 -28.09079933
v 152.00000000 29.28441048 -28.09079933
v -152.00000000 29.28441048 -28.09079933
v 152.00000000 29.53795052 -28.09079933
v -152.00000000 29.53795052 -28.09079933
v 152.00000000 29.79150009 -28.09079933
v -152.00000000 29.79150009 -28.09079933
v 152.00000000 30.04504013 -28.09079933
v -152.00000000 30.04504013 -28.09079933
v 152.00000000 30.29858017 -28.09079933
v -152.00000000 30.29858017 -28.09079933
v 152.00000000 30.55213928 -28.09079933
v -152.00000000 30.55213928 -28.09079933
v 152.00000000 30.80567932 -28.09079933
v -152.00000000 30.80567932 -28.09079933
v 152.00000000 31.05921936 -28.09079933
v -152.00000000 31.05921936 -28.09079933
v 152.00000000 31.31275940 -28.09079933
v -152.00000000 31.31275940 -28.09079933
v 152.00000000 31.56632042 -28.09079933
v -152.00000000 31.56632042 -28.09079933
v 152.00000000 31.81986046 -28.09079933
v -152.00000000 31.81986046 -28.09079933
v 152.00000000 32.07339096 -28.09079933
v -152.00000000 32.07339096 -28.09079933
v 152.00000000 32.32695007 -28.09079933
v -152.00000000 32.32695007 -28.09079933
v 152.00000000 32.58049011 -28.09079933
v -152.00000000 32.58049011 -28.09079933
v 152.00000000 32.83403015 -28.09079933
v -152.00000000 32.83403015 -28.09079933
v 152.00000000 33.08758163 -28.09079933
v -152.00000000 33.08758163 -28.09079933
v 152.00000000 33.34112167 -28.09079933
v -152.00000000 33.34112167 -28.09079933
v 152.00000000 33.59466171 -28.09079933
v -152.00000000 33.59466171 -28.09079933
v 152.00000000 33.84820175 -28.09079933
v -152.00000000 33.84820175 -28.09079933
v 152.00000000 34.10176086 -28.09079933
v -152.00000000 34.10176086 -28.09079933
v 152.00000000 34.35530090 -28.09079933
v -152.00000000 34.35530090 -28.09079933
v 152.00000000 34.60884094 -28.09079933
v -152.00000000 34.60884094 -28.09079933
v 152.00000000 34.86240005 -28.09079933
v -152.00000000 34.86240005 -28.09079933
v 152.00000000 35.11594009 -28.09079933
v -152.00000000 35.11594009 -28.09079933
v 152.00000000 35.36948013 -28.09079933
v -152.00000000 35.36948013 -28.09079933
v 152.00000000 35.62303162 -28.09079933
v -152.00000000 35.62303162 -28.09079933
v 152.00000000 35.87657166 -28.09079933
v -152.00000000 35.87657166 -28.09079933
v 152.00000000 36.13011169 -28.09079933
v -152.00000000 36.13011169 -28.09079933
v 152.00000000 36.38365173 -28.09079933
v -152.00000000 36.38365173 -28.09079933
v 152.00000000 36.63721085 -28.09079933
v -152.00000000 36.63721085 -28.09079933
v 152.00000000 36.89075089 -28.09079933
v -152.00000000 36.89075089 -28.09079933
v 152.00000000 37.14429092 -28.09079933
v -152.00000000 37.14429092 -28.09079933
v 152.00000000 37.39783859 -28.09079933
v -152.00000000 37.39783859 -28.09079933
v 152.00000000 37.65137863 -28.09079933
v -152.00000000 37.65137863 -28.09079933
v 152.00000000 37.90491867 -28.09079933
v -152.00000000 37.90491867 -28.09079933
v 152.00000000 38.15848160 -28.09079933
v -152.00000000 38.15848160 -28.09079933
v 152.00000000 38.41202164 -28.09079933
v -152.00000000 38.41202164 -28.09079933
v 152.00000000 38.66556168 -28.09079933
v -152.00000000 38.66556168 -28.09079933
v 152.00000000 38.91910172 -28.09079933
v -152.00000000 38.91910172 -28.09079933
v 152.00000000 39.17264938 -28.09079933
v -152.00000000 39.17264938 -28.09079933
v 152.00000000 39.42618942 -28.09079933
v -152.00000000 39.42618942 -28.09079933
v 152.00000000 39.67972946 -28.09079933
v -152.00000000 39.67972946 -28.09079933
v 152.00000000 39.93328857 -28.09079933
v -152.00000000 39.93328857 -28.09079933
v 152.00000000 40.18682861 -28.09079933
v -152.00000000 40.18682861 -28.09079933
v 152.00000000 40.44036865 -28.09079933
v -152.00000000 40.44036865 -28.09079933
v 152.00000000 40.69392014 -28.09079933
v -152.00000000 40.69392014 -28.09079933
v 152.00000000 40.94746017 -28.09079933
v -152.00000000 40.94746017 -28.09079933
v 152.00000000 41.20100021 -28.09079933
v -152.00000000 41.20100021 -28.09079933
v 152.00000000 41.45454025 -28.09079933
v -152.00000000 41.45454025 -28.09079933
v 152.00000000 41.70809937 -28.09079933
v -152.00000000 41.70809937 -28.09079933
v 152.00000000 41.96163940 -28.09079933
v -152.00000000 41.96163940 -28.09079933
v 152.00000000 42.21517944 -28.09079933
v -152.00000000 42.21517944 -28.09079933
v 152.00000000 42.46873093 -28.09079933
v -152.00000000 42.46873093 -28.09079933
v 152.00000000 42.72227097 -28.09079933
v -152.00000000 42.72227097 -28.09079933
v 152.00000000 42.97581100 -28.09079933
v -152.00000000 42.97581100 -28.09079933
v 152.00000000 43.22937012 -28.09079933
v -152.00000000 43.22937012 -28.09079933
v 152.00000000 43.48291016 -28.09079933
v -152.00000000 43.48291016 -28.09079933
v 152.00000000 43.73645020 -28.09079933
v -152.00000000 43.73645020 -28.09079933
v 152.00000000 43.99000168 -28.09079933
v -152.00000000 43.99000168 -28.09079933
v 152.00000000 44.24354172 -28.09079933
v -152.00000000 44.24354172 -28.09079933
v 152.00000000 44.49708176 -28.09079933
v -152.00000000 44.49708176 -28.09079933
v 152.00000000 44.75062180 -28.09079933
v -152.00000000 44.75062180 -28.09079933
v 152.00000000 45.00418091 -28.09079933
v -152.00000000 45.00418091 -28.09079933
v 152.00000000 45.25772095 -28.09079933
v -152.00000000 45.25772095 -28.09079933
v 152.00000000 45.51126099 -28.09079933
v -152.00000000 45.51126099 -28.09079933
v 152.00000000 45.76482010 -28.09079933
v -152.00000000 45.76482010 -28.09079933
v 152.00000000 46.01836014 -28.09079933
v -152.00000000 46.01836014 -28.09079933
v 152.00000000 46.27190018 -28.09079933
v -152.00000000 46.27190018 -28.09079933
v 152.00000000 46.52545166 -28.09079933
v -152.00000000 46.52545166 -28.09079933
v 152.00000000 46.77899170 -28.09079933
v -152.00000000 46.77899170 -28.09079933
v 152.00000000 47.03253174 -28.09079933
v -152.00000000 47.03253174 -28.09079933
v 152.00000000 47.28607178 -28.09079933
v -152.00000000 47.28607178 -28.09079933
v 152.00000000 47.53963089 -28.09079933
v -152.00000000 47.53963089 -28.09079933
v 152.00000000 47.79317093 -28.09079933
v -152.00000000 47.79317093 -28.09079933
v 152.00000000 48.04671097 -28.09079933
v -152.00000000 48.04671097 -28.09079933
v 152.00000000 48.30025864 -28.09079933
v -152.00000000 48.30025864 -28.09079933
v 152.00000000 48.55379868 -28.09079933
v -152.00000000 48.55379868 -28.09079933
v 152.00000000 48.80733871 -28.09079933
v -152.00000000 48.80733871 -28.09079933
v 152.00000000 49.06090164 -28.09079933
v -152.00000000 49.06090164 -28.09079933
v 152.00000000 49.31444168 -28.09079933
v -152.00000000 49.31444168 -28.09079933
v 152.00000000 49.56798172 -28.09079933
v -152.00000000 49.56798172 -28.09079933
v 152.00000000 49.82152176 -28.09079933
v -152.00000000 49.82152176 -28.09079933
v 152.00000000 50.07506943 -28.09079933
v -152.00000000 50.07506943 -28.09079933
v 152.00000000 50.32860947 -28.09079933
v -152.00000000 50.32860947 -28.09079933
v 152.00000000 50.58214951 -28.09079933
v -152.00000000 50.58214951 -28.09079933
v 152.00000000 50.83570862 -28.09079933
v -152.00000000 50.83570862 -28.09079933
v 152.00000000 51.08924866 -28.09079933
v -152.00000000 51.08924866 -28.09079933
v 152.00000000 51.34278870 -28.09079933
v -152.00000000 51.34278870 -28.09079933
v 152.00000000 51.59634018 -28.09079933
v -152.00000000 51.59634018 -28.09079933
v 152.00000000 51.84988022 -28.09079933
v -152.00000000 51.84988022 -28.09079933
v 152.00000000 52.10342026 -28.09079933
v -152.00000000 52.10342026 -28.09079933
v 152.00000000 52.35696030 -28.09079933
v -152.00000000 52.35696030 -28.09079933
v 152.00000000 52.61051941 -28.09079933
v -152.00000000 52.61051941 -28.09079933
v 152.00000000 52.86405945 -28.09079933
v -152.00000000 52.86405945 -28.09079933
v 152.00000000 53.11759949 -28.09079933
v -152.00000000 53.11759949 -28.09079933
v 152.00000000 53.37115097 -28.09079933
v -152.00000000 53.37115097 -28.09079933
v 152.00000000 53.62469101 -28.09079933
v -152.00000000 53.62469101 -28.09079933
v 152.00000000 53.87823105 -28.09079933
v -152.00000000 53.87823105 -28.09079933
v 152.00000000 54.13179016 -28.09079933
v -152.00000000 54.13179016 -28.09079933
v 152.00000000 54.38533020 -28.09079933
v -152.00000000 54.38533020 -28.09079933
v 152.00000000 54.63887024 -28.09079933
v -152.00000000 54.63887024 -28.09079933
v 152.00000000 54.89241028 -28.09079933
v -152.00000000 54.89241028 -28.09079933
v 152.00000000 55.14596176 -28.09079933
v -152.00000000 55.14596176 -28.09079933
v 152.00000000 55.39950180 -28.09079933
v -152.00000000 55.39950180 -28.09079933
v 152.00000000 55.65304184 -28.09079933
v -152.00000000 55.65304184 -28.09079933
v 152.00000000 55.90660095 -28.09079933
v -152.00000000 55.90660095 -28.09079933
v 152.00000000 56.16014099 -28.09079933
v -152.00000000 56.16014099 -28.09079933
v 152.00000000 56.41368103 -28.09079933
v -152.00000000 56.41368103 -28.09079933
v 152.00000000 56.66724014 -28.09079933
v -152.00000000 56.66724014 -28.09079933
v 152.00000000 56.92078018 -28.09079933
v -152.00000000 56.92078018 -28.09079933
v 152.00000000 57.17432022 -28.09079933
v -152.00000000 57.17432022 -28.09079933
v 152.00000000 57.42786026 -28.09079933
v -152.00000000 57.42786026 -28.09079933
v 152.00000000 57.68141174 -28.09079933
v -152.00000000 57.68141174 -28.09079933
v 152.00000000 57.93495178 -28.09079933
v -152.00000000 57.93495178 -28.09079933
v 152.00000000 58.18849182 -28.09079933
v -152.00000000 58.18849182 -28.09079933
v 152.00000000 58.44205093 -28.09079933
v -152.00000000 58.44205093 -28.09079933
v 152.00000000 58.69559097 -28.09079933
v -152.00000000 58.69559097 -28.09079933
v 152.00000000 58.94913101 -28.09079933
v -152.00000000 58.94913101 -28.09079933
v 152.00000000 59.20267868 -28.09079933
v -152.00000000 59.20267868 -28.09079933
v 152.00000000 59.45621872 -28.09079933
v -152.00000000 59.45621872 -28.09079933
v 152.00000000 59.70975876 -28.09079933
v -152.00000000 59.70975876 -28.09079933
v 152.00000000 59.96329880 -28.09079933
v -152.00000000 59.96329880 -28.09079933
v 152.00000000 60.21686172 -28.09079933
v -152.00000000 60.21686172 -28.09079933
v 152.00000000 60.47040176 -28.09079933
v -152.00000000 60.47040176 -28.09079933
v 152.00000000 60.72394180 -28.09079933
v -152.00000000 60.72394180 -28.09079933
v 152.00000000 60.97748947 -28.09079933
v -152.00000000 60.97748947 -28.09079933
v 152.00000000 61.23102951 -28.09079933
v -152.00000000 61.23102951 -28.09079933
v 152.00000000 61.48456955 -28.09079933
v -152.00000000 61.48456955 -28.09079933
v 152.00000000 61.73812866 -28.09079933
v -152.00000000 61.73812866 -28.09079933
v 152.00000000 61.99166870 -28.09079933
v -152.00000000 61.99166870 -28.09079933
v 152.00000000 62.24520874 -28.09079933
v -152.00000000 62.24520874 -28.09079933
v 152.00000000 62.49874878 -28.09079933
v -152.00000000 62.49874878 -28.09079933
v 152.00000000 62.75230026 -28.09079933
v -152.00000000 62.75230026 -28.09079933
v 152.00000000 63.00584030 -28.09079933
v -152.00000000 63.00584030 -28.09079933
v 152.00000000 63.25938034 -28.09079933
v -152.00000000 63.25938034 -28.09079933
v 152.00000000 63.51293945 -28.09079933
v -152.00000000 63.51293945 -28.09079933
v 152.00000000 63.76647949 -28.09079933
v -152.00000000 63.76647949 -28.09079933
v 152.00000000 64.02001953 -28.09079933
v -152.00000000 64.02001953 -28.09079933
v 152.00000000 64.27358246 -28.09079933
v -152.00000000 64.27358246 -28.09079933
v 152.00000000 64.52712250 -28.09079933
v -152.00000000 64.52712250 -28.09079933
v 152.00000000 64.78066254 -28.09079933
v -152.00000000 64.78066254 -28.09079933
v 152.00000000 65.03420258 -28.09079933
v -152.00000000 65.03420258 -28.09079933
v 152.00000000 65.28775024 -28.09079933
v -152.00000000 65.28775024 -28.09079933
v 152.00000000 65.54129028 -28.09079933
v -152.00000000 65.54129028 -28.09079933
v 152.00000000 65.79483032 -28.09079933
v -152.00000000 65.79483032 -28.09079933
v 152.00000000 66.04839325 -28.09079933
v -152.00000000 66.04839325 -28.09079933
v 152.00000000 66.30193329 -28.09079933
v -152.00000000 66.30193329 -28.09079933
v 152.00000000 66.55547333 -28.09079933
v -152.00000000 66.55547333 -28.09079933
v 152.00000000 66.80902100 -28.09079933
v -152.00000000 66.80902100 -28.09079933
v 152.00000000 67.06256104 -28.09079933
v -152.00000000 67.06256104 -28.09079933
v 152.00000000 67.31610107 -28.09079933
v -152.00000000 67.31610107 -28.09079933
v 152.00000000 67.56964111 -28.09079933
v -152.00000000 67.56964111 -28.09079933
v 152.00000000 67.82319641 -28.09079933
v -152.00000000 67.82319641 -28.09079933
v 152.00000000 68.07673645 -28.09079933
v -152.00000000 68.07673645 -28.09079933
v 152.00000000 68.33027649 -28.09079933
v -152.00000000 68.33027649 -28.09079933
v 152.00000000 68.58383179 -28.09079933
v -152.00000000 68.58383179 -28.09079933
v 152.00000000 68.83737183 -28.09079933
v -152.00000000 68.83737183 -28.09079933
v 152.00000000 69.09091187 -28.09079933
v -152.00000000 69.09091187 -28.09079933
v 152.00000000 69.34446716 -28.09079933
v -152.00000000 69.34446716 -28.09079933
v 152.00000000 69.59800720 -28.09079933
v -152.00000000 69.59800720 -28.09079933
v 152.00000000 69.85154724 -28.09079933
v -152.00000000 69.85154724 -28.09079933
v 152.00000000 70.10508728 -28.09079933
v -152.00000000 70.10508728 -28.09079933
v 152.00000000 70.35865021 -28.09079933
v -152.00000000 70.35865021 -28.09079933
v 152.00000000 70.61219025 -28.09079933
v -152.00000000 70.61219025 -28.09079933
v 152.00000000 70.86573029 -28.09079933
v -152.00000000 70.86573029 -28.09079933
v 152.00000000 71.11927795 -28.09079933
v -152.00000000 71.11927795 -28.09079933
v 152.00000000 71.37281799 -28.09079933
v -152.00000000 71.37281799 -28.09079933
v 152.00000000 71.62635803 -28.09079933
v -152.00000000 71.62635803 -28.09079933
v 152.00000000 71.87992096 -28.09079933
v -152.00000000 71.87992096 -28.09079933
v 152.00000000 72.13346100 -28.09079933
v -152.00000000 72.13346100 -28.09079933
v 152.00000000 72.38700104 -28.09079933
v -152.00000000 72.38700104 -28.09079933
v 152.00000000 72.64054108 -28.09079933
v -152.00000000 72.64054108 -28.09079933
v 152.00000000 72.89408875 -28.09079933
v -152.00000000 72.89408875 -28.09079933
v 152.00000000 73.14762878 -28.09079933
v -152.00000000 73.14762878 -28.09079933
v 152.00000000 73.40116882 -28.09079933
v -152.00000000 73.40116882 -28.09079933
v 152.00000000 73.65473175 -28.09079933
v -152.00000000 73.65473175 -28.09079933
v 152.00000000 73.90827179 -28.09079933
v -152.00000000 73.90827179 -28.09079933
v 152.00000000 74.16181183 -28.09079933
v -152.00000000 74.16181183 -28.09079933
v 152.00000000 74.41535950 -28.09079933
v -152.00000000 74.41535950 -28.09079933
v 152.00000000 74.66889954 -28.09079933
v -152.00000000 74.66889954 -28.09079933
v 152.00000000 74.92243958 -28.09079933
v -152.00000000 74.92243958 -28.09079933
v 152.00000000 75.17600250 -28.09079933
v -152.00000000 75.17600250 -28.09079933
v 152.00000000 75.42954254 -28.09079933
v -152.00000000 75.42954254 -28.09079933
v 152.00000000 75.68308258 -28.09079933
v -152.00000000 75.68308258 -28.09079933
v 152.00000000 75.93662262 -28.09079933
v -152.00000000 75.93662262 -28.09079933
v 152.00000000 76.19017029 -28.09079933
v -152.00000000 76.19017029 -28.09079933
v 152.00000000 76.44371033 -28.09079933
v -152.00000000 76.44371033 -28.09079933
v 152.00000000 76.69725037 -28.09079933
v -152.00000000 76.69725037 -28.09079933
v 152.00000000 76.95081329 -28.09079933
v -152.00000000 76.95081329 -28.09079933
v 152.00000000 77.20435333 -28.09079933
v -152.00000000 77.20435333 -28.09079933
v 152.00000000 77.45789337 -28.09079933
v -152.00000000 77.45789337 -28.09079933
v 152.00000000 77.71144104 -28.09079933
v -152.00000000 77.71144104 -28.09079933
v 152.00000000 77.96498108 -28.09079933
v -152.00000000 77.96498108 -28.09079933
v 152.00000000 78.21852112 -28.09079933
v -152.00000000 78.21852112 -28.09079933
v 152.00000000 78.47206116 -28.09079933
v -152.00000000 78.47206116 -28.09079933
v 152.00000000 78.72561646 -28.09079933
v -152.00000000 78.72561646 -28.09079933
v 152.00000000 78.97915649 -28.09079933
v -152.00000000 78.97915649 -28.09079933
v 152.00000000 79.23269653 -28.09079933
v -152.00000000 79.23269653 -28.09079933
v 152.00000000 79.48625183 -28.09079933
v -152.00000000 79.48625183 -28.09079933
v 152.00000000 79.73979187 -28.09079933
v -152.00000000 79.73979187 -28.09079933
v 152.00000000 79.99333191 -28.09079933
v -152.00000000 79.99333191 -28.09079933
v 152.00000000 80.24688721 -28.09079933
v -152.00000000 80.24688721 -28.09079933
v 152.00000000 80.50042725 -28.09079933
v -152.00000000 80.50042725 -28.09079933
v 152.00000000 80.75396729 -28.09079933
v -152.00000000 80.75396729 -28.09079933
v 152.00000000 81.00750732 -28.09079933
v -152.00000000 81.00750732 -28.09079933
v 152.00000000 81.26107025 -28.09079933
v -152.00000000 81.26107025 -28.09079933
v 152.00000000 81.51461029 -28.09079933
v -152.00000000 81.51461029 -28.09079933
v 152.00000000 81.76815033 -28.09079933
v -152.00000000 81.76815033 -28.09079933
v 152.00000000 82.02169800 -28.09079933
v -152.00000000 82.02169800 -28.09079933
v 152.00000000 82.27523804 -28.09079933
v -152.00000000 82.27523804 -28.09079933
v 152.00000000 82.52877808 -28.09079933
v -152.00000000 82.52877808 -28.09079933
v 152.00000000 82.78234100 -28.09079933
v -152.00000000 82.78234100 -28.09079933
v 152.00000000 83.03588104 -28.09079933
v -152.00000000 83.03588104 -28.09079933
v 152.00000000 83.28942108 -28.09079933
v -152.00000000 83.28942108 -28.09079933
v 152.00000000 83.54296112 -28.09079933
v -152.00000000 83.54296112 -28.09079933
v 152.00000000 83.79650879 -28.09079933
v -152.00000000 83.79650879 -28.09079933
v 152.00000000 84.05004883 -28.09079933
v -152.00000000 84.05004883 -28.09079933
v 152.00000000 84.30358887 -28.09079933
v -152.00000000 84.30358887 -28.09079933
v 152.00000000 84.55715179 -28.09079933
v -152.00000000 84.55715179 -28.09079933
v 152.00000000 84.81069183 -28.09079933
v -152.00000000 84.81069183 -28.09079933
v 152.00000000 85.06423187 -28.09079933
v -152.00000000 85.06423187 -28.09079933
v 152.00000000 85.31777954 -28.09079933
v -152.00000000 85.31777954 -28.09079933
v 152.00000000 85.57131958 -28.09079933
v -152.00000000 85.57131958 -28.09079933
v 152.00000000 85.82485962 -28.09079933
v -152.00000000 85.82485962 -28.09079933
v 152.00000000 86.07839966 -28.09079933
v -152.00000000 86.07839966 -28.09079933
v 152.00000000 86.33196259 -28.09079933
v -152.00000000 86.33196259 -28.09079933
v 152.00000000 86.58550262 -28.09079933
v -152.00000000 86.58550262 -28.09079933
v 152.00000000 86.83904266 -28.09079933
v -152.00000000 86.83904266 -28.09079933
v 152.00000000 87.09259033 -28.09079933
v -152.00000000 87.09259033 -28.09079933
v 152.00000000 87.34613037 -28.09079933
v -152.00000000 87.34613037 -28.09079933
v 152.00000000 87.59967041 -28.09079933
v -152.00000000 87.59967041 -28.09079933
v 152.00000000 87.85323334 -28.09079933
v -152.00000000 87.85323334 -28.09079933
v 152.00000000 88.10677338 -28.09079933
v -152.00000000 88.10677338 -28.09079933
v 152.00000000 88.36031342 -28.09079933
v -152.00000000 88.36031342 -28.09079933
v 152.00000000 88.61385345 -28.09079933
v -152.00000000 88.61385345 -28.09079933
v 152.00000000 88.86740112 -28.09079933
v -152.00000000 88.86740112 -28.09079933
v 152.00000000 89.12094116 -28.09079933
v -152.00000000 89.12094116 -28.09079933
v 152.00000000 89.37448120 -28.09079933
v -152.00000000 89.37448120 -28.09079933
v 152.00000000 89.62803650 -28.09079933
v -152.00000000 89.62803650 -28.09079933
v 152.00000000 89.88157654 -28.09079933
v -152.00000000 89.88157654 -28.09079933
v 152.00000000 90.13511658 -28.09079933
v -152.00000000 90.13511658 -28.09079933
v 152.00000000 90.38867188 -28.09079933
v -152.00000000 90.38867188 -28.09079933
v 152.00000000 90.64221191 -28.09079933
v -152.00000000 90.64221191 -28.09079933
v 152.00000000 90.89575195 -28.09079933
v -152.00000000 90.89575195 -28.09079933
v 152.00000000 91.14929199 -28.09079933
v -152.00000000 91.14929199 -28.09079933
v 152.00000000 91.40284729 -28.09079933
v -152.00000000 91.40284729 -28.09079933
v 152.00000000 91.65638733 -28.09079933
v -152.00000000 91.65638733 -28.09079933
v 152.00000000 91.90992737 -28.09079933
v -152.00000000 91.90992737 -28.09079933
v 152.00000000 92.16349030 -28.09079933
v -152.00000000 92.16349030 -28.09079933
v 152.00000000 92.41703033 -28.09079933
v -152.00000000 92.41703033 -28.09079933
v 152.00000000 92.67057037 -28.09079933
v -152.00000000 92.67057037 -28.09079933
v 152.00000000 92.92411804 -28.09079933
v -152.00000000 92.92411804 -28.09079933
v 152.00000000 93.17765808 -28.09079933
v -152.00000000 93.17765808 -28.09079933
v 152.00000000 93.43119812 -28.09079933
v -152.00000000 93.43119812 -28.09079933
v 152.00000000 93.68473816 -28.09079933
v -152.00000000 93.68473816 -28.09079933
v 152.00000000 93.93830109 -28.09079933
v -152.00000000 93.93830109 -28.09079933
v 152.00000000 94.19184113 -28.09079933
v -152.00000000 94.19184113 -28.09079933
v 152.00000000 94.44538116 -28.09079933
v -152.00000000 94.44538116 -28.09079933
v 152.00000000 94.69892883 -28.09079933
v -152.00000000 94.69892883 -28.09079933
v 152.00000000 94.95246887 -28.09079933
v -152.00000000 94.95246887 -28.09079933
v 152.00000000 95.20600891 -28.09079933
v -152.00000000 95.20600891 -28.09079933
v 152.00000000 95.45957184 -28.09079933
v -152.00000000 95.45957184 -28.09079933
v 152.00000000 95.71311188 -28.09079933
v -152.00000000 95.71311188 -28.09079933
v 152.00000000 95.96665192 -28.09079933
v -152.00000000 95.96665192 -28.09079933
v 152.00000000 96.22019196 -28.09079933
v -152.00000000 96.22019196 -28.09079933
v 152.00000000 96.47373962 -28.09079933
v -152.00000000 96.47373962 -28.09079933
v 152.00000000 96.72727966 -28.09079933
v -152.00000000 96.72727966 -28.09079933
v 152.00000000 96.98081970 -28.09079933
v -152.00000000 96.98081970 -28.09079933
v 152.00000000 97.23438263 -28.09079933
v -152.00000000 97.23438263 -28.09079933
v 152.00000000 97.48792267 -28.09079933
v -152.00000000 97.48792267 -28.09079933
v 152.00000000 97.74146271 -28.09079933
v -152.00000000 97.74146271 -28.09079933
v 152.00000000 97.99501038 -28.09079933
v -152.00000000 97.99501038 -28.09079933
v 152.00000000 98.24855042 -28.09079933
v -152.00000000 98.24855042 -28.09079933
v 152.00000000 98.50209045 -28.09079933
v -152.00000000 98.50209045 -28.09079933
v 152.00000000 98.75563049 -28.09079933
v -152.00000000 98.75563049 -28.09079933
v 152.00000000 99.00919342 -28.09079933
v -152.00000000 99.00919342 -28.09079933
v 152.00000000 99.26273346 -28.09079933
v -152.00000000 99.26273346 -28.09079933
v 152.00000000 99.51627350 -28.09079933
v -152.00000000 99.51627350 -28.09079933
v 152.00000000 99.76982117 -28.09079933
v -152.00000000 99.76982117 -28.09079933
v 152.00000000 100.02339935 -28.09079933
v -152.00000000 100.02339935 -28.09079933
v 152.00000000 100.27690125 -28.09079933
v -152.00000000 100.27690125 -28.09079933
v 152.00000000 100.53050232 -28.09079933
v -152.00000000 100.53050232 -28.09079933
v 152.00000000 100.78399658 -28.09079933
v -152.00000000 100.78399658 -28.09079933
v 152.00000000 101.03749847 -28.09079933
v -152.00000000 101.03749847 -28.09079933
v 152.00000000 101.29109955 -28.09079933
v -152.00000000 101.29109955 -28.09079933
v 152.00000000 101.54460144 -28.09079933
v -152.00000000 101.54460144 -28.09079933
v 152.00000000 101.79820251 -28.09079933
v -152.00000000 101.79820251 -28.09079933
v 152.00000000 102.05169678 -28.09079933
v -152.00000000 102.05169678 -28.09079933
v 152.00000000 102.30529785 -28.09079933
v -152.00000000 102.30529785 -28.09079933
v 152.00000000 102.55879974 -28.09079933
v -152.00000000 102.55879974 -28.09079933
v 152.00000000 102.81240082 -28.09079933
v -152.00000000 102.81240082 -28.09079933
v 152.00000000 103.06590271 -28.09079933
v -152.00000000 103.06590271 -28.09079933
v 152.00000000 103.31939697 -28.09079933
v -152.00000000 103.31939697 -28.09079933
v 152.00000000 103.57299805 -28.09079933
v -152.00000000 103.57299805 -28.09079933
v 152.00000000 103.82649994 -28.09079933
v -152.00000000 103.82649994 -28.09079933
v 152.00000000 104.08010101 -28.09079933
v -152.00000000 104.08010101 -28.09079933
v 152.00000000 104.33360291 -28.09079933
v -152.00000000 104.33360291 -28.09079933
v 152.00000000 104.58719635 -28.09079933
v -152.00000000 104.58719635 -28.09079933
v 152.00000000 104.84069824 -28.09079933
v -152.00000000 104.84069824 -28.09079933
v 152.00000000 105.09420013 -28.09079933
v -152.00000000 105.09420013 -28.09079933
v 152.00000000 105.34780121 -28.09079933
v -152.00000000 105.34780121 -28.09079933
v 152.00000000 105.60140228 -28.09079933
v -152.00000000 105.60140228 -28.09079933
v 152.00000000 105.85489655 -28.09079933
v -152.00000000 105.85489655 -28.09079933
v 152.00000000 106.10839844 -28.09079933
v -152.00000000 106.10839844 -28.09079933
v 152.00000000 106.36199951 -28.09079933
v -152.00000000 106.36199951 -28.09079933
v 152.00000000 106.61550140 -28.09079933
v -152.00000000 106.61550140 -28.09079933
v 152.00000000 106.86910248 -28.09079933
v -152.00000000 106.86910248 -28.09079933
v 152.00000000 107.12259674 -28.09079933
v -152.00000000 107.12259674 -28.09079933
v 152.00000000 107.37619781 -28.09079933
v -152.00000000 107.37619781 -28.09079933
v 152.00000000 107.62969971 -28.09079933
v -152.00000000 107.62969971 -28.09079933
v 152.00000000 107.88320160 -28.09079933
v -152.00000000 107.88320160 -28.09079933
v 152.00000000 108.13680267 -28.09079933
v -152.00000000 108.13680267 -28.09079933
v 152.00000000 108.39029694 -28.09079933
v -152.00000000 108.39029694 -28.09079933
v 152.00000000 108.64389801 -28.09079933
v -152.00000000 108.64389801 -28.09079933
v 152.00000000 108.89739990 -28.09079933
v -152.00000000 108.89739990 -28.09079933
v 152.00000000 109.15100098 -28.09079933
v -152.00000000 109.15100098 -28.09079933
v 152.00000000 109.40450287 -28.09079933
v -152.00000000 109.40450287 -28.09079933
v 152.00000000 109.65809631 -28.09079933
v -152.00000000 109.65809631 -28.09079933
v 152.00000000 109.91159821 -28.09079933
v -152.00000000 109.91159821 -28.09079933
v 152.00000000 110.16519928 -28.09079933
v -152.00000000 110.16519928 -28.09079933
v 152.00000000 110.41870117 -28.09079933
v -152.00000000 110.41870117 -28.09079933
v 152.00000000 110.67220306 -28.09079933
v -152.00000000 110.67220306 -28.09079933
v 152.00000000 110.92579651 -28.09079933
v -152.00000000 110.92579651 -28.09079933
v 152.00000000 111.17929840 -28.09079933
v -152.00000000 111.17929840 -28.09079933
v 152.00000000 111.43289948 -28.09079933
v -152.00000000 111.43289948 -28.09079933
v 152.00000000 111.68640137 -28.09079933
v -152.00000000 111.68640137 -28.09079933
v 152.00000000 111.94000244 -28.09079933
v -152.00000000 111.94000244 -28.09079933
v 152.00000000 112.19349670 -28.09079933
v -152.00000000 112.19349670 -28.09079933
v 152.00000000 112.44709778 -28.09079933
v -152.00000000 112.44709778 -28.09079933
v 152.00000000 112.70059967 -28.09079933
v -152.00000000 112.70059967 -28.09079933
v 152.00000000 112.95410156 -28.09079933
v -152.00000000 112.95410156 -28.09079933
v 152.00000000 113.20770264 -28.09079933
v -152.00000000 113.20770264 -28.09079933
v 152.00000000 113.46119690 -28.09079933
v -152.00000000 113.46119690 -28.09079933
v 152.00000000 113.71479797 -28.09079933
v -152.00000000 113.71479797 -28.09079933
v 152.00000000 113.96829987 -28.09079933
v -152.00000000 113.96829987 -28.09079933
v 152.00000000 114.22190094 -28.09079933
v -152.00000000 114.22190094 -28.09079933
v 152.00000000 114.47540283 -28.09079933
v -152.00000000 114.47540283 -28.09079933
v 152.00000000 114.72889709 -28.09079933
v -152.00000000 114.72889709 -28.09079933
v 152.00000000 114.98249817 -28.09079933
v -152.00000000 114.98249817 -28.09079933
v 152.00000000 115.23609924 -28.09079933
v -152.00000000 115.23609924 -28.09079933
v 152.00000000 115.48960114 -28.09079933
v -152.00000000 115.48960114 -28.09079933
v 152.00000000 115.74310303 -28.09079933
v -152.00000000 115.74310303 -28.09079933
v 152.00000000 115.99669647 -28.09079933
v -152.00000000 115.99669647 -28.09079933
v 152.00000000 116.25019836 -28.09079933
v -152.00000000 116.25019836 -28.09079933
v 152.00000000 116.50379944 -28.09079933
v -152.00000000 116.50379944 -28.09079933
v 152.00000000 116.75730133 -28.09079933
v -152.00000000 116.75730133 -28.09079933
v 152.00000000 117.01090240 -28.09079933
v -152.00000000 117.01090240 -28.09079933
v 152.00000000 117.26439667 -28.09079933
v -152.00000000 117.26439667 -28.09079933
v 152.00000000 117.51789856 -28.09079933
v -152.00000000 117.51789856 -28.09079933
v 152.00000000 117.77149963 -28.09079933
v -152.00000000 117.77149963 -28.09079933
v 152.00000000 118.02500153 -28.09079933
v -152.00000000 118.02500153 -28.09079933
v 152.00000000 118.27860260 -28.09079933
v -152.00000000 118.27860260 -28.09079933
v 152.00000000 118.53209686 -28.09079933
v -152.00000000 118.53209686 -28.09079933
v 152.00000000 118.78569794 -28.09079933
v -152.00000000 118.78569794 -28.09079933
v 152.00000000 119.03919983 -28.09079933
v -152.00000000 119.03919983 -28.09079933
v 152.00000000 119.29280090 -28.09079933
v -152.00000000 119.29280090 -28.09079933
v 152.00000000 119.54630280 -28.09079933
v -152.00000000 119.54630280 -28.09079933
v 152.00000000 119.79979706 -28.09079933
v -152.00000000 119.79979706 -28.09079933
v 152.00000000 120.05339813 -28.09079933
v -152.00000000 120.05339813 -28.09079933
v 152.00000000 120.30690002 -28.09079933
v -152.00000000 120.30690002 -28.09079933
v 152.00000000 120.56050110 -28.09079933
v -152.00000000 120.56050110 -28.09079933
v 152.00000000 120.81400299 -28.09079933
v -152.00000000 120.81400299 -28.09079933
v 152.00000000 121.06759644 -28.09079933
v -152.00000000 121.06759644 -28.09079933
v 152.00000000 121.32109833 -28.09079933
v -152.00000000 121.32109833 -28.09079933
v 152.00000000 121.57460022 -28.09079933
v -152.00000000 121.57460022 -28.09079933
v 152.00000000 121.82820129 -28.09079933
v -152.00000000 121.82820129 -28.09079933
v 152.00000000 122.08180237 -28.09079933
v -152.00000000 122.08180237 -28.09079933
v 152.00000000 122.33529663 -28.09079933
v -152.00000000 122.33529663 -28.09079933
v 152.00000000 122.58879852 -28.09079933
v -152.00000000 122.58879852 -28.09079933
v 152.00000000 122.84239960 -28.09079933
v -152.00000000 122.84239960 -28.09079933
v 152.00000000 123.09590149 -28.09079933
v -152.00000000 123.09590149 -28.09079933
v 152.00000000 123.34950256 -28.09079933
v -152.00000000 123.34950256 -28.09079933
v 152.00000000 123.60299683 -28.09079933
v -152.00000000 123.60299683 -28.09079933
v 152.00000000 123.85659790 -28.09079933
v -152.00000000 123.85659790 -28.09079933
v 152.00000000 124.11009979 -28.09079933
v -152.00000000 124.11009979 -28.09079933
v 152.00000000 124.36370087 -28.09079933
v -152.00000000 124.36370087 -28.09079933
v 152.00000000 124.61720276 -28.09079933
v -152.00000000 124.61720276 -28.09079933
v 152.00000000 124.87069702 -28.09079933
v -152.00000000 124.87069702 -28.09079933
v 152.00000000 125.12429810 -28.09079933
v -152.00000000 125.12429810 -28.09079933
v 152.00000000 125.37779999 -28.09079933
v -152.00000000 125.37779999 -28.09079933
v 152.00000000 125.63140106 -28.09079933
v -152.00000000 125.63140106 -28.09079933
v 152.00000000 125.88490295 -28.09079933
v -152.00000000 125.88490295 -28.09079933
v 152.00000000 126.13849640 -28.09079933
v -152.00000000 126.13849640 -28.09079933
v 152.00000000 126.39199829 -28.09079933
v -152.00000000 126.39199829 -28.09079933
v 152.00000000 126.64550018 -28.09079933
v -152.00000000 126.64550018 -28.09079933
v 152.00000000 126.89910126 -28.09079933
v -152.00000000 126.89910126 -28.09079933
v 152.00000000 127.15270233 -28.09079933
v -152.00000000 127.15270233 -28.09079933
v 152.00000000 127.40619659 -28.09079933
v -152.00000000 127.40619659 -28.09079933
v 152.00000000 127.65969849 -28.09079933
v -152.00000000 127.65969849 -28.09079933
v 152.00000000 127.91329956 -28.09079933
v -152.00000000 127.91329956 -28.09079933
v 152.00000000 128.16679382 -28.09079933
v -152.00000000 128.16679382 -28.09079933
v 152.00000000 128.42030334 -28.09079933
v -152.00000000 128.42030334 -28.09079933
v 152.00000000 128.67390442 -28.09079933
v -152.00000000 128.67390442 -28.09079933
v 152.00000000 128.92750549 -28.09079933
v -152.00000000 128.92750549 -28.09079933
v 152.00000000 129.18099976 -28.09079933
v -152.00000000 129.18099976 -28.09079933
v 152.00000000 129.43449402 -28.09079933
v -152.00000000 129.43449402 -28.09079933
v 152.00000000 129.68809509 -28.09079933
v -152.00000000 129.68809509 -28.09079933
v 152.00000000 129.94160461 -28.09079933
v -152.00000000 129.94160461 -28.09079933
v 152.00000000 130.19520569 -28.09079933
v -152.00000000 130.19520569 -28.09079933
v 152.00000000 130.44869995 -28.09079933
v -152.00000000 130.44869995 -28.09079933
v 152.00000000 130.70230103 -28.09079933
v -152.00000000 130.70230103 -28.09079933
v 152.00000000 130.95579529 -28.09079933
v -152.00000000 130.95579529 -28.09079933
v 152.00000000 131.20930481 -28.09079933
v -152.00000000 131.20930481 -28.09079933
v 152.00000000 131.46290588 -28.09079933
v -152.00000000 131.46290588 -28.09079933
v 152.00000000 131.71640015 -28.09079933
v -152.00000000 131.71640015 -28.09079933
v 152.00000000 131.97000122 -28.09079933
v -152.00000000 131.97000122 -28.09079933
v 152.00000000 132.22349548 -28.09079933
v -152.00000000 132.22349548 -28.09079933
v 152.00000000 132.47709656 -28.09079933
v -152.00000000 132.47709656 -28.09079933
v 152.00000000 132.73060608 -28.09079933
v -152.00000000 132.73060608 -28.09079933
v 152.00000000 132.98420715 -28.09079933
v -152.00000000 132.98420715 -28.09079933
v 152.00000000 133.23770142 -28.09079933
v -152.00000000 133.23770142 -28.09079933
v 152.00000000 133.49119568 -28.09079933
v -152.00000000 133.49119568 -28.09079933
v 152.00000000 133.74479675 -28.09079933
v -152.00000000 133.74479675 -28.09079933
v 152.00000000 133.99830627 -28.09079933
v -152.00000000 133.99830627 -28.09079933
v 152.00000000 134.25190735 -28.09079933
v -152.00000000 134.25190735 -28.09079933
v 152.00000000 134.50540161 -28.09079933
v -152.00000000 134.50540161 -28.09079933
v 152.00000000 134.75900269 -28.09079933
v -152.00000000 134.75900269 -28.09079933
v 152.00000000 135.01249695 -28.09079933
v -152.00000000 135.01249695 -28.09079933
v 152.00000000 135.26600647 -28.09079933
v -152.00000000 135.26600647 -28.09079933
v 152.00000000 135.51960754 -28.09079933
v -152.00000000 135.51960754 -28.09079933
v 152.00000000 135.77319336 -28.09079933
v -152.00000000 135.77319336 -28.09079933
v 152.00000000 136.02670288 -28.09079933
v -152.00000000 136.02670288 -28.09079933
v 152.00000000 136.28019714 -28.09079933
v -152.00000000 136.28019714 -28.09079933
v 152.00000000 136.53379822 -28.09079933
v -152.00000000 136.53379822 -28.09079933
v 152.00000000 136.78729248 -28.09079933
v -152.00000000 136.78729248 -28.09079933
v 152.00000000 137.04089355 -28.09079933
v -152.00000000 137.04089355 -28.09079933
v 152.00000000 137.29440308 -28.09079933
v -152.00000000 137.29440308 -28.09079933
v 152.00000000 137.54800415 -28.09079933
v -152.00000000 137.54800415 -28.09079933
v 152.00000000 137.80149841 -28.09079933
v -152.00000000 137.80149841 -28.09079933
v 152.00000000 138.05499268 -28.09079933
v -152.00000000 138.05499268 -28.09079933
v 152.00000000 138.30859375 -28.09079933
v -152.00000000 138.30859375 -28.09079933
v 152.00000000 138.56210327 -28.09079933
v -152.00000000 138.56210327 -28.09079933
v 152.00000000 138.81570435 -28.09079933
v -152.00000000 138.81570435 -28.09079933
v 152.00000000 139.06919861 -28.09079933
v -152.00000000 139.06919861 -28.09079933
v 152.00000000 139.32279968 -28.09079933
v -152.00000000 139.32279968 -28.09079933
v 152.00000000 139.57629395 -28.09079933
v -152.00000000 139.57629395 -28.09079933
v 152.00000000 139.82989502 -28.09079933
v -152.00000000 139.82989502 -28.09079933
v 152.00000000 140.08340454 -28.09079933
v -152.00000000 140.08340454 -28.09079933
v 152.00000000 140.33689880 -28.09079933
v -152.00000000 140.33689880 -28.09079933
v 152.00000000 140.59049988 -28.09079933
v -152.00000000 140.59049988 -28.09079933
v 152.00000000 140.84410095 -28.09079933
v -152.00000000 140.84410095 -28.09079933
v 152.00000000 141.09759521 -28.09079933
v -152.00000000 141.09759521 -28.09079933
v 152.00000000 141.35110474 -28.09079933
v -152.00000000 141.35110474 -28.09079933
v 152.00000000 141.60470581 -28.09079933
v -152.00000000 141.60470581 -28.09079933
v 152.00000000 141.85820007 -28.09079933
v -152.00000000 141.85820007 -28.09079933
v 152.00000000 142.11180115 -28.09079933
v -152.00000000 142.11180115 -28.09079933
v 152.00000000 142.36529541 -28.09079933
v -152.00000000 142.36529541 -28.09079933
v 152.00000000 142.61889648 -28.09079933
v -152.00000000 142.61889648 -28.09079933
v 152.00000000 142.87240601 -28.09079933
v -152.00000000 142.87240601 -28.09079933
v 152.00000000 143.12590027 -28.09079933
v -152.00000000 143.12590027 -28.09079933
v 152.00000000 143.37950134 -28.09079933
v -152.00000000 143.37950134 -28.09079933
v 152.00000000 143.63299561 -28.09079933
v -152.00000000 143.63299561 -28.09079933
v 152.00000000 143.88659668 -28.09079933
v -152.00000000 143.88659668 -28.09079933
v 152.00000000 144.14010620 -28.09079933
v -152.00000000 144.14010620 -28.09079933
v 152.00000000 144.39370728 -28.09079933
v -152.00000000 144.39370728 -28.09079933
v 152.00000000 144.64720154 -28.09079933
v -152.00000000 144.64720154 -28.09079933
v 152.00000000 144.90080261 -28.09079933
v -152.00000000 144.90080261 -28.09079933
v 152.00000000 145.15429688 -28.09079933
v -152.00000000 145.15429688 -28.09079933
v 152.00000000 145.40780640 -28.09079933
v -152.00000000 145.40780640 -28.09079933
v 152.00000000 145.66140747 -28.09079933
v -152.00000000 145.66140747 -28.09079933
v 152.00000000 145.91490173 -28.09079933
v -152.00000000 145.91490173 -28.09079933
v 152.00000000 146.16850281 -28.09079933
v -152.00000000 146.16850281 -28.09079933
v 152.00000000 146.42199707 -28.09079933
v -152.00000000 146.42199707 -28.09079933
v 152.00000000 146.67559814 -28.09079933
v -152.00000000 146.67559814 -28.09079933
v 152.00000000 146.92909241 -28.09079933
v -152.00000000 146.92909241 -28.09079933
v 152.00000000 147.18260193 -28.09079933
v -152.00000000 147.18260193 -28.09079933
v 152.00000000 147.43620300 -28.09079933
v -152.00000000 147.43620300 -28.09079933
v 152.00000000 147.68980408 -28.09079933
v -152.00000000 147.68980408 -28.09079933
v 152.00000000 147.94329834 -28.09079933
v -152.00000000 147.94329834 -28.09079933
v 152.00000000 148.19679260 -28.09079933
v -152.00000000 148.19679260 -28.09079933
v 152.00000000 148.45039368 -28.09079933
v -152.00000000 148.45039368 -28.09079933
v 152.00000000 148.70390320 -28.09079933
v -152.00000000 148.70390320 -28.09079933
v 152.00000000 148.95750427 -28.09079933
v -152.00000000 148.95750427 -28.09079933
v 152.00000000 149.21099854 -28.09079933
v -152.00000000 149.21099854 -28.09079933
v 152.00000000 149.46459961 -28.09079933
v -152.00000000 149.46459961 -28.09079933
v 152.00000000 149.71809387 -28.09079933
v -152.00000000 149.71809387 -28.09079933
v 152.00000000 149.97160339 -28.09079933
v -152.00000000 149.97160339 -28.09079933
v 152.00000000 150.22520447 -28.09079933
v -152.00000000 150.22520447 -28.09079933
v 152.00000000 150.47869873 -28.09079933
v -152.00000000 150.47869873 -28.09079933
v 152.00000000 150.73229980 -28.09079933
v -152.00000000 150.73229980 -28.09079933
v 152.00000000 150.98579407 -28.09079933
v -152.00000000 150.98579407 -28.09079933
v 152.00000000 151.23939514 -28.09079933
v -152.00000000 151.23939514 -28.09079933
v 152.00000000 151.49290466 -28.09079933
v -152.00000000 151.49290466 -28.09079933
v 152.00000000 151.74650574 -28.09079933
v -152.00000000 151.74650574 -28.09079933
f 1 2 497
f 2 3 497
f 3 4 497
f 4 5 497
f 5 6 497
f 6 14 497
f 6 7 14
f 7 8 14
f 8 9 14
f 9 10 14
f 10 11 14
f 11 12 14
f 12 13 14
f 13 15 14
f 15 16 14
f 16 475 14
f 16 17 475
f 17 18 475
f 18 19 475
f 19 20 475
f 20 21 475
f 21 22 475
f 22 23 475
f 23 24 475
f 24 485 475
f 24 25 485
f 25 26 485
f 26 27 485
f 27 28 485
f 28 29 485
f 29 30 485
f 30 31 485
f 31 32 485
f 32 33 485
f 33 34 485
f 34 35 485
f 35 36 485
f 36 37 485
f 37 38 485
f 38 472 485
f 38 39 472
f 39 40 472
f 40 41 472
f 41 42 472
f 42 43 472
f 43 44 472
f 44 45 472
f 45 46 472
f 46 47 472
f 47 57 472
f 47 48 57
f 48 49 57
f 49 50 57
f 50 51 57
f 51 52 57
f 52 53 57
f 53 54 57
f 54 55 57
f 55 56 57
f 56 58 57
f 58 498 57
f 58 59 498
f 59 60 498
f 60 61 498
f 61 62 498
f 62 63 498
f 63 64 498
f 64 65 498
f 65 66 498
f 66 473 498
f 66 67 473
f 67 68 473
f 68 69 473
f 69 70 473
f 70 71 473
f 71 72 473
f 72 73 473
f 73 74 473
f 74 75 473
f 75 76 473
f 76 77 473
f 77 484 473
f 77 78 484
f 78 79 484
f 79 80 484
f 80 81 484
f 81 82 484
f 82 471 484
f 82 83 471
f 83 84 471
f 84 85 471
f 85 86 471
f 86 87 471
f 87 88 471
f 88 89 471
f 89 90 471
f 90 91 471
f 91 92 471
f 92 476 471
f 92 93 476
f 93 94 476
f 94 95 476
f 95 96 476
f 96 97 476
f 97 98 476
f 98 99 476
f 99 100 476
f 100 101 476
f 101 102 476
f 102 103 476
f 103 104 476
f 104 112 476
f 104 105 112
f 105 106 112
f 106 107 112
f 107 108 112
f 108 109 112
f 109 110 112
f 110 111 112
f 111 113 112
f 113 479 112
f 113 114 479
f 114 115 479
f 115 116 479
f 116 117 479
f 117 118 479
f 118 119 479
f 119 120 479
f 120 121 479
f 121 122 479
f 122 123 479
f 123 124 479
f 124 125 479
f 125 126 479
f 126 508 479
f 126 127 508
f 127 128 508
f 128 129 508
f 129 130 508
f 130 131 508
f 131 132 508
f 132 133 508
f 133 134 508
f 134 135 508
f 135 136 508
f 136 137 508
f 137 477 508
f 137 138 477
f 138 139 477
f 139 140 477
f 140 141 477
f 141 489 477
f 141 142 489
f 142 143 489
f 143 144 489
f 144 145 489
f 145 146 489
f 146 147 489
f 147 148 489
f 148 149 489
f 149 150 489
f 150 151 489
f 151 152 489
f 152 153 489
f 153 500 489
f 153 154 500
f 154 155 500
f 155 156 500
f 156 157 500
f 157 158 500
f 158 159 500
f 159 160 500
f 160 161 500
f 161 162 500
f 162 163 500
f 163 482 500
f 163 164 482
f 164 165 482
f 165 166 482
f 166 167 482
f 167 168 482
f 168 169 482
f 169 170 482
f 170 171 482
f 171 501 482
f 171 172 501
f 172 173 501
f 173 174 501
f 174 175 501
f 176 501 175
f 176 177 501
f 177 178 501
f 178 179 501
f 179 180 501
f 180 181 501
f 181 182 501
f 182 183 501
f 183 184 501
f 184 185 501
f 185 186 501
f 186 499 501
f 186 187 499
f 187 188 499
f 188 189 499
f 189 190 499
f 190 191 499
f 191 192 499
f 192 193 499
f 193 194 499
f 194 502 499
f 194 195 502
f 195 196 502
f 196 197 502
f 197 198 502
f 198 199 502
f 199 200 502
f 200 201 502
f 201 202 502
f 202 203 502
f 203 204 502
f 204 205 502
f 205 206 502
f 206 478 502
f 206 207 478
f 207 208 478
f 208 209 478
f 209 210 478
f 210 211 478
f 211 212 478
f 212 213 478
f 213 214 478
f 214 215 478
f 215 216 478
f 216 495 478
f 216 217 495
f 217 218 495
f 218 219 495
f 219 220 495
f 220 221 495
f 221 222 495
f 222 223 495
f 223 224 495
f 224 513 495
f 224 225 513
f 225 226 513
f 226 227 513
f 227 228 513
f 228 229 513
f 229 230 513
f 230 231 513
f 231 232 513
f 232 233 513
f 233 234 513
f 234 235 513
f 235 236 513
f 236 237 513
f 237 238 513
f 238 239 513
f 239 505 513
f 239 240 505
f 240 241 505
f 241 242 505
f 242 243 505
f 243 244 505
f 244 245 505
f 245 246 505
f 246 247 505
f 247 248 505
f 248 249 505
f 249 486 505
f 249 250 486
f 250 251 486
f 251 252 486
f 252 253 486
f 253 254 486
f 254 255 486
f 255 256 486
f 256 257 486
f 257 265 486
f 257 258 265
f 258 259 265
f 259 260 265
f 260 261 265
f 261 262 265
f 262 263 265
f 263 264 265
f 264 266 265
f 266 490 265
f 266 267 490
f 267 268 490
f 268 269 490
f 269 270 490
f 270 271 490
f 271 272 490
f 272 273 490
f 273 274 490
f 274 494 490
f 274 275 494
f 275 276 494
f 276 277 494
f 277 278 494
f 278 279 494
f 279 280 494
f 280 281 494
f 281 282 494
f 282 283 494
f 283 284 494
f 284 487 494
f 284 285 487
f 285 286 487
f 286 287 487
f 287 288 487
f 288 289 487
f 289 290 487
f 290 291 487
f 291 292 487
f 292 293 487
f 293 294 487
f 294 295 487
f 295 296 487
f 296 297 487
f 297 298 487
f 298 299 487
f 299 300 487
f 300 301 487
f 301 302 487
f 302 303 487
f 303 304 487
f 304 480 487
f 304 305 480
f 305 306 480
f 306 307 480
f 307 308 480
f 308 309 480
f 309 310 480
f 310 311 480
f 311 312 480
f 312 313 480
f 313 314 480
f 314 315 480
f 315 316 480
f 316 317 480
f 317 318 480
f 318 319 480
f 319 320 480
f 320 321 480
f 321 483 480
f 321 322 483
f 322 323 483
f 323 324 483
f 324 325 483
f 325 326 483
f 326 327 483
f 327 328 483
f 328 491 483
f 328 329 491
f 329 330 491
f 330 331 491
f 331 332 491
f 332 333 491
f 333 334 491
f 334 335 491
f 335 336 491
f 336 337 491
f 337 338 491
f 338 339 491
f 339 353 491
f 339 340 353
f 340 341 353
f 341 342 353
f 342 343 353
f 343 344 353
f 344 345 353
f 345 346 353
f 346 347 353
f 347 348 353
f 348 349 353
f 349 350 353
f 350 351 353
f 351 352 353
f 352 354 353
f 354 493 353
f 354 355 493
f 355 356 493
f 356 357 493
f 357 358 493
f 358 359 493
f 359 360 493
f 360 361 493
f 361 362 493
f 362 363 493
f 363 364 493
f 364 365 493
f 365 366 493
f 366 367 493
f 367 368 493
f 368 369 493
f 369 515 493
f 369 370 515
f 370 371 515
f 371 372 515
f 372 373 515
f 373 374 515
f 374 375 515
f 375 376 515
f 376 377 515
f 377 378 515
f 378 379 515
f 379 380 515
f 380 381 515
f 381 382 515
f 382 383 515
f 383 384 515
f 384 385 515
f 385 492 515
f 385 386 492
f 386 387 492
f 387 388 492
f 388 389 492
f 389 390 492
f 390 391 492
f 391 392 492
f 392 393 492
f 393 394 492
f 394 395 492
f 395 474 492
f 395 396 474
f 396 397 474
f 397 398 474
f 398 399 474
f 399 400 474
f 400 401 474
f 401 402 474
f 402 403 474
f 403 404 474
f 404 504 474
f 404 405 504
f 405 406 504
f 406 407 504
f 407 408 504
f 408 409 504
f 409 410 504
f 410 411 504
f 411 412 504
f 412 413 504
f 413 414 504
f 414 496 504
f 414 415 496
f 415 416 496
f 416 417 496
f 417 418 496
f 418 419 496
f 419 420 496
f 420 421 496
f 421 422 496
f 422 423 496
f 423 424 496
f 424 425 496
f 425 426 496
f 426 427 496
f 427 428 496
f 428 481 496
f 428 429 481
f 429 430 481
f 430 431 481
f 431 432 481
f 432 433 481
f 433 434 481
f 434 435 481
f 435 436 481
f 436 437 481
f 437 438 481
f 438 439 481
f 439 510 481
f 439 440 510
f 440 441 510
f 441 442 510
f 442 443 510
f 443 452 510
f 443 444 452
f 444 445 452
f 445 446 452
f 446 447 452
f 447 448 452
f 448 449 452
f 449 450 452
f 450 451 452
f 451 453 452
f 453 454 452
f 454 503 452
f 454 455 503
f 455 456 503
f 456 457 503
f 457 458 503
f 458 459 503
f 459 460 503
f 460 461 503
f 461 462 503
f 462 463 503
f 463 464 503
f 464 465 503
f 465 488 503
f 465 466 488
f 466 467 488
f 467 468 488
f 468 469 488
f 469 470 488
f 112 479 476
f 493 515 514
f 14 475 520
f 476 479 516
f 492 514 515
f 14 520 497
f 484 471 511
f 471 476 511
f 482 509 500
f 57 498 507
f 477 489 508
f 509 482 501
f 473 484 498
f 353 517 491
f 485 520 475
f 472 507 485
f 499 502 501
f 502 478 495
f 474 514 492
f 498 484 507
f 485 507 520
f 472 57 507
f 508 516 479
f 486 265 506
f 494 487 506
f 493 514 353
f 496 481 521
f 452 503 510
f 490 494 506
f 483 518 480
f 480 518 487
f 483 491 518
f 481 510 521
f 265 490 506
f 500 509 489
f 502 495 519
f 514 517 353
f 508 489 509
f 501 502 519
f 484 511 507
f 513 505 522
f 504 496 526
f 505 486 522
f 506 487 518
f 474 526 514
f 496 521 526
f 476 516 511
f 495 513 522
f 516 508 509
f 503 488 521
f 486 506 522
f 504 526 474
f 518 491 517
f 503 521 510
f 501 519 509
f 488 512 521
f 507 531 520
f 495 522 519
f 509 519 525
f 522 523 519
f 511 533 507
f 509 544 516
f 519 528 525
f 516 524 511
f 517 514 539
f 520 531 547
f 531 507 533
f 533 511 524
f 509 525 544
f 516 544 524
f 514 526 534
f 523 528 519
f 518 517 554
f 506 536 522
f 523 522 536
f 518 554 506
f 554 517 568
f 512 527 548
f 527 529 548
f 529 530 548
f 530 532 548
f 506 554 536
f 517 539 568
f 532 535 548
f 512 548 521
f 514 534 539
f 535 537 548
f 537 538 548
f 538 540 548
f 523 536 615
f 526 521 599
f 540 541 548
f 524 561 533
f 541 542 548
f 528 661 525
f 528 523 661
f 542 543 548
f 533 612 531
f 543 545 548
f 536 565 619
f 536 554 565
f 545 546 548
f 544 525 635
f 547 531 555
f 521 548 714
f 546 549 548
f 547 555 550
f 550 555 551
f 549 552 548
f 551 555 553
f 555 560 553
f 553 560 556
f 548 552 572
f 524 544 561
f 525 661 635
f 552 557 572
f 556 560 558
f 531 612 555
f 526 599 534
f 548 572 714
f 558 560 559
f 557 562 572
f 544 635 643
f 562 563 572
f 559 560 564
f 564 560 566
f 555 612 576
f 563 567 572
f 561 544 607
f 572 580 714
f 567 569 572
f 566 560 570
f 555 576 560
f 533 561 612
f 569 571 572
f 570 560 573
f 554 568 630
f 615 536 619
f 573 560 574
f 523 615 661
f 574 560 575
f 521 714 599
f 571 577 572
f 575 560 578
f 572 577 580
f 560 576 578
f 577 579 580
f 579 581 580
f 578 576 582
f 534 599 583
f 581 584 580
f 582 576 585
f 554 630 565
f 584 586 580
f 585 576 587
f 586 588 580
f 587 576 589
f 612 652 576
f 588 591 580
f 539 534 677
f 589 576 592
f 591 593 580
f 544 643 638
f 593 594 580
f 592 576 595
f 594 596 580
f 568 539 608
f 595 576 597
f 561 607 612
f 580 596 621
f 597 576 598
f 598 576 600
f 576 590 600
f 544 638 607
f 596 601 621
f 568 645 630
f 600 590 602
f 602 590 603
f 661 644 635
f 539 677 608
f 599 714 646
f 714 580 621
f 603 590 604
f 601 605 621
f 604 590 606
f 605 609 621
f 606 590 610
f 610 590 611
f 609 613 621
f 611 590 614
f 590 618 614
f 565 688 619
f 590 576 618
f 534 583 677
f 613 616 621
f 614 618 617
f 617 618 620
f 576 652 618
f 620 618 622
f 622 618 623
f 616 624 621
f 623 618 625
f 583 599 646
f 568 608 645
f 625 618 626
f 629 615 619
f 624 627 621
f 626 618 628
f 652 667 618
f 627 631 621
f 612 607 634
f 628 618 632
f 632 618 633
f 607 638 634
f 631 636 621
f 633 618 637
f 630 645 706
f 618 650 637
f 637 650 639
f 612 634 659
f 621 636 671
f 636 640 671
f 640 641 671
f 639 650 642
f 618 667 650
f 642 650 647
f 638 643 674
f 621 671 714
f 643 635 674
f 641 648 671
f 647 650 649
f 661 615 722
f 565 676 688
f 649 650 651
f 612 659 652
f 648 653 671
f 651 650 654
f 653 655 671
f 654 650 656
f 667 652 659
f 656 650 657
f 657 650 658
f 655 660 671
f 615 629 728
f 658 650 662
f 565 630 676
f 662 650 663
f 634 638 712
f 635 644 708
f 660 664 671
f 663 650 665
f 635 708 674
f 629 699 728
f 665 650 666
f 629 619 688
f 706 676 630
f 664 668 671
f 666 650 669
f 650 680 669
f 668 670 671
f 669 680 672
f 688 733 629
f 671 670 717
f 670 673 717
f 661 722 644
f 672 680 675
f 673 678 717
f 675 680 679
f 650 667 680
f 667 659 701
f 638 674 681
f 678 682 717
f 679 680 683
f 683 680 684
f 671 717 714
f 682 685 717
f 667 693 680
f 684 680 686
f 722 615 728
f 680 693 686
f 677 583 713
f 686 693 687
f 685 689 717
f 659 634 701
f 674 708 719
f 608 677 707
f 687 693 690
f 645 724 706
f 690 693 691
f 646 714 779
f 689 692 717
f 634 712 701
f 629 733 699
f 691 693 694
f 724 645 608
f 692 695 717
f 694 693 696
f 693 667 701
f 695 697 717
f 696 693 698
f 698 693 700
f 677 713 707
f 700 693 703
f 644 722 708
f 697 704 717
f 703 693 705
f 712 638 681
f 688 676 733
f 705 693 709
f 704 710 717
f 709 693 711
f 702 674 719
f 710 715 717
f 693 765 711
f 712 681 725
f 711 765 716
f 712 725 737
f 728 699 734
f 715 718 717
f 693 701 765
f 708 722 796
f 674 702 681
f 608 707 724
f 718 720 717
f 716 765 721
f 717 720 745
f 720 723 745
f 708 762 719
f 714 745 779
f 714 717 745
f 699 733 734
f 723 726 745
f 701 712 756
f 681 702 725
f 722 763 796
f 721 765 727
f 646 779 846
f 706 812 676
f 726 729 745
f 727 765 730
f 729 731 745
f 730 765 732
f 583 792 713
f 731 735 745
f 732 765 736
f 702 773 725
f 646 846 842
f 736 765 738
f 702 719 797
f 676 820 733
f 735 739 745
f 765 777 738
f 738 777 740
f 739 741 745
f 740 777 742
f 756 712 737
f 722 728 763
f 741 743 745
f 743 744 745
f 744 746 745
f 742 777 747
f 583 793 792
f 737 725 799
f 745 746 759
f 746 748 759
f 701 756 765
f 708 796 762
f 646 793 583
f 747 777 749
f 749 777 750
f 734 733 819
f 750 777 751
f 706 724 813
f 745 759 779
f 748 752 759
f 713 828 707
f 751 777 753
f 737 799 756
f 725 773 799
f 752 754 759
f 753 777 755
f 719 762 785
f 777 778 755
f 754 757 759
f 755 778 758
f 815 728 734
f 719 785 797
f 812 706 813
f 757 760 759
f 758 778 761
f 761 778 764
f 760 766 759
f 764 778 767
f 713 792 828
f 767 778 768
f 777 765 778
f 702 797 773
f 646 842 793
f 768 778 769
f 846 779 906
f 766 770 759
f 769 778 771
f 765 756 864
f 759 770 827
f 771 778 772
f 772 778 774
f 770 775 827
f 774 778 776
f 796 763 825
f 776 778 780
f 728 825 763
f 733 820 855
f 780 778 781
f 707 828 724
f 775 782 827
f 781 778 783
f 765 864 778
f 762 796 788
f 676 812 820
f 783 778 784
f 778 818 784
f 779 759 827
f 782 786 827
f 784 818 787
f 724 828 813
f 786 789 827
f 787 818 790
f 797 785 808
f 733 855 819
f 790 818 791
f 762 788 785
f 796 835 788
f 728 815 825
f 789 794 827
f 791 818 795
f 795 818 798
f 778 839 818
f 778 864 839
f 756 799 849
f 796 825 835
f 794 800 827
f 798 818 801
f 801 818 802
f 734 819 815
f 802 818 803
f 803 818 804
f 800 805 827
f 804 818 806
f 806 818 807
f 805 809 827
f 807 818 810
f 788 835 837
f 810 818 814
f 809 816 827
f 814 818 817
f 818 839 817
f 799 773 918
f 785 788 811
f 816 821 827
f 817 839 822
f 773 797 918
f 820 812 901
f 822 839 823
f 815 869 825
f 813 828 891
f 821 824 827
f 779 827 906
f 823 839 826
f 855 840 819
f 824 829 827
f 826 839 830
f 793 842 884
f 792 793 884
f 830 839 831
f 797 865 918
f 808 785 811
f 811 788 837
f 815 819 869
f 799 918 849
f 829 832 827
f 756 849 864
f 819 840 869
f 827 832 889
f 832 833 889
f 831 839 834
f 834 839 836
f 864 859 839
f 836 839 838
f 833 841 889
f 865 797 808
f 838 839 843
f 841 844 889
f 901 812 896
f 843 839 845
f 839 859 845
f 846 926 842
f 844 847 889
f 845 859 848
f 825 880 835
f 825 869 880
f 812 813 904
f 848 859 850
f 850 859 852
f 837 851 811
f 847 853 889
f 837 835 867
f 852 859 854
f 835 880 863
f 827 889 906
f 853 856 889
f 856 857 889
f 854 859 858
f 820 901 855
f 857 860 889
f 858 859 861
f 840 855 900
f 792 887 828
f 906 926 846
f 835 894 867
f 861 859 862
f 835 863 894
f 812 904 896
f 862 859 866
f 849 895 864
f 860 868 889
f 828 887 891
f 866 859 870
f 859 864 914
f 837 867 851
f 873 811 851
f 869 840 941
f 870 859 871
f 859 914 872
f 868 874 889
f 871 859 875
f 863 880 894
f 906 923 926
f 859 872 875
f 869 941 880
f 874 876 889
f 875 872 877
f 865 930 918
f 855 929 900
f 842 926 884
f 876 878 889
f 877 872 879
f 867 894 851
f 792 884 905
f 879 872 881
f 808 811 873
f 878 882 889
f 881 872 883
f 808 873 865
f 894 880 915
f 882 885 889
f 883 872 886
f 885 888 889
f 864 895 965
f 891 904 813
f 886 872 890
f 890 872 892
f 888 893 889
f 926 923 945
f 889 893 939
f 865 873 930
f 840 900 941
f 892 872 897
f 893 898 939
f 897 872 899
f 898 902 939
f 872 914 899
f 895 849 943
f 880 941 910
f 899 914 903
f 902 907 939
f 903 914 908
f 915 880 910
f 896 904 1009
f 906 966 923
f 906 889 939
f 855 901 929
f 908 914 909
f 792 905 887
f 907 911 939
f 909 914 912
f 851 934 873
f 912 914 913
f 895 943 965
f 911 916 939
f 913 914 917
f 849 918 1081
f 915 931 894
f 864 965 914
f 917 914 919
f 916 920 939
f 919 914 921
f 851 952 934
f 920 922 939
f 941 935 910
f 921 914 924
f 906 939 966
f 922 925 939
f 894 931 851
f 900 929 984
f 925 927 939
f 924 914 928
f 914 940 928
f 914 965 940
f 910 948 915
f 901 896 975
f 896 1009 988
f 927 932 939
f 928 940 933
f 932 936 939
f 933 940 937
f 926 1062 884
f 937 940 942
f 939 938 966
f 936 944 939
f 931 915 948
f 910 935 948
f 939 944 938
f 942 940 946
f 944 947 938
f 947 949 938
f 946 940 950
f 901 984 929
f 949 951 938
f 951 953 938
f 950 940 954
f 849 1081 943
f 904 891 1009
f 887 1009 891
f 953 955 938
f 954 940 956
f 930 873 1014
f 851 931 952
f 887 905 1032
f 918 930 1081
f 955 957 938
f 956 940 958
f 958 940 959
f 873 934 1014
f 931 969 952
f 957 960 938
f 959 940 961
f 940 968 961
f 930 1014 990
f 934 952 1067
f 901 975 984
f 961 968 962
f 968 940 965
f 960 963 938
f 962 968 964
f 943 1081 1035
f 900 984 941
f 964 968 967
f 938 963 970
f 963 971 970
f 967 968 972
f 926 945 1062
f 966 938 970
f 972 968 973
f 884 1062 905
f 971 974 970
f 973 968 976
f 941 1020 935
f 923 966 945
f 974 977 970
f 976 968 978
f 978 968 979
f 977 980 970
f 979 968 981
f 975 896 988
f 981 968 982
f 941 984 987
f 980 983 970
f 968 965 996
f 982 968 985
f 983 986 970
f 985 968 989
f 968 996 989
f 941 987 1020
f 966 970 1052
f 989 996 991
f 930 990 1026
f 991 996 992
f 1081 930 1026
f 984 1005 987
f 988 1009 1015
f 986 993 970
f 992 996 994
f 994 996 995
f 993 997 970
f 935 1020 948
f 905 1062 1032
f 966 1039 945
f 997 998 970
f 995 996 999
f 969 1008 952
f 931 948 969
f 948 1047 969
f 998 1000 970
f 999 996 1001
f 996 965 1035
f 1001 996 1002
f 1000 1003 970
f 1002 996 1004
f 1004 996 1006
f 966 1052 1039
f 984 975 1027
f 1006 996 1007
f 965 943 1035
f 990 1014 1026
f 934 1024 1014
f 970 1003 1052
f 1007 996 1010
f 996 1031 1010
f 934 1067 1024
f 1003 1011 1052
f 1010 1031 1012
f 1020 1060 948
f 984 1027 1005
f 887 1032 1057
f 1012 1031 1013
f 969 1047 1008
f 1009 887 1016
f 1013 1031 1017
f 1011 1018 1052
f 1017 1031 1019
f 988 1015 975
f 1031 996 1035
f 1019 1031 1021
f 948 1060 1047
f 1018 1022 1052
f 1021 1031 1023
f 1031 1045 1023
f 887 1057 1016
f 1023 1045 1025
f 952 1008 1067
f 1022 1028 1052
f 1025 1045 1029
f 945 1039 1062
f 1029 1045 1030
f 1009 1016 1110
f 975 1015 1098
f 1009 1110 1015
f 1028 1033 1052
f 987 1056 1020
f 1030 1045 1034
f 1031 1035 1045
f 1014 1024 1026
f 1033 1036 1052
f 1034 1045 1037
f 1045 1035 1059
f 1037 1045 1038
f 1035 1081 1105
f 975 1061 1027
f 1038 1045 1040
f 1036 1041 1052
f 1040 1045 1042
f 987 1005 1056
f 1041 1043 1052
f 1042 1045 1044
f 1005 1027 1056
f 1035 1131 1059
f 1061 975 1098
f 1044 1045 1046
f 1015 1064 1098
f 1015 1110 1099
f 1043 1048 1052
f 1046 1045 1049
f 1020 1056 1060
f 1049 1045 1050
f 1026 1024 1129
f 1056 1027 1053
f 1050 1045 1051
f 1048 1054 1052
f 1051 1045 1055
f 1045 1059 1055
f 1055 1059 1058
f 1058 1059 1063
f 1054 1065 1052
f 1063 1059 1066
f 1027 1061 1053
f 1066 1059 1068
f 1068 1059 1069
f 1015 1099 1064
f 1052 1065 1075
f 1069 1059 1070
f 1067 1008 1146
f 1065 1071 1075
f 1070 1059 1072
f 1032 1062 1057
f 1072 1059 1073
f 1073 1059 1074
f 1074 1059 1076
f 1035 1105 1131
f 1071 1077 1075
f 1076 1059 1078
f 1131 1096 1059
f 1077 1079 1075
f 1078 1059 1080
f 1079 1082 1075
f 1080 1059 1083
f 1060 1056 1143
f 1083 1059 1084
f 1082 1085 1075
f 1084 1059 1086
f 1062 1094 1057
f 1086 1059 1087
f 1026 1129 1081
f 1008 1047 1146
f 1085 1088 1075
f 1087 1059 1089
f 1059 1096 1089
f 1061 1112 1053
f 1089 1096 1090
f 1090 1096 1091
f 1088 1092 1075
f 1091 1096 1093
f 1093 1096 1095
f 1067 1146 1184
f 1016 1057 1094
f 1095 1096 1097
f 1061 1098 1112
f 1097 1096 1100
f 1075 1092 1139
f 1092 1101 1139
f 1100 1096 1102
f 1101 1103 1139
f 1102 1096 1104
f 1062 1140 1094
f 1103 1106 1139
f 1104 1096 1107
f 1096 1115 1107
f 1016 1125 1110
f 1107 1115 1108
f 1056 1053 1143
f 1106 1109 1139
f 1108 1115 1111
f 1096 1131 1128
f 1053 1112 1143
f 1109 1113 1139
f 1111 1115 1114
f 1113 1116 1139
f 1096 1128 1115
f 1052 1075 1139
f 1116 1117 1139
f 1114 1115 1118
f 1118 1115 1119
f 1098 1064 1112
f 1117 1120 1139
f 1119 1115 1121
f 1105 1081 1272
f 1120 1122 1139
f 1121 1115 1123
f 1016 1094 1125
f 1122 1126 1139
f 1123 1115 1127
f 1115 1128 1127
f 1127 1128 1130
f 1112 1064 1162
f 1064 1099 1162
f 1139 1126 1124
f 1126 1132 1124
f 1130 1128 1133
f 1052 1199 1039
f 1133 1128 1134
f 1134 1128 1135
f 1175 1110 1125
f 1135 1128 1136
f 1139 1199 1052
f 1132 1137 1124
f 1136 1128 1138
f 1062 1039 1140
f 1137 1141 1124
f 1138 1128 1142
f 1141 1144 1124
f 1142 1128 1145
f 1024 1067 1184
f 1145 1128 1147
f 1129 1153 1081
f 1144 1148 1124
f 1147 1128 1149
f 1139 1124 1199
f 1124 1148 1165
f 1149 1128 1150
f 1128 1131 1158
f 1060 1143 1211
f 1110 1175 1099
f 1148 1151 1165
f 1150 1128 1152
f 1143 1112 1189
f 1128 1158 1152
f 1151 1154 1165
f 1152 1158 1155
f 1099 1175 1162
f 1154 1156 1165
f 1155 1158 1157
f 1024 1206 1129
f 1156 1159 1165
f 1157 1158 1160
f 1158 1131 1205
f 1094 1190 1125
f 1159 1163 1165
f 1160 1158 1164
f 1158 1161 1164
f 1272 1081 1153
f 1164 1161 1166
f 1039 1199 1179
f 1163 1167 1165
f 1166 1161 1168
f 1047 1211 1259
f 1047 1060 1211
f 1124 1165 1199
f 1168 1161 1169
f 1039 1179 1140
f 1167 1170 1165
f 1153 1129 1206
f 1169 1161 1171
f 1170 1172 1165
f 1171 1161 1173
f 1173 1161 1174
f 1131 1105 1205
f 1172 1176 1165
f 1174 1161 1177
f 1177 1161 1178
f 1112 1162 1214
f 1178 1161 1180
f 1205 1222 1158
f 1162 1175 1198
f 1176 1181 1165
f 1180 1161 1182
f 1112 1214 1189
f 1190 1094 1191
f 1140 1179 1274
f 1182 1161 1183
f 1047 1259 1146
f 1094 1140 1191
f 1181 1185 1165
f 1183 1161 1186
f 1165 1185 1199
f 1105 1272 1205
f 1185 1187 1199
f 1186 1161 1188
f 1175 1125 1253
f 1140 1274 1191
f 1158 1222 1208
f 1143 1189 1211
f 1187 1192 1199
f 1125 1190 1253
f 1161 1208 1188
f 1158 1208 1161
f 1188 1208 1193
f 1192 1194 1199
f 1193 1208 1195
f 1198 1175 1253
f 1194 1196 1199
f 1024 1184 1206
f 1146 1259 1219
f 1195 1208 1197
f 1190 1191 1261
f 1196 1200 1199
f 1197 1208 1201
f 1201 1208 1202
f 1200 1203 1199
f 1202 1208 1204
f 1204 1208 1207
f 1199 1203 1234
f 1184 1146 1219
f 1203 1209 1234
f 1207 1208 1210
f 1198 1253 1223
f 1210 1208 1212
f 1208 1213 1212
f 1209 1215 1234
f 1212 1213 1216
f 1162 1198 1293
f 1179 1279 1329
f 1215 1217 1234
f 1216 1213 1218
f 1189 1214 1295
f 1217 1220 1234
f 1218 1213 1221
f 1259 1211 1284
f 1253 1190 1302
f 1220 1224 1234
f 1221 1213 1225
f 1206 1266 1153
f 1206 1184 1250
f 1190 1261 1302
f 1224 1226 1234
f 1225 1213 1227
f 1213 1208 1222
f 1227 1213 1228
f 1226 1229 1234
f 1228 1213 1230
f 1213 1222 1230
f 1189 1295 1355
f 1229 1231 1234
f 1230 1222 1232
f 1162 1293 1214
f 1232 1222 1233
f 1231 1235 1234
f 1233 1222 1236
f 1205 1272 1241
f 1211 1189 1273
f 1198 1223 1281
f 1179 1329 1274
f 1179 1199 1279
f 1235 1237 1234
f 1236 1222 1238
f 1211 1273 1284
f 1223 1253 1260
f 1237 1239 1234
f 1238 1222 1240
f 1191 1274 1254
f 1199 1234 1262
f 1240 1222 1242
f 1219 1259 1252
f 1239 1243 1234
f 1242 1222 1244
f 1244 1222 1245
f 1205 1241 1222
f 1243 1246 1234
f 1245 1222 1247
f 1153 1266 1272
f 1246 1248 1234
f 1247 1222 1249
f 1222 1241 1286
f 1249 1222 1251
f 1248 1255 1234
f 1222 1286 1251
f 1234 1255 1262
f 1251 1286 1256
f 1255 1257 1262
f 1256 1286 1258
f 1184 1219 1250
f 1295 1214 1293
f 1258 1286 1263
f 1253 1302 1260
f 1257 1264 1262
f 1263 1286 1265
f 1265 1286 1267
f 1189 1355 1273
f 1293 1198 1281
f 1260 1302 1308
f 1261 1340 1302
f 1264 1268 1262
f 1267 1286 1269
f 1268 1270 1262
f 1269 1286 1271
f 1199 1262 1279
f 1270 1275 1262
f 1271 1286 1276
f 1275 1277 1262
f 1276 1286 1278
f 1254 1274 1359
f 1278 1286 1280
f 1277 1283 1262
f 1280 1286 1285
f 1283 1287 1262
f 1286 1290 1285
f 1285 1290 1288
f 1286 1241 1290
f 1272 1385 1241
f 1261 1312 1340
f 1279 1262 1322
f 1262 1287 1282
f 1288 1290 1289
f 1287 1291 1282
f 1289 1290 1292
f 1292 1290 1294
f 1219 1354 1250
f 1262 1282 1322
f 1291 1296 1282
f 1272 1266 1385
f 1219 1252 1354
f 1294 1290 1297
f 1281 1223 1311
f 1296 1298 1282
f 1297 1290 1299
f 1295 1293 1315
f 1274 1329 1359
f 1298 1300 1282
f 1299 1290 1301
f 1300 1303 1282
f 1301 1290 1304
f 1303 1305 1282
f 1295 1315 1355
f 1305 1306 1282
f 1304 1290 1307
f 1290 1324 1307
f 1306 1309 1282
f 1307 1324 1310
f 1290 1241 1324
f 1260 1308 1336
f 1309 1313 1282
f 1310 1324 1314
f 1223 1260 1364
f 1191 1254 1261
f 1313 1316 1282
f 1314 1324 1317
f 1302 1344 1308
f 1261 1254 1371
f 1282 1316 1337
f 1316 1318 1337
f 1317 1324 1319
f 1284 1273 1400
f 1281 1334 1293
f 1281 1311 1334
f 1318 1320 1337
f 1319 1324 1321
f 1223 1364 1311
f 1321 1324 1323
f 1252 1259 1358
f 1284 1358 1259
f 1261 1371 1312
f 1320 1325 1337
f 1492 1206 1250
f 1282 1373 1322
f 1323 1324 1326
f 1260 1336 1364
f 1326 1324 1327
f 1302 1340 1344
f 1327 1324 1328
f 1329 1279 1483
f 1282 1337 1373
f 1325 1330 1337
f 1328 1324 1331
f 1359 1329 1377
f 1279 1322 1483
f 1378 1254 1359
f 1330 1332 1337
f 1331 1324 1333
f 1266 1206 1492
f 1332 1335 1337
f 1324 1241 1351
f 1335 1338 1337
f 1333 1324 1339
f 1337 1338 1373
f 1338 1342 1373
f 1324 1341 1339
f 1324 1351 1341
f 1252 1367 1354
f 1250 1354 1429
f 1342 1343 1373
f 1492 1250 1429
f 1343 1345 1373
f 1341 1351 1346
f 1293 1334 1386
f 1340 1374 1344
f 1340 1312 1371
f 1364 1405 1311
f 1254 1378 1371
f 1345 1347 1373
f 1346 1351 1348
f 1329 1483 1377
f 1347 1349 1373
f 1348 1351 1350
f 1350 1351 1353
f 1308 1344 1352
f 1349 1356 1373
f 1353 1351 1357
f 1356 1360 1373
f 1357 1351 1361
f 1252 1358 1367
f 1315 1425 1355
f 1315 1293 1386
f 1340 1371 1374
f 1378 1359 1406
f 1360 1362 1373
f 1361 1351 1363
f 1351 1241 1451
f 1362 1365 1373
f 1365 1366 1373
f 1366 1368 1373
f 1363 1351 1369
f 1266 1492 1385
f 1369 1351 1370
f 1308 1352 1336
f 1368 1372 1373
f 1334 1311 1386
f 1344 1374 1411
f 1372 1375 1373
f 1370 1351 1376
f 1344 1409 1352
f 1241 1385 1451
f 1284 1400 1358
f 1336 1352 1364
f 1359 1377 1406
f 1322 1373 1447
f 1373 1375 1389
f 1375 1379 1389
f 1273 1355 1400
f 1447 1373 1389
f 1379 1380 1389
f 1376 1351 1381
f 1380 1382 1389
f 1351 1402 1381
f 1311 1405 1404
f 1378 1406 1426
f 1382 1383 1389
f 1381 1402 1384
f 1351 1451 1402
f 1344 1411 1409
f 1383 1387 1389
f 1384 1402 1388
f 1364 1352 1434
f 1374 1371 1419
f 1387 1390 1389
f 1388 1402 1391
f 1390 1392 1389
f 1405 1364 1434
f 1322 1447 1483
f 1392 1393 1389
f 1391 1402 1394
f 1371 1378 1419
f 1394 1402 1395
f 1393 1396 1389
f 1395 1402 1397
f 1396 1398 1389
f 1389 1398 1423
f 1397 1402 1399
f 1355 1425 1400
f 1492 1429 1501
f 1399 1402 1401
f 1311 1404 1433
f 1398 1403 1423
f 1315 1386 1496
f 1389 1423 1447
f 1354 1367 1429
f 1311 1433 1386
f 1403 1407 1423
f 1401 1402 1408
f 1407 1410 1423
f 1410 1413 1423
f 1408 1402 1414
f 1402 1451 1416
f 1413 1415 1423
f 1358 1486 1367
f 1374 1419 1458
f 1378 1426 1445
f 1406 1377 1412
f 1415 1417 1423
f 1414 1402 1418
f 1400 1425 1454
f 1417 1420 1423
f 1402 1416 1418
f 1409 1411 1469
f 1420 1421 1423
f 1418 1416 1422
f 1358 1400 1454
f 1421 1424 1423
f 1315 1496 1425
f 1424 1427 1423
f 1422 1416 1428
f 1434 1352 1430
f 1352 1409 1430
f 1427 1431 1423
f 1428 1416 1432
f 1429 1367 1450
f 1378 1445 1497
f 1406 1412 1426
f 1423 1431 1447
f 1431 1435 1447
f 1432 1416 1436
f 1411 1374 1458
f 1435 1437 1447
f 1436 1416 1438
f 1492 1491 1385
f 1437 1439 1447
f 1367 1486 1450
f 1438 1416 1440
f 1378 1497 1419
f 1439 1441 1447
f 1440 1416 1442
f 1409 1469 1430
f 1442 1416 1443
f 1443 1416 1444
f 1419 1497 1458
f 1441 1446 1447
f 1385 1520 1451
f 1446 1448 1447
f 1444 1416 1449
f 1425 1525 1454
f 1447 1448 1494
f 1448 1452 1494
f 1449 1416 1453
f 1358 1454 1486
f 1433 1404 1471
f 1377 1483 1489
f 1385 1491 1520
f 1426 1412 1464
f 1452 1455 1494
f 1453 1416 1456
f 1377 1489 1412
f 1416 1479 1456
f 1426 1464 1445
f 1456 1479 1457
f 1455 1459 1494
f 1405 1471 1404
f 1459 1460 1494
f 1457 1479 1461
f 1460 1462 1494
f 1461 1479 1463
f 1405 1434 1472
f 1416 1451 1500
f 1483 1554 1489
f 1462 1465 1494
f 1463 1479 1466
f 1471 1405 1472
f 1466 1479 1467
f 1416 1500 1479
f 1467 1479 1470
f 1497 1445 1475
f 1447 1494 1483
f 1465 1473 1494
f 1470 1479 1474
f 1474 1479 1476
f 1479 1500 1476
f 1473 1477 1494
f 1476 1500 1478
f 1486 1531 1450
f 1478 1500 1480
f 1445 1464 1475
f 1477 1481 1494
f 1480 1500 1482
f 1412 1516 1464
f 1481 1484 1494
f 1469 1411 1511
f 1482 1500 1485
f 1469 1511 1534
f 1484 1487 1494
f 1485 1500 1488
f 1386 1524 1496
f 1487 1490 1494
f 1451 1569 1593
f 1492 1537 1491
f 1433 1471 1386
f 1488 1500 1493
f 1490 1495 1494
f 1486 1454 1525
f 1434 1430 1507
f 1494 1495 1517
f 1493 1500 1498
f 1386 1471 1524
f 1469 1504 1507
f 1483 1494 1517
f 1495 1499 1517
f 1469 1534 1504
f 1531 1549 1450
f 1499 1502 1517
f 1498 1500 1503
f 1425 1496 1525
f 1500 1533 1503
f 1497 1475 1512
f 1502 1505 1517
f 1503 1533 1506
f 1451 1593 1500
f 1469 1507 1430
f 1464 1516 1557
f 1505 1508 1517
f 1451 1520 1569
f 1508 1509 1517
f 1506 1533 1510
f 1525 1589 1486
f 1471 1472 1570
f 1509 1513 1517
f 1510 1533 1514
f 1450 1541 1429
f 1513 1515 1517
f 1434 1507 1468
f 1412 1489 1516
f 1515 1518 1517
f 1514 1533 1519
f 1501 1429 1579
f 1519 1533 1521
f 1492 1501 1537
f 1518 1522 1517
f 1521 1533 1523
f 1589 1525 1545
f 1434 1468 1472
f 1475 1464 1512
f 1516 1489 1557
f 1523 1533 1526
f 1522 1527 1517
f 1450 1549 1541
f 1489 1558 1557
f 1489 1554 1538
f 1526 1533 1528
f 1429 1541 1579
f 1527 1529 1517
f 1528 1533 1530
f 1411 1458 1511
f 1558 1611 1557
f 1530 1533 1532
f 1537 1573 1491
f 1489 1538 1558
f 1529 1535 1517
f 1532 1533 1536
f 1483 1517 1563
f 1501 1579 1537
f 1471 1570 1524
f 1535 1539 1517
f 1496 1524 1525
f 1500 1568 1533
f 1563 1517 1555
f 1536 1533 1540
f 1511 1458 1497
f 1464 1565 1512
f 1539 1542 1517
f 1557 1581 1464
f 1520 1491 1569
f 1573 1719 1491
f 1517 1542 1555
f 1542 1543 1555
f 1540 1533 1544
f 1483 1563 1606
f 1533 1568 1544
f 1543 1546 1555
f 1544 1568 1547
f 1525 1524 1545
f 1512 1595 1497
f 1538 1554 1588
f 1483 1606 1554
f 1546 1548 1555
f 1537 1579 1652
f 1548 1550 1555
f 1547 1568 1551
f 1500 1593 1568
f 1550 1552 1555
f 1551 1568 1553
f 1557 1640 1581
f 1538 1588 1558
f 1552 1556 1555
f 1491 1719 1569
f 1556 1559 1555
f 1553 1568 1560
f 1486 1600 1531
f 1559 1561 1555
f 1486 1589 1600
f 1588 1554 1584
f 1560 1568 1562
f 1562 1568 1564
f 1561 1566 1555
f 1524 1570 1655
f 1557 1611 1640
f 1558 1588 1611
f 1555 1566 1608
f 1564 1568 1567
f 1472 1468 1570
f 1566 1572 1608
f 1555 1608 1563
f 1567 1568 1574
f 1507 1571 1468
f 1565 1464 1581
f 1572 1575 1608
f 1574 1568 1576
f 1568 1593 1591
f 1575 1577 1608
f 1524 1655 1545
f 1576 1568 1578
f 1577 1580 1608
f 1578 1568 1582
f 1554 1620 1584
f 1568 1591 1582
f 1531 1646 1549
f 1531 1600 1646
f 1582 1591 1583
f 1507 1504 1683
f 1580 1585 1608
f 1595 1512 1623
f 1512 1565 1619
f 1563 1608 1606
f 1583 1591 1586
f 1534 1511 1504
f 1511 1497 1637
f 1570 1468 1655
f 1608 1656 1606
f 1586 1591 1587
f 1579 1541 1757
f 1589 1545 1617
f 1587 1591 1590
f 1571 1507 1683
f 1512 1619 1623
f 1554 1606 1620
f 1585 1592 1608
f 1549 1605 1541
f 1565 1581 1628
f 1590 1591 1594
f 1592 1596 1608
f 1571 1648 1468
f 1584 1620 1588
f 1594 1591 1597
f 1591 1593 1626
f 1596 1598 1608
f 1597 1591 1599
f 1591 1626 1599
f 1598 1601 1608
f 1565 1628 1619
f 1599 1626 1602
f 1601 1603 1608
f 1602 1626 1604
f 1617 1545 1655
f 1603 1607 1608
f 1497 1595 1637
f 1588 1620 1634
f 1607 1609 1608
f 1604 1626 1610
f 1609 1612 1608
f 1504 1511 1637
f 1612 1613 1608
f 1610 1626 1614
f 1504 1637 1683
f 1608 1613 1656
f 1613 1615 1656
f 1614 1626 1616
f 1626 1593 1657
f 1549 1646 1701
f 1615 1618 1656
f 1588 1634 1611
f 1618 1621 1656
f 1616 1626 1622
f 1579 1757 1652
f 1621 1624 1656
f 1622 1626 1625
f 1624 1627 1656
f 1627 1629 1656
f 1648 1571 1658
f 1629 1631 1656
f 1625 1626 1632
f 1646 1600 1693
f 1631 1633 1656
f 1571 1683 1658
f 1620 1606 1630
f 1633 1635 1656
f 1632 1626 1636
f 1628 1581 1673
f 1635 1638 1656
f 1640 1673 1581
f 1638 1639 1656
f 1611 1634 1670
f 1549 1701 1605
f 1640 1611 1676
f 1639 1641 1656
f 1636 1626 1642
f 1589 1769 1600
f 1641 1643 1656
f 1626 1660 1642
f 1626 1657 1660
f 1600 1769 1693
f 1468 1667 1655
f 1643 1644 1656
f 1642 1660 1645
f 1589 1617 1697
f 1611 1670 1676
f 1644 1647 1656
f 1640 1676 1673
f 1647 1649 1656
f 1645 1660 1650
f 1649 1651 1656
f 1651 1653 1656
f 1650 1660 1654
f 1606 1656 1674
f 1468 1648 1667
f 1653 1659 1656
f 1648 1658 1667
f 1606 1674 1630
f 1654 1660 1661
f 1656 1711 1674
f 1537 1652 1689
f 1659 1663 1656
f 1661 1660 1664
f 1757 1541 1605
f 1620 1707 1634
f 1663 1665 1656
f 1664 1660 1666
f 1537 1719 1573
f 1666 1660 1668
f 1656 1665 1662
f 1665 1669 1662
f 1634 1677 1670
f 1669 1671 1662
f 1537 1689 1719
f 1656 1662 1711
f 1668 1660 1672
f 1646 1693 1744
f 1671 1675 1662
f 1593 1569 1657
f 1630 1674 1742
f 1658 1683 1717
f 1620 1630 1742
f 1675 1678 1662
f 1672 1660 1679
f 1658 1705 1667
f 1569 1719 1749
f 1646 1744 1701
f 1595 1752 1637
f 1634 1707 1773
f 1678 1680 1662
f 1658 1717 1705
f 1680 1681 1662
f 1679 1660 1682
f 1757 1689 1652
f 1677 1634 1773
f 1620 1742 1707
f 1662 1681 1711
f 1681 1685 1711
f 1682 1660 1686
f 1595 1623 1720
f 1637 1725 1683
f 1673 1745 1628
f 1685 1687 1711
f 1687 1688 1711
f 1688 1690 1711
f 1686 1660 1691
f 1569 1749 1657
f 1757 1828 1689
f 1619 1720 1623
f 1690 1692 1711
f 1692 1694 1711
f 1694 1695 1711
f 1691 1660 1696
f 1660 1714 1696
f 1683 1740 1717
f 1693 1769 1833
f 1637 1752 1725
f 1745 1673 1735
f 1695 1698 1711
f 1696 1714 1699
f 1655 1667 1684
f 1742 1674 1711
f 1698 1700 1711
f 1667 1705 1684
f 1595 1720 1752
f 1699 1714 1702
f 1742 1711 1729
f 1700 1703 1711
f 1660 1657 1714
f 1617 1885 1697
f 1707 1742 1708
f 1702 1714 1704
f 1617 1655 1684
f 1703 1706 1711
f 1605 1701 1728
f 1706 1709 1711
f 1704 1714 1710
f 1589 1716 1769
f 1670 1677 1676
f 1709 1712 1711
f 1710 1714 1713
f 1617 1684 1885
f 1713 1714 1715
f 1697 1716 1589
f 1712 1718 1711
f 1711 1718 1753
f 1715 1714 1721
f 1657 1749 1759
f 1720 1619 1628
f 1673 1676 1735
f 1718 1722 1753
f 1721 1714 1723
f 1723 1714 1724
f 1711 1753 1729
f 1722 1726 1753
f 1724 1714 1727
f 1717 1740 1734
f 1683 1725 1740
f 1689 1828 1872
f 1727 1714 1730
f 1605 1728 1757
f 1751 1684 1705
f 1705 1717 1751
f 1726 1731 1753
f 1693 1833 1744
f 1676 1677 1735
f 1742 1762 1708
f 1730 1714 1732
f 1731 1733 1753
f 1677 1792 1735
f 1733 1736 1753
f 1732 1714 1737
f 1736 1738 1753
f 1717 1766 1751
f 1725 1752 1784
f 1737 1714 1739
f 1738 1741 1753
f 1739 1714 1743
f 1734 1766 1717
f 1741 1746 1753
f 1714 1657 1759
f 1719 1689 1804
f 1746 1747 1753
f 1743 1714 1748
f 1747 1750 1753
f 1719 1804 1749
f 1791 1729 1753
f 1757 1802 1828
f 1750 1754 1753
f 1748 1714 1755
f 1752 1720 1812
f 1754 1756 1753
f 1677 1806 1792
f 1755 1714 1758
f 1753 1797 1791
f 1756 1760 1753
f 1735 1792 1847
f 1758 1714 1761
f 1714 1777 1761
f 1760 1763 1753
f 1763 1764 1753
f 1761 1777 1765
f 1765 1777 1767
f 1734 1740 1788
f 1764 1768 1753
f 1767 1777 1770
f 1740 1725 1788
f 1768 1771 1753
f 1770 1777 1772
f 1753 1771 1797
f 1684 1751 1825
f 1734 1788 1766
f 1628 1745 1780
f 1742 1729 1816
f 1771 1774 1797
f 1772 1777 1775
f 1752 1812 1784
f 1729 1791 1835
f 1774 1776 1797
f 1769 1716 1855
f 1751 1766 1787
f 1757 1728 1802
f 1751 1787 1825
f 1628 1780 1720
f 1776 1778 1797
f 1775 1777 1779
f 1745 1735 1780
f 1778 1781 1797
f 1777 1799 1779
f 1802 1728 1934
f 1766 1788 1795
f 1781 1782 1797
f 1779 1799 1783
f 1677 1803 1806
f 1744 1846 1701
f 1769 1855 1833
f 1787 1766 1795
f 1773 1707 1708
f 1782 1785 1797
f 1783 1799 1786
f 1773 1803 1677
f 1742 1816 1762
f 1785 1789 1797
f 1786 1799 1790
f 1714 1759 1777
f 1789 1793 1797
f 1790 1799 1794
f 1744 1833 1925
f 1684 1861 1885
f 1788 1725 1840
f 1816 1729 1835
f 1793 1796 1797
f 1797 1817 1791
f 1794 1799 1798
f 1725 1784 1840
f 1749 1884 1759
f 1797 1796 1817
f 1796 1800 1817
f 1798 1799 1801
f 1689 1872 1804
f 1801 1799 1805
f 1720 1780 1812
f 1800 1807 1817
f 1805 1799 1808
f 1807 1809 1817
f 1777 1759 1838
f 1809 1810 1817
f 1808 1799 1811
f 1810 1813 1817
f 1795 1788 1839
f 1811 1799 1814
f 1799 1777 1838
f 1749 1804 1884
f 1784 1812 1863
f 1813 1815 1817
f 1815 1818 1817
f 1814 1799 1819
f 1697 1885 1716
f 1847 1792 1898
f 1792 1806 1898
f 1773 1708 1803
f 1787 1862 1825
f 1818 1821 1817
f 1819 1799 1822
f 1701 1846 1728
f 1795 1820 1787
f 1708 1831 1803
f 1708 1762 1831
f 1744 1925 1846
f 1821 1823 1817
f 1822 1799 1824
f 1799 1843 1824
f 1728 1846 1927
f 1784 1863 1840
f 1735 1941 1780
f 1823 1826 1817
f 1716 1885 1856
f 1824 1843 1827
f 1826 1829 1817
f 1827 1843 1830
f 1787 1820 1862
f 1735 1847 1941
f 1829 1832 1817
f 1830 1843 1834
f 1795 1839 1820
f 1806 1803 1900
f 1832 1836 1817
f 1834 1843 1837
f 1799 1838 1843
f 1812 1780 1870
f 1817 1836 1873
f 1820 1839 1866
f 1836 1841 1873
f 1837 1843 1842
f 1684 1825 1861
f 1833 1855 1850
f 1842 1843 1844
f 1831 1762 1911
f 1728 1927 1934
f 1898 1806 1900
f 1816 1835 1918
f 1841 1848 1873
f 1844 1843 1849
f 1839 1788 1840
f 1848 1851 1873
f 1866 1862 1820
f 1849 1843 1852
f 1870 1780 1941
f 1851 1853 1873
f 1852 1843 1854
f 1839 1840 1894
f 1816 1918 1762
f 1817 1889 1791
f 1853 1857 1873
f 1854 1843 1858
f 1839 1869 1866
f 1817 1873 1889
f 1857 1859 1873
f 1858 1843 1860
f 1843 1868 1860
f 1918 1911 1762
f 1804 1872 1932
f 1833 1850 1925
f 1825 1862 1886
f 1859 1864 1873
f 1716 1920 1855
f 1860 1868 1865
f 1716 1856 1920
f 1840 1863 1894
f 1862 1866 1875
f 1869 1893 1866
f 1865 1868 1867
f 1863 1881 1894
f 1864 1871 1873
f 1839 1894 1869
f 1867 1868 1874
f 1871 1876 1873
f 1843 1943 1868
f 1759 1884 1845
f 1885 2033 1856
f 1812 1870 1921
f 1876 1877 1873
f 1835 1791 1918
f 1874 1868 1878
f 1759 1953 1838
f 1866 1895 1875
f 1873 1877 1889
f 1831 1911 1908
f 1877 1879 1889
f 1878 1868 1880
f 1843 1838 1943
f 1862 1875 1886
f 1869 1894 1893
f 1894 1881 1937
f 1879 1882 1889
f 1866 1893 1895
f 1863 1812 1905
f 1880 1868 1883
f 1882 1887 1889
f 1883 1868 1888
f 1888 1868 1890
f 1759 1845 1953
f 1887 1891 1889
f 1890 1868 1892
f 1847 1946 1941
f 1803 1831 2043
f 1884 1804 1973
f 1891 1896 1889
f 1892 1868 1897
f 1905 1812 1958
f 1875 1895 1899
f 1896 1901 1889
f 1897 1868 1902
f 1901 1903 1889
f 1791 1889 1918
f 1902 1868 1904
f 1868 1943 1904
f 1861 1825 1933
f 1889 1912 1918
f 1903 1906 1889
f 1904 1943 1907
f 1872 1828 2098
f 1906 1909 1889
f 1907 1943 1910
f 1802 2021 1828
f 1934 2021 1802
f 1895 1893 1917
f 1812 1921 1958
f 1910 1943 1913
f 1881 1863 1905
f 1870 1967 1921
f 1870 1941 1999
f 1889 1909 1923
f 1909 1914 1923
f 1831 1908 2043
f 1914 1915 1923
f 1913 1943 1916
f 1870 1999 1982
f 1855 1920 1940
f 1875 1899 1945
f 1803 2043 1900
f 1915 1919 1923
f 1919 1922 1923
f 1855 1940 1850
f 1875 1984 1886
f 1893 1894 1917
f 1916 1943 1924
f 1861 1933 1885
f 1870 1982 1967
f 1922 1926 1923
f 2033 1885 1933
f 1825 1886 1933
f 1895 1917 1899
f 1894 1937 2001
f 1838 1953 1943
f 1918 1912 1928
f 1926 1929 1923
f 2098 1932 1872
f 1875 1945 1984
f 1929 1930 1923
f 1924 1943 1931
f 1917 1894 2001
f 1923 1978 1889
f 1930 1935 1923
f 1931 1943 1936
f 1828 2021 2098
f 1917 1954 1899
f 1935 1938 1923
f 1804 1932 1973
f 1941 1946 1999
f 1936 1943 1939
f 1943 1964 1939
f 1899 1954 1945
f 1938 1942 1923
f 1912 1889 1974
f 1923 1942 1978
f 1939 1964 1944
f 1934 1927 2055
f 1847 1898 1946
f 1942 1947 1978
f 1911 1961 1908
f 1947 1948 1978
f 1944 1964 1949
f 1948 1951 1978
f 1949 1964 1952
f 1921 1950 1958
f 1934 2055 2021
f 1917 2001 1954
f 1951 1955 1978
f 1952 1964 1956
f 1927 1846 2027
f 1956 1964 1957
f 1937 1881 1977
f 1921 1967 1950
f 1911 1918 1928
f 1955 1959 1978
f 1957 1964 1960
f 1927 2027 2055
f 1850 2025 1925
f 1959 1962 1978
f 1960 1964 1963
f 1945 1954 1997
f 1881 1905 2034
f 1967 1982 2010
f 1962 1965 1978
f 1963 1964 1966
f 1954 2001 1997
f 2001 1937 1977
f 1943 1953 1964
f 1846 1925 2027
f 1965 1968 1978
f 1966 1964 1969
f 1968 1970 1978
f 1969 1964 1971
f 1984 2019 1886
f 1905 1958 2034
f 1970 1972 1978
f 1945 1997 1984
f 1972 1975 1978
f 1971 1964 1976
f 1964 1986 1976
f 1898 2006 1946
f 1975 1979 1978
f 1976 1986 1980
f 1977 1881 2086
f 1900 2043 1898
f 1912 2009 1928
f 1979 1981 1978
f 1850 1940 2025
f 1889 1978 1974
f 1980 1986 1983
f 2009 1912 2066
f 1912 1974 2066
f 1981 1985 1978
f 1961 1911 2026
f 1978 1985 2005
f 1985 1987 2005
f 1983 1986 1988
f 1964 1953 1986
f 1881 2034 2086
f 1974 1978 2044
f 1911 1928 2018
f 1987 1989 2005
f 1988 1986 1990
f 1928 2009 2018
f 1990 1986 1991
f 1989 1992 2005
f 1967 2010 2013
f 2010 1982 2042
f 1992 1993 2005
f 1991 1986 1994
f 1898 2043 2006
f 1994 1986 1995
f 1993 1996 2005
f 1984 1997 2019
f 2005 2044 1978
f 1996 1998 2005
f 1995 1986 2000
f 1950 2016 1958
f 1908 1961 2081
f 1998 2002 2005
f 2034 1958 2016
f 1967 2013 1950
f 1911 2018 2026
f 2001 1977 2076
f 1999 1946 2022
f 2002 2003 2005
f 2000 1986 2004
f 1977 2086 2076
f 1999 2022 2038
f 2003 2007 2005
f 2004 1986 2008
f 1986 1953 2054
f 1908 2081 2043
f 2005 2007 2044
f 2007 2011 2044
f 2008 1986 2012
f 1986 2054 2017
f 1925 2025 2027
f 2019 1997 2069
f 2011 2014 2044
f 2012 1986 2015
f 1986 2017 2015
f 1950 2013 2056
f 2042 1982 2106
f 2014 2020 2044
f 1946 2006 2028
f 2020 2023 2044
f 2015 2017 2024
f 2001 2069 1997
f 2001 2076 2069
f 1999 2038 1982
f 1920 1856 2149
f 1886 2019 2057
f 2023 2029 2044
f 2024 2017 2030
f 1946 2028 2022
f 1920 2149 1940
f 1886 2137 1933
f 2043 2070 2006
f 2026 2018 2039
f 2029 2031 2044
f 2031 2032 2044
f 2057 2137 1886
f 2032 2035 2044
f 2030 2017 2036
f 2035 2037 2044
f 2037 2040 2044
f 2036 2017 2041
f 2021 2055 2109
f 2086 2034 2058
f 1950 2056 2016
f 2044 2040 2048
f 2040 2045 2048
f 2017 2054 2041
f 2034 2016 2058
f 2045 2046 2048
f 2019 2069 2057
f 2022 2077 2038
f 2046 2047 2048
f 1961 2026 2081
f 2047 2049 2048
f 2041 2054 2050
f 1982 2038 2106
f 2049 2051 2048
f 2016 2056 2058
f 2051 2052 2048
f 2050 2054 2053
f 1940 2090 2025
f 2044 2071 1974
f 1973 1932 2117
f 1933 2136 2128
f 1933 2137 2136
f 2013 2010 2092
f 2052 2059 2048
f 2053 2054 2060
f 1884 2063 1845
f 2021 2109 2095
f 2056 2013 2092
f 2006 2070 2028
f 2044 2048 2083
f 2069 2137 2057
f 2042 2106 2129
f 2044 2083 2071
f 2059 2061 2048
f 2060 2054 2062
f 2048 2061 2083
f 1953 2133 2085
f 2025 2090 2027
f 2061 2064 2083
f 2062 2054 2065
f 1953 2085 2054
f 1973 2140 1884
f 2021 2095 2098
f 2022 2028 2077
f 2026 2039 2081
f 2064 2068 2083
f 1974 2067 2066
f 2068 2072 2083
f 2065 2054 2073
f 1953 1845 2183
f 2043 2081 2070
f 1974 2071 2067
f 2072 2074 2083
f 2073 2054 2075
f 2074 2078 2083
f 2092 2010 2110
f 2010 2042 2110
f 2063 2088 1845
f 2078 2080 2083
f 2070 2081 2157
f 2009 2131 2018
f 2075 2054 2082
f 2106 2038 2113
f 2009 2066 2131
f 2080 2084 2083
f 1845 2187 2183
f 1973 2117 2162
f 2082 2054 2087
f 2069 2076 2188
f 2058 2056 2099
f 2084 2089 2083
f 1884 2140 2079
f 2042 2129 2104
f 2113 2038 2147
f 2071 2083 2159
f 2087 2054 2091
f 2027 2090 2118
f 1856 2125 2149
f 2137 2069 2188
f 2028 2167 2077
f 2089 2093 2083
f 1845 2088 2187
f 1856 2033 2125
f 2076 2086 2119
f 2042 2104 2110
f 2093 2096 2083
f 2091 2054 2097
f 2054 2085 2097
f 1884 2079 2094
f 2027 2111 2055
f 2033 2112 2125
f 2033 2141 2112
f 2142 2141 2033
f 2103 2076 2119
f 1933 2177 2033
f 2066 2122 2131
f 2083 2096 2159
f 2096 2100 2159
f 2097 2085 2101
f 2076 2103 2188
f 1884 2094 2063
f 2098 2163 2166
f 2086 2171 2119
f 2086 2058 2171
f 2100 2105 2159
f 2099 2056 2102
f 2056 2092 2121
f 2018 2181 2186
f 2018 2131 2181
f 1973 2169 2140
f 2098 2124 1932
f 2105 2107 2159
f 2101 2085 2108
f 2103 2119 2138
f 2066 2067 2122
f 1953 2183 2134
f 2099 2171 2058
f 2070 2175 2028
f 2107 2114 2159
f 2108 2085 2115
f 2079 2140 2116
f 2085 2133 2161
f 1940 2156 2090
f 2033 2177 2142
f 2056 2121 2102
f 2104 2129 2146
f 2114 2120 2159
f 2085 2161 2132
f 1953 2134 2127
f 2129 2106 2173
f 2067 2071 2122
f 2120 2123 2159
f 1953 2127 2133
f 2138 2119 2185
f 2018 2186 2039
f 2115 2085 2126
f 1933 2128 2177
f 2103 2138 2144
f 2081 2039 2158
f 2123 2130 2159
f 1932 2124 2170
f 2055 2111 2109
f 2110 2104 2145
f 2129 2172 2146
f 2106 2113 2173
f 2081 2158 2152
f 2098 2095 2163
f 2188 2103 2144
f 2121 2092 2191
f 2104 2146 2151
f 2038 2077 2147
f 2070 2180 2175
f 2122 2071 2159
f 2130 2135 2159
f 1940 2149 2156
f 2104 2178 2145
f 2070 2164 2180
f 2159 2135 2155
f 2126 2085 2139
f 1973 2162 2169
f 2129 2173 2179
f 2135 2143 2155
f 2117 1932 2184
f 2104 2151 2178
f 2070 2157 2164
f 2039 2186 2158
f 2139 2085 2148
f 2092 2110 2195
f 2110 2145 2154
f 2028 2175 2196
f 2143 2150 2155
f 2027 2176 2111
f 2110 2154 2195
f 2122 2159 2192
f 1932 2170 2184
f 2028 2196 2167
f 2148 2085 2160
f 2085 2132 2160
f 2098 2166 2124
f 2092 2195 2191
f 2150 2165 2155
f 2027 2118 2176
f 2160 2132 2168
f 2144 2138 2190
f 2129 2179 2172
f 2165 2174 2155
f 2188 2144 2189
f 2168 2132 2182
f 2081 2152 2157
f 2159 2153 2192
f 2174 2193 2155
f 2182 2132 2194
f 2194 2132 2197
f 2132 2198 2197
f 2132 2199 2198
f 2132 2200 2199
f 2132 2201 2200
f 2132 2202 2201
f 2132 2203 2202
f 2132 2204 2203
f 2132 2161 2204
f 2161 2205 2204
f 2161 2206 2205
f 2161 2207 2206
f 2161 2208 2207
f 2161 2209 2208
f 2161 2210 2209
f 2161 2211 2210
f 2161 2212 2211
f 2161 2213 2212
f 2161 2214 2213
f 2161 2215 2214
f 2161 2216 2215
f 2161 2133 2216
f 2133 2217 2216
f 2133 2218 2217
f 2133 2219 2218
f 2133 2220 2219
f 2133 2221 2220
f 2133 2222 2221
f 2133 2223 2222
f 2133 2224 2223
f 2133 2127 2224
f 2127 2225 2224
f 2127 2226 2225
f 2127 2227 2226
f 2127 2228 2227
f 2127 2229 2228
f 2127 2230 2229
f 2127 2231 2230
f 2127 2232 2231
f 2127 2233 2232
f 2127 2134 2233
f 2134 2234 2233
f 2134 2235 2234
f 2134 2236 2235
f 2134 2237 2236
f 2134 2238 2237
f 2134 2239 2238
f 2134 2240 2239
f 2134 2183 2240
f 2183 2241 2240
f 2183 2242 2241
f 2183 2243 2242
f 2183 2244 2243
f 2183 2245 2244
f 2183 2246 2245
f 2183 2247 2246
f 2183 2248 2247
f 2183 2249 2248
f 2183 2187 2249
f 2187 2250 2249
f 2187 2251 2250
f 2187 2252 2251
f 2187 2253 2252
f 2187 2254 2253
f 2187 2255 2254
f 2187 2256 2255
f 2187 2257 2256
f 2187 2258 2257
f 2187 2259 2258
f 2187 2260 2259
f 2187 2261 2260
f 2187 2088 2261
f 2088 2262 2261
f 2088 2263 2262
f 2088 2264 2263
f 2088 2265 2264
f 2088 2266 2265
f 2088 2267 2266
f 2088 2268 2267
f 2088 2269 2268
f 2088 2270 2269
f 2088 2271 2270
f 2088 2063 2271
f 2063 2272 2271
f 2063 2273 2272
f 2063 2274 2273
f 2063 2275 2274
f 2063 2276 2275
f 2063 2277 2276
f 2063 2278 2277
f 2063 2279 2278
f 2063 2280 2279
f 2063 2281 2280
f 2063 2282 2281
f 2063 2094 2282
f 2094 2283 2282
f 2094 2284 2283
f 2094 2285 2284
f 2094 2286 2285
f 2094 2287 2286
f 2094 2288 2287
f 2094 2289 2288
f 2094 2290 2289
f 2094 2291 2290
f 2094 2292 2291
f 2094 2079 2292
f 2079 2293 2292
f 2079 2294 2293
f 2079 2295 2294
f 2079 2296 2295
f 2079 2297 2296
f 2079 2116 2297
f 2116 2298 2297
f 2116 2299 2298
f 2116 2300 2299
f 2116 2301 2300
f 2116 2302 2301
f 2116 2303 2302
f 2116 2304 2303
f 2116 2305 2304
f 2116 2306 2305
f 2116 2307 2306
f 2116 2308 2307
f 2116 2309 2308
f 2116 2310 2309
f 2116 2140 2310
f 2140 2311 2310
f 2140 2312 2311
f 2140 2313 2312
f 2140 2314 2313
f 2140 2315 2314
f 2140 2169 2315
f 2169 2316 2315
f 2169 2317 2316
f 2169 2318 2317
f 2169 2319 2318
f 2169 2320 2319
f 2169 2321 2320
f 2169 2322 2321
f 2169 2323 2322
f 2169 2324 2323
f 2169 2325 2324
f 2169 2326 2325
f 2169 2327 2326
f 2169 2328 2327
f 2169 2329 2328
f 2169 2162 2329
f 2162 2330 2329
f 2162 2331 2330
f 2162 2332 2331
f 2162 2333 2332
f 2162 2334 2333
f 2162 2335 2334
f 2162 2336 2335
f 2162 2337 2336
f 2162 2338 2337
f 2162 2339 2338
f 2162 2340 2339
f 2162 2341 2340
f 2162 2342 2341
f 2162 2343 2342
f 2162 2344 2343
f 2162 2345 2344
f 2162 2346 2345
f 2162 2347 2346
f 2162 2348 2347
f 2162 2349 2348
f 2162 2350 2349
f 2162 2117 2350
f 2117 2351 2350
f 2117 2352 2351
f 2117 2353 2352
f 2117 2354 2353
f 2117 2355 2354
f 2117 2356 2355
f 2117 2357 2356
f 2117 2358 2357
f 2117 2359 2358
f 2117 2360 2359
f 2117 2361 2360
f 2117 2362 2361
f 2117 2363 2362
f 2117 2364 2363
f 2117 2365 2364
f 2117 2366 2365
f 2117 2367 2366
f 2117 2184 2367
f 2184 2368 2367
f 2184 2369 2368
f 2184 2370 2369
f 2184 2371 2370
f 2184 2372 2371
f 2184 2373 2372
f 2184 2374 2373
f 2184 2170 2374
f 2170 2375 2374
f 2170 2376 2375
f 2170 2377 2376
f 2170 2378 2377
f 2170 2379 2378
f 2170 2124 2379
f 2124 2380 2379
f 2124 2381 2380
f 2124 2382 2381
f 2124 2383 2382
f 2124 2384 2383
f 2124 2385 2384
f 2124 2386 2385
f 2124 2387 2386
f 2124 2388 2387
f 2124 2389 2388
f 2124 2390 2389
f 2124 2391 2390
f 2124 2392 2391
f 2124 2166 2392
f 2166 2393 2392
f 2166 2394 2393
f 2166 2395 2394
f 2166 2396 2395
f 2166 2397 2396
f 2166 2398 2397
f 2166 2399 2398
f 2166 2400 2399
f 2166 2401 2400
f 2166 2402 2401
f 2166 2163 2402
f 2163 2403 2402
f 2163 2404 2403
f 2163 2405 2404
f 2163 2406 2405
f 2163 2407 2406
f 2163 2408 2407
f 2163 2409 2408
f 2163 2410 2409
f 2163 2411 2410
f 2163 2095 2411
f 2095 2412 2411
f 2095 2413 2412
f 2095 2414 2413
f 2095 2415 2414
f 2095 2416 2415
f 2095 2417 2416
f 2095 2418 2417
f 2095 2419 2418
f 2095 2420 2419
f 2095 2421 2420
f 2095 2109 2421
f 2109 2422 2421
f 2109 2423 2422
f 2109 2424 2423
f 2109 2425 2424
f 2109 2426 2425
f 2109 2427 2426
f 2109 2428 2427
f 2109 2429 2428
f 2109 2430 2429
f 2109 2431 2430
f 2109 2111 2431
f 2111 2432 2431
f 2111 2433 2432
f 2111 2434 2433
f 2111 2435 2434
f 2111 2436 2435
f 2111 2437 2436
f 2111 2176 2437
f 2176 2438 2437
f 2176 2439 2438
f 2176 2440 2439
f 2176 2441 2440
f 2176 2442 2441
f 2176 2443 2442
f 2176 2444 2443
f 2176 2445 2444
f 2176 2446 2445
f 2176 2118 2446
f 2118 2447 2446
f 2118 2448 2447
f 2118 2449 2448
f 2118 2450 2449
f 2118 2451 2450
f 2118 2452 2451
f 2118 2453 2452
f 2118 2454 2453
f 2118 2455 2454
f 2118 2456 2455
f 2118 2090 2456
f 2090 2457 2456
f 2090 2458 2457
f 2090 2459 2458
f 2090 2460 2459
f 2090 2461 2460
f 2090 2462 2461
f 2090 2463 2462
f 2090 2464 2463
f 2090 2465 2464
f 2090 2466 2465
f 2090 2467 2466
f 2090 2468 2467
f 2090 2469 2468
f 2090 2470 2469
f 2090 2156 2470
f 2156 2471 2470
f 2156 2472 2471
f 2156 2473 2472
f 2156 2474 2473
f 2156 2475 2474
f 2156 2476 2475
f 2156 2477 2476
f 2156 2478 2477
f 2156 2149 2478
f 2149 2479 2478
f 2149 2480 2479
f 2149 2481 2480
f 2149 2482 2481
f 2149 2483 2482
f 2149 2484 2483
f 2149 2485 2484
f 2149 2486 2485
f 2149 2487 2486
f 2149 2488 2487
f 2149 2489 2488
f 2149 2490 2489
f 2149 2491 2490
f 2149 2125 2491
f 2125 2492 2491
f 2125 2493 2492
f 2125 2494 2493
f 2125 2495 2494
f 2125 2112 2495
f 2112 2496 2495
f 2112 2497 2496
f 2112 2498 2497
f 2112 2499 2498
f 2112 2500 2499
f 2112 2501 2500
f 2112 2502 2501
f 2112 2503 2502
f 2112 2504 2503
f 2112 2505 2504
f 2112 2506 2505
f 2112 2507 2506
f 2112 2508 2507
f 2112 2509 2508
f 2112 2510 2509
f 2112 2511 2510
f 2112 2512 2511
f 2112 2513 2512
f 2112 2514 2513
f 2112 2515 2514
f 2112 2141 2515
f 2141 2516 2515
f 2141 2517 2516
f 2141 2518 2517
f 2141 2519 2518
f 2141 2520 2519
f 2141 2521 2520
f 2141 2522 2521
f 2141 2523 2522
f 2141 2524 2523
f 2141 2525 2524
f 2141 2526 2525
f 2141 2527 2526
f 2141 2528 2527
f 2141 2142 2528
f 2142 2529 2528
f 2142 2530 2529
f 2142 2531 2530
f 2142 2532 2531
f 2142 2177 2532
f 2177 2533 2532
f 2177 2534 2533
f 2177 2535 2534
f 2177 2536 2535
f 2177 2537 2536
f 2177 2538 2537
f 2177 2539 2538
f 2177 2540 2539
f 2177 2541 2540
f 2177 2542 2541
f 2177 2543 2542
f 2177 2544 2543
f 2177 2128 2544
f 2128 2545 2544
f 2128 2546 2545
f 2128 2547 2546
f 2128 2548 2547
f 2128 2549 2548
f 2128 2550 2549
f 2128 2551 2550
f 2128 2552 2551
f 2128 2553 2552
f 2128 2554 2553
f 2128 2555 2554
f 2128 2136 2555
f 2136 2556 2555
f 2136 2557 2556
f 2136 2558 2557
f 2136 2559 2558
f 2136 2560 2559
f 2136 2561 2560
f 2136 2562 2561
f 2136 2563 2562
f 2136 2564 2563
f 2136 2565 2564
f 2136 2137 2565
f 2137 2566 2565
f 2137 2567 2566
f 2137 2568 2567
f 2137 2569 2568
f 2137 2570 2569
f 2137 2571 2570
f 2137 2572 2571
f 2137 2573 2572
f 2137 2574 2573
f 2137 2575 2574
f 2137 2576 2575
f 2137 2577 2576
f 2137 2578 2577
f 2137 2188 2578
f 2188 2579 2578
f 2188 2580 2579
f 2188 2581 2580
f 2188 2582 2581
f 2188 2583 2582
f 2188 2584 2583
f 2188 2585 2584
f 2188 2586 2585
f 2188 2587 2586
f 2188 2588 2587
f 2188 2589 2588
f 2188 2189 2589
f 2189 2590 2589
f 2189 2591 2590
f 2189 2592 2591
f 2189 2593 2592
f 2189 2594 2593
f 2189 2144 2594
f 2144 2595 2594
f 2144 2190 2595
f 2190 2596 2595
f 2190 2597 2596
f 2190 2598 2597
f 2190 2599 2598
f 2190 2600 2599
f 2190 2601 2600
f 2190 2602 2601
f 2190 2603 2602
f 2190 2604 2603
f 2190 2605 2604
f 2190 2606 2605
f 2190 2138 2606
f 2138 2607 2606
f 2138 2608 2607
f 2138 2609 2608
f 2138 2610 2609
f 2138 2611 2610
f 2138 2612 2611
f 2138 2613 2612
f 2138 2614 2613
f 2138 2615 2614
f 2138 2185 2615
f 2185 2616 2615
f 2185 2617 2616
f 2185 2618 2617
f 2185 2619 2618
f 2185 2620 2619
f 2185 2621 2620
f 2185 2622 2621
f 2185 2623 2622
f 2185 2624 2623
f 2185 2625 2624
f 2185 2626 2625
f 2185 2627 2626
f 2185 2119 2627
f 2119 2628 2627
f 2119 2629 2628
f 2119 2630 2629
f 2119 2631 2630
f 2119 2632 2631
f 2119 2633 2632
f 2119 2171 2633
f 2171 2634 2633
f 2171 2635 2634
f 2171 2636 2635
f 2171 2637 2636
f 2171 2638 2637
f 2171 2639 2638
f 2171 2640 2639
f 2171 2641 2640
f 2171 2642 2641
f 2171 2643 2642
f 2171 2644 2643
f 2171 2645 2644
f 2171 2646 2645
f 2171 2647 2646
f 2171 2099 2647
f 2099 2648 2647
f 2099 2649 2648
f 2099 2650 2649
f 2099 2651 2650
f 2099 2652 2651
f 2099 2102 2652
f 2102 2653 2652
f 2102 2654 2653
f 2102 2655 2654
f 2102 2656 2655
f 2102 2657 2656
f 2102 2658 2657
f 2102 2659 2658
f 2102 2660 2659
f 2102 2661 2660
f 2102 2662 2661
f 2102 2663 2662
f 2102 2664 2663
f 2102 2665 2664
f 2102 2666 2665
f 2102 2667 2666
f 2102 2121 2667
f 2121 2668 2667
f 2121 2669 2668
f 2121 2670 2669
f 2121 2671 2670
f 2121 2191 2671
f 2191 2672 2671
f 2191 2673 2672
f 2191 2674 2673
f 2191 2675 2674
f 2191 2676 2675
f 2191 2677 2676
f 2191 2678 2677
f 2191 2679 2678
f 2191 2680 2679
f 2191 2681 2680
f 2191 2682 2681
f 2191 2683 2682
f 2191 2684 2683
f 2191 2685 2684
f 2191 2195 2685
f 2195 2686 2685
f 2195 2687 2686
f 2195 2688 2687
f 2195 2689 2688
f 2195 2690 2689
f 2195 2691 2690
f 2195 2692 2691
f 2195 2693 2692
f 2195 2694 2693
f 2195 2695 2694
f 2195 2696 2695
f 2195 2697 2696
f 2195 2698 2697
f 2195 2154 2698
f 2154 2699 2698
f 2154 2700 2699
f 2154 2701 2700
f 2154 2702 2701
f 2154 2703 2702
f 2154 2145 2703
f 2145 2704 2703
f 2145 2705 2704
f 2145 2706 2705
f 2145 2707 2706
f 2145 2708 2707
f 2145 2709 2708
f 2145 2710 2709
f 2145 2711 2710
f 2145 2712 2711
f 2145 2713 2712
f 2145 2714 2713
f 2145 2178 2714
f 2178 2715 2714
f 2178 2716 2715
f 2178 2717 2716
f 2178 2718 2717
f 2178 2719 2718
f 2178 2720 2719
f 2178 2721 2720
f 2178 2151 2721
f 2151 2722 2721
f 2151 2723 2722
f 2151 2724 2723
f 2151 2725 2724
f 2151 2726 2725
f 2151 2727 2726
f 2151 2146 2727
f 2146 2728 2727
f 2146 2729 2728
f 2146 2730 2729
f 2146 2731 2730
f 2146 2172 2731
f 2172 2732 2731
f 2172 2733 2732
f 2172 2734 2733
f 2172 2735 2734
f 2172 2736 2735
f 2172 2737 2736
f 2172 2738 2737
f 2172 2739 2738
f 2172 2740 2739
f 2172 2741 2740
f 2172 2742 2741
f 2172 2743 2742
f 2172 2744 2743
f 2172 2745 2744
f 2172 2746 2745
f 2172 2179 2746
f 2179 2747 2746
f 2179 2748 2747
f 2179 2749 2748
f 2179 2750 2749
f 2179 2751 2750
f 2179 2752 2751
f 2179 2753 2752
f 2179 2754 2753
f 2179 2755 2754
f 2179 2756 2755
f 2179 2173 2756
f 2173 2757 2756
f 2173 2758 2757
f 2173 2759 2758
f 2173 2760 2759
f 2173 2761 2760
f 2173 2762 2761
f 2173 2763 2762
f 2173 2764 2763
f 2173 2113 2764
f 2113 2765 2764
f 2113 2766 2765
f 2113 2767 2766
f 2113 2768 2767
f 2113 2769 2768
f 2113 2770 2769
f 2113 2771 2770
f 2113 2772 2771
f 2113 2773 2772
f 2113 2774 2773
f 2113 2775 2774
f 2113 2776 2775
f 2113 2147 2776
f 2147 2777 2776
f 2147 2778 2777
f 2147 2779 2778
f 2147 2780 2779
f 2147 2781 2780
f 2147 2782 2781
f 2147 2783 2782
f 2147 2784 2783
f 2147 2785 2784
f 2147 2786 2785
f 2147 2077 2786
f 2077 2787 2786
f 2077 2788 2787
f 2077 2789 2788
f 2077 2790 2789
f 2077 2791 2790
f 2077 2792 2791
f 2077 2793 2792
f 2077 2794 2793
f 2077 2795 2794
f 2077 2167 2795
f 2167 2796 2795
f 2167 2797 2796
f 2167 2798 2797
f 2167 2799 2798
f 2167 2800 2799
f 2167 2801 2800
f 2167 2802 2801
f 2167 2803 2802
f 2167 2804 2803
f 2167 2805 2804
f 2167 2806 2805
f 2167 2807 2806
f 2167 2808 2807
f 2167 2809 2808
f 2167 2196 2809
f 2196 2810 2809
f 2196 2811 2810
f 2196 2812 2811
f 2196 2813 2812
f 2196 2814 2813
f 2196 2815 2814
f 2196 2816 2815
f 2196 2817 2816
f 2196 2818 2817
f 2196 2819 2818
f 2196 2175 2819
f 2175 2820 2819
f 2175 2821 2820
f 2175 2822 2821
f 2175 2823 2822
f 2175 2824 2823
f 2175 2825 2824
f 2175 2826 2825
f 2175 2827 2826
f 2175 2828 2827
f 2175 2829 2828
f 2175 2830 2829
f 2175 2831 2830
f 2175 2832 2831
f 2175 2833 2832
f 2175 2834 2833
f 2175 2835 2834
f 2175 2836 2835
f 2175 2180 2836
f 2180 2837 2836
f 2180 2838 2837
f 2180 2839 2838
f 2180 2840 2839
f 2180 2841 2840
f 2180 2842 2841
f 2180 2843 2842
f 2180 2844 2843
f 2180 2845 2844
f 2180 2846 2845
f 2180 2164 2846
f 2164 2847 2846
f 2164 2848 2847
f 2164 2849 2848
f 2164 2850 2849
f 2164 2851 2850
f 2164 2852 2851
f 2164 2853 2852
f 2164 2854 2853
f 2164 2855 2854
f 2164 2157 2855
f 2157 2856 2855
f 2157 2857 2856
f 2157 2858 2857
f 2157 2859 2858
f 2157 2860 2859
f 2157 2861 2860
f 2157 2862 2861
f 2157 2863 2862
f 2157 2864 2863
f 2157 2865 2864
f 2157 2152 2865
f 2152 2866 2865
f 2152 2867 2866
f 2152 2868 2867
f 2152 2869 2868
f 2152 2870 2869
f 2152 2871 2870
f 2152 2872 2871
f 2152 2873 2872
f 2152 2874 2873
f 2152 2875 2874
f 2152 2876 2875
f 2152 2877 2876
f 2152 2878 2877
f 2152 2879 2878
f 2152 2880 2879
f 2152 2881 2880
f 2152 2882 2881
f 2152 2883 2882
f 2152 2158 2883
f 2158 2884 2883
f 2158 2885 2884
f 2158 2886 2885
f 2158 2887 2886
f 2158 2888 2887
f 2158 2889 2888
f 2158 2890 2889
f 2158 2891 2890
f 2158 2892 2891
f 2158 2893 2892
f 2158 2894 2893
f 2158 2895 2894
f 2158 2186 2895
f 2186 2896 2895
f 2186 2897 2896
f 2186 2898 2897
f 2186 2899 2898
f 2186 2900 2899
f 2186 2901 2900
f 2186 2902 2901
f 2186 2903 2902
f 2186 2904 2903
f 2186 2905 2904
f 2186 2906 2905
f 2186 2907 2906
f 2186 2908 2907
f 2186 2909 2908
f 2186 2910 2909
f 2186 2911 2910
f 2186 2912 2911
f 2186 2913 2912
f 2186 2914 2913
f 2186 2915 2914
f 2186 2181 2915
f 2181 2916 2915
f 2181 2917 2916
f 2181 2918 2917
f 2181 2919 2918
f 2181 2920 2919
f 2181 2921 2920
f 2181 2922 2921
f 2181 2923 2922
f 2181 2924 2923
f 2181 2925 2924
f 2181 2926 2925
f 2181 2927 2926
f 2181 2928 2927
f 2181 2131 2928
f 2131 2929 2928
f 2131 2930 2929
f 2131 2931 2930
f 2131 2932 2931
f 2131 2933 2932
f 2131 2934 2933
f 2131 2935 2934
f 2131 2936 2935
f 2131 2937 2936
f 2131 2122 2937
f 2122 2938 2937
f 2122 2939 2938
f 2122 2940 2939
f 2122 2941 2940
f 2122 2942 2941
f 2122 2943 2942
f 2122 2944 2943
f 2122 2945 2944
f 2122 2946 2945
f 2122 2947 2946
f 2122 2948 2947
f 2122 2949 2948
f 2122 2950 2949
f 2122 2192 2950
f 2192 2951 2950
f 2192 2952 2951
f 2192 2953 2952
f 2192 2954 2953
f 2192 2955 2954
f 2192 2956 2955
f 2192 2957 2956
f 2192 2958 2957
f 2192 2959 2958
f 2192 2960 2959
f 2192 2153 2960
f 2153 2961 2960
f 2153 2962 2961
f 2153 2963 2962
f 2153 2964 2963
f 2153 2965 2964
f 2153 2159 2965
f 2159 2966 2965
f 2159 2967 2966
f 2159 2968 2967
f 2159 2969 2968
f 2159 2970 2969
f 2159 2971 2970
f 2159 2972 2971
f 2159 2973 2972
f 2159 2974 2973
f 2159 2975 2974
f 2159 2976 2975
f 2159 2977 2976
f 2159 2155 2977
f 2155 2978 2977
f 2155 2979 2978
f 2155 2980 2979
f 2155 2981 2980
f 2155 2982 2981
f 2155 2983 2982
f 2155 2984 2983
f 2155 2985 2984
f 2155 2986 2985
f 2155 2193 2986
f 2193 2987 2986
f 5429 2988 1
f 2 1 2988
f 2197 2989 2990
f 2989 2197 2198
f 2988 2991 2
f 3 2 2991
f 2198 2992 2989
f 2991 2993 3
f 2198 2994 2992
f 2994 2198 2199
f 2993 2995 3
f 4 3 2995
f 2199 2996 2994
f 2995 2997 4
f 2199 2998 2996
f 2998 2199 2200
f 2997 2999 4
f 2200 3000 2998
f 3000 2200 2201
f 2999 3001 4
f 5 4 3001
f 2201 3002 3000
f 3002 2201 2202
f 3001 3003 5
f 2202 3004 3002
f 3004 2202 2203
f 3003 3005 5
f 6 5 3005
f 2203 3006 3004
f 3006 2203 2204
f 3005 3007 6
f 2204 3008 3006
f 3008 2204 2205
f 3007 3009 6
f 7 6 3009
f 2205 3010 3008
f 3009 3011 7
f 2205 3012 3010
f 3012 2205 2206
f 3011 3013 7
f 8 7 3013
f 2206 3014 3012
f 3014 2206 2207
f 3013 3015 8
f 9 8 3015
f 2207 3016 3014
f 3015 3017 9
f 2207 3018 3016
f 3018 2207 2208
f 3017 3019 9
f 10 9 3019
f 2208 3020 3018
f 3020 2208 2209
f 3019 3021 10
f 2209 3022 3020
f 3022 2209 2210
f 3021 3023 10
f 11 10 3023
f 2210 3024 3022
f 3024 2210 2211
f 3023 3025 11
f 2211 3026 3024
f 3026 2211 2212
f 3025 3027 11
f 12 11 3027
f 2212 3028 3026
f 3028 2212 2213
f 3027 3029 12
f 2213 3030 3028
f 3030 2213 2214
f 3029 3031 12
f 13 12 3031
f 2214 3032 3030
f 3032 2214 2215
f 3031 3033 13
f 2215 3034 3032
f 3033 3035 13
f 15 13 3035
f 2215 3036 3034
f 3036 2215 2216
f 3035 3037 15
f 2216 3038 3036
f 3037 3039 15
f 16 15 3039
f 2216 3040 3038
f 3040 2216 2217
f 3039 3041 16
f 2217 3042 3040
f 3042 2217 2218
f 3041 3043 16
f 17 16 3043
f 2218 3044 3042
f 3043 3045 17
f 18 17 3045
f 2218 3046 3044
f 3046 2218 2219
f 3045 3047 18
f 19 18 3047
f 2219 3048 3046
f 3047 3049 19
f 20 19 3049
f 2219 3050 3048
f 3050 2219 2220
f 3049 3051 20
f 21 20 3051
f 2220 3052 3050
f 3051 3053 21
f 2220 3054 3052
f 3054 2220 2221
f 3053 3055 21
f 22 21 3055
f 2221 3056 3054
f 3056 2221 2222
f 3055 3057 22
f 2222 3058 3056
f 3057 3059 22
f 23 22 3059
f 2222 3060 3058
f 3060 2222 2223
f 3059 3061 23
f 2223 3062 3060
f 3061 3063 23
f 24 23 3063
f 2223 3064 3062
f 3064 2223 2224
f 3063 3065 24
f 2224 3066 3064
f 3065 3067 24
f 2224 3068 3066
f 3068 2224 2225
f 3067 3069 24
f 25 24 3069
f 2225 3070 3068
f 3069 3071 25
f 26 25 3071
f 2225 3072 3070
f 3071 3073 26
f 2225 3074 3072
f 3074 2225 2226
f 3073 3075 26
f 27 26 3075
f 2226 3076 3074
f 3075 3077 27
f 2226 3078 3076
f 3077 3079 27
f 28 27 3079
f 2226 3080 3078
f 3079 3081 28
f 29 28 3081
f 2226 3082 3080
f 3082 2226 2227
f 3081 3083 29
f 2227 3084 3082
f 3083 3085 29
f 30 29 3085
f 2227 3086 3084
f 3086 2227 2228
f 3085 3087 30
f 2228 3088 3086
f 3087 3089 30
f 31 30 3089
f 2228 3090 3088
f 3090 2228 2229
f 3089 3091 31
f 32 31 3091
f 2229 3092 3090
f 3091 3093 32
f 33 32 3093
f 2229 3094 3092
f 3094 2229 2230
f 3093 3095 33
f 2230 3096 3094
f 3095 3097 33
f 2230 3098 3096
f 3098 2230 2231
f 3097 3099 33
f 34 33 3099
f 2231 3100 3098
f 3099 3101 34
f 2231 3102 3100
f 3102 2231 2232
f 3101 3103 34
f 2232 3104 3102
f 3103 3105 34
f 35 34 3105
f 2232 3106 3104
f 3106 2232 2233
f 3105 3107 35
f 2233 3108 3106
f 3107 3109 35
f 36 35 3109
f 2233 3110 3108
f 3110 2233 2234
f 3109 3111 36
f 2234 3112 3110
f 3111 3113 36
f 37 36 3113
f 2234 3114 3112
f 3114 2234 2235
f 3113 3115 37
f 2235 3116 3114
f 3115 3117 37
f 38 37 3117
f 2235 3118 3116
f 3118 2235 2236
f 3117 3119 38
f 2236 3120 3118
f 3119 3121 38
f 2236 3122 3120
f 3121 3123 38
f 39 38 3123
f 2236 3124 3122
f 3124 2236 2237
f 3123 3125 39
f 2237 3126 3124
f 3125 3127 39
f 40 39 3127
f 2237 3128 3126
f 3128 2237 2238
f 3127 3129 40
f 2238 3130 3128
f 3129 3131 40
f 41 40 3131
f 2238 3132 3130
f 3131 3133 41
f 2238 3134 3132
f 3133 3135 41
f 42 41 3135
f 2238 3136 3134
f 3135 3137 42
f 2238 3138 3136
f 3138 2238 2239
f 3137 3139 42
f 43 42 3139
f 2239 3140 3138
f 3139 3141 43
f 2239 3142 3140
f 3142 2239 2240
f 3141 3143 43
f 44 43 3143
f 2240 3144 3142
f 3143 3145 44
f 2240 3146 3144
f 3146 2240 2241
f 3145 3147 44
f 45 44 3147
f 2241 3148 3146
f 3148 2241 2242
f 3147 3149 45
f 2242 3150 3148
f 3149 3151 45
f 46 45 3151
f 2242 3152 3150
f 3152 2242 2243
f 3151 3153 46
f 2243 3154 3152
f 3154 2243 2244
f 3153 3155 46
f 2244 3156 3154
f 3156 2244 2245
f 3155 3157 46
f 47 46 3157
f 2245 3158 3156
f 3157 3159 47
f 2245 3160 3158
f 3160 2245 2246
f 3159 3161 47
f 48 47 3161
f 2246 3162 3160
f 3162 2246 2247
f 3161 3163 48
f 2247 3164 3162
f 3163 3165 48
f 49 48 3165
f 2247 3166 3164
f 3166 2247 2248
f 3165 3167 49
f 2248 3168 3166
f 3167 3169 49
f 2248 3170 3168
f 3170 2248 2249
f 3169 3171 49
f 50 49 3171
f 2249 3172 3170
f 3172 2249 2250
f 3171 3173 50
f 51 50 3173
f 2250 3174 3172
f 3173 3175 51
f 2250 3176 3174
f 3176 2250 2251
f 3175 3177 51
f 52 51 3177
f 2251 3178 3176
f 3177 3179 52
f 53 52 3179
f 2251 3180 3178
f 3179 3181 53
f 2251 3182 3180
f 3182 2251 2252
f 3181 3183 53
f 54 53 3183
f 2252 3184 3182
f 3183 3185 54
f 2252 3186 3184
f 3186 2252 2253
f 3185 3187 54
f 55 54 3187
f 2253 3188 3186
f 3188 2253 2254
f 3187 3189 55
f 56 55 3189
f 2254 3190 3188
f 3189 3191 56
f 2254 3192 3190
f 3192 2254 2255
f 3191 3193 56
f 58 56 3193
f 2255 3194 3192
f 3193 3195 58
f 59 58 3195
f 2255 3196 3194
f 3196 2255 2256
f 3195 3197 59
f 2256 3198 3196
f 3198 2256 2257
f 3197 3199 59
f 60 59 3199
f 2257 3200 3198
f 3200 2257 2258
f 3199 3201 60
f 2258 3202 3200
f 3202 2258 2259
f 3201 3203 60
f 61 60 3203
f 2259 3204 3202
f 3203 3205 61
f 62 61 3205
f 2259 3206 3204
f 3206 2259 2260
f 3205 3207 62
f 2260 3208 3206
f 3208 2260 2261
f 3207 3209 62
f 63 62 3209
f 2261 3210 3208
f 3209 3211 63
f 64 63 3211
f 2261 3212 3210
f 3212 2261 2262
f 3211 3213 64
f 65 64 3213
f 2262 3214 3212
f 3213 3215 65
f 2262 3216 3214
f 3216 2262 2263
f 3215 3217 65
f 66 65 3217
f 2263 3218 3216
f 3217 3219 66
f 2263 3220 3218
f 3220 2263 2264
f 3219 3221 66
f 67 66 3221
f 2264 3222 3220
f 3221 3223 67
f 68 67 3223
f 2264 3224 3222
f 3224 2264 2265
f 3223 3225 68
f 2265 3226 3224
f 3226 2265 2266
f 3225 3227 68
f 69 68 3227
f 2266 3228 3226
f 3227 3229 69
f 2266 3230 3228
f 3230 2266 2267
f 3229 3231 69
f 70 69 3231
f 2267 3232 3230
f 3232 2267 2268
f 3231 3233 70
f 71 70 3233
f 2268 3234 3232
f 3233 3235 71
f 2268 3236 3234
f 3236 2268 2269
f 3235 3237 71
f 72 71 3237
f 2269 3238 3236
f 3237 3239 72
f 2269 3240 3238
f 3240 2269 2270
f 3239 3241 72
f 73 72 3241
f 2270 3242 3240
f 3241 3243 73
f 2270 3244 3242
f 3244 2270 2271
f 3243 3245 73
f 74 73 3245
f 2271 3246 3244
f 3245 3247 74
f 75 74 3247
f 2271 3248 3246
f 3247 3249 75
f 2271 3250 3248
f 3249 3251 75
f 76 75 3251
f 2271 3252 3250
f 3252 2271 2272
f 3251 3253 76
f 2272 3254 3252
f 3253 3255 76
f 77 76 3255
f 2272 3256 3254
f 3256 2272 2273
f 3255 3257 77
f 2273 3258 3256
f 3258 2273 2274
f 3257 3259 77
f 78 77 3259
f 2274 3260 3258
f 3259 3261 78
f 2274 3262 3260
f 3262 2274 2275
f 3261 3263 78
f 79 78 3263
f 2275 3264 3262
f 3263 3265 79
f 80 79 3265
f 2275 3266 3264
f 3266 2275 2276
f 3265 3267 80
f 2276 3268 3266
f 3267 3269 80
f 81 80 3269
f 2276 3270 3268
f 3270 2276 2277
f 3269 3271 81
f 2277 3272 3270
f 3271 3273 81
f 82 81 3273
f 2277 3274 3272
f 3274 2277 2278
f 3273 3275 82
f 2278 3276 3274
f 3275 3277 82
f 2278 3278 3276
f 3278 2278 2279
f 3277 3279 82
f 2279 3280 3278
f 3279 3281 82
f 83 82 3281
f 2279 3282 3280
f 3281 3283 83
f 2279 3284 3282
f 3283 3285 83
f 2279 3286 3284
f 3286 2279 2280
f 3285 3287 83
f 2280 3288 3286
f 3287 3289 83
f 2280 3290 3288
f 3290 2280 2281
f 3289 3291 83
f 84 83 3291
f 2281 3292 3290
f 3291 3293 84
f 2281 3294 3292
f 3294 2281 2282
f 3293 3295 84
f 85 84 3295
f 2282 3296 3294
f 3295 3297 85
f 2282 3298 3296
f 3298 2282 2283
f 3297 3299 85
f 86 85 3299
f 2283 3300 3298
f 3299 3301 86
f 87 86 3301
f 2283 3302 3300
f 3302 2283 2284
f 3301 3303 87
f 2284 3304 3302
f 3304 2284 2285
f 3303 3305 87
f 2285 3306 3304
f 3306 2285 2286
f 3305 3307 87
f 2286 3308 3306
f 3308 2286 2287
f 3307 3309 87
f 88 87 3309
f 2287 3310 3308
f 3309 3311 88
f 2287 3312 3310
f 3312 2287 2288
f 3311 3313 88
f 2288 3314 3312
f 3313 3315 88
f 2288 3316 3314
f 3316 2288 2289
f 3315 3317 88
f 2289 3318 3316
f 3317 3319 88
f 89 88 3319
f 2289 3320 3318
f 3320 2289 2290
f 3319 3321 89
f 90 89 3321
f 2290 3322 3320
f 3321 3323 90
f 91 90 3323
f 2290 3324 3322
f 3324 2290 2291
f 3323 3325 91
f 2291 3326 3324
f 3325 3327 91
f 92 91 3327
f 2291 3328 3326
f 3328 2291 2292
f 3327 3329 92
f 2292 3330 3328
f 3329 3331 92
f 93 92 3331
f 2292 3332 3330
f 3332 2292 2293
f 3331 3333 93
f 2293 3334 3332
f 3333 3335 93
f 94 93 3335
f 2293 3336 3334
f 3336 2293 2294
f 3335 3337 94
f 2294 3338 3336
f 3337 3339 94
f 95 94 3339
f 2294 3340 3338
f 3340 2294 2295
f 3339 3341 95
f 2295 3342 3340
f 3341 3343 95
f 2295 3344 3342
f 3344 2295 2296
f 3343 3345 95
f 96 95 3345
f 2296 3346 3344
f 3345 3347 96
f 2296 3348 3346
f 3348 2296 2297
f 3347 3349 96
f 97 96 3349
f 2297 3350 3348
f 3349 3351 97
f 98 97 3351
f 2297 3352 3350
f 3352 2297 2298
f 3351 3353 98
f 99 98 3353
f 2298 3354 3352
f 3354 2298 2299
f 3353 3355 99
f 2299 3356 3354
f 3355 3357 99
f 100 99 3357
f 2299 3358 3356
f 3358 2299 2300
f 3357 3359 100
f 2300 3360 3358
f 3359 3361 100
f 101 100 3361
f 2300 3362 3360
f 3361 3363 101
f 2300 3364 3362
f 3364 2300 2301
f 3363 3365 101
f 2301 3366 3364
f 3365 3367 101
f 102 101 3367
f 2301 3368 3366
f 3367 3369 102
f 2301 3370 3368
f 3370 2301 2302
f 3369 3371 102
f 2302 3372 3370
f 3372 2302 2303
f 3371 3373 102
f 103 102 3373
f 2303 3374 3372
f 3373 3375 103
f 2303 3376 3374
f 3376 2303 2304
f 3375 3377 103
f 104 103 3377
f 2304 3378 3376
f 3378 2304 2305
f 3377 3379 104
f 2305 3380 3378
f 3380 2305 2306
f 3379 3381 104
f 105 104 3381
f 2306 3382 3380
f 3381 3383 105
f 106 105 3383
f 2306 3384 3382
f 3384 2306 2307
f 3383 3385 106
f 2307 3386 3384
f 3385 3387 106
f 107 106 3387
f 2307 3388 3386
f 3388 2307 2308
f 3387 3389 107
f 108 107 3389
f 2308 3390 3388
f 3389 3391 108
f 2308 3392 3390
f 3391 3393 108
f 109 108 3393
f 2308 3394 3392
f 3393 3395 109
f 110 109 3395
f 2308 3396 3394
f 3396 2308 2309
f 3395 3397 110
f 2309 3398 3396
f 3398 2309 2310
f 3397 3399 110
f 111 110 3399
f 2310 3400 3398
f 3399 3401 111
f 2310 3402 3400
f 3402 2310 2311
f 3401 3403 111
f 113 111 3403
f 2311 3404 3402
f 3403 3405 113
f 2311 3406 3404
f 3406 2311 2312
f 3405 3407 113
f 114 113 3407
f 2312 3408 3406
f 3407 3409 114
f 2312 3410 3408
f 3410 2312 2313
f 3409 3411 114
f 2313 3412 3410
f 3411 3413 114
f 2313 3414 3412
f 3414 2313 2314
f 3413 3415 114
f 115 114 3415
f 2314 3416 3414
f 3415 3417 115
f 2314 3418 3416
f 3418 2314 2315
f 3417 3419 115
f 116 115 3419
f 2315 3420 3418
f 3419 3421 116
f 2315 3422 3420
f 3421 3423 116
f 117 116 3423
f 2315 3424 3422
f 3423 3425 117
f 2315 3426 3424
f 3426 2315 2316
f 3425 3427 117
f 118 117 3427
f 2316 3428 3426
f 3427 3429 118
f 2316 3430 3428
f 3430 2316 2317
f 3429 3431 118
f 119 118 3431
f 2317 3432 3430
f 3431 3433 119
f 120 119 3433
f 2317 3434 3432
f 3433 3435 120
f 121 120 3435
f 2317 3436 3434
f 3435 3437 121
f 2317 3438 3436
f 3438 2317 2318
f 3437 3439 121
f 122 121 3439
f 2318 3440 3438
f 3440 2318 2319
f 3439 3441 122
f 2319 3442 3440
f 3441 3443 122
f 123 122 3443
f 2319 3444 3442
f 3444 2319 2320
f 3443 3445 123
f 2320 3446 3444
f 3445 3447 123
f 124 123 3447
f 2320 3448 3446
f 3448 2320 2321
f 3447 3449 124
f 2321 3450 3448
f 3450 2321 2322
f 3449 3451 124
f 2322 3452 3450
f 3451 3453 124
f 125 124 3453
f 2322 3454 3452
f 3454 2322 2323
f 3453 3455 125
f 2323 3456 3454
f 3455 3457 125
f 2323 3458 3456
f 3458 2323 2324
f 3457 3459 125
f 126 125 3459
f 2324 3460 3458
f 3459 3461 126
f 2324 3462 3460
f 3462 2324 2325
f 3461 3463 126
f 2325 3464 3462
f 3463 3465 126
f 2325 3466 3464
f 3466 2325 2326
f 3465 3467 126
f 127 126 3467
f 2326 3468 3466
f 3467 3469 127
f 2326 3470 3468
f 3470 2326 2327
f 3469 3471 127
f 128 127 3471
f 2327 3472 3470
f 3471 3473 128
f 2327 3474 3472
f 3474 2327 2328
f 3473 3475 128
f 2328 3476 3474
f 3475 3477 128
f 129 128 3477
f 2328 3478 3476
f 3478 2328 2329
f 3477 3479 129
f 2329 3480 3478
f 3479 3481 129
f 2329 3482 3480
f 3482 2329 2330
f 3481 3483 129
f 130 129 3483
f 2330 3484 3482
f 3483 3485 130
f 2330 3486 3484
f 3486 2330 2331
f 3485 3487 130
f 131 130 3487
f 2331 3488 3486
f 3487 3489 131
f 2331 3490 3488
f 3489 3491 131
f 2331 3492 3490
f 3492 2331 2332
f 3491 3493 131
f 132 131 3493
f 2332 3494 3492
f 3493 3495 132
f 2332 3496 3494
f 3496 2332 2333
f 3495 3497 132
f 2333 3498 3496
f 3497 3499 132
f 133 132 3499
f 2333 3500 3498
f 3500 2333 2334
f 3499 3501 133
f 2334 3502 3500
f 3502 2334 2335
f 3501 3503 133
f 134 133 3503
f 2335 3504 3502
f 3503 3505 134
f 2335 3506 3504
f 3506 2335 2336
f 3505 3507 134
f 135 134 3507
f 2336 3508 3506
f 3507 3509 135
f 2336 3510 3508
f 3510 2336 2337
f 3509 3511 135
f 136 135 3511
f 2337 3512 3510
f 3511 3513 136
f 2337 3514 3512
f 3514 2337 2338
f 3513 3515 136
f 137 136 3515
f 2338 3516 3514
f 3516 2338 2339
f 3515 3517 137
f 2339 3518 3516
f 3517 3519 137
f 2339 3520 3518
f 3520 2339 2340
f 3519 3521 137
f 138 137 3521
f 2340 3522 3520
f 3521 3523 138
f 2340 3524 3522
f 3524 2340 2341
f 3523 3525 138
f 139 138 3525
f 2341 3526 3524
f 3526 2341 2342
f 3525 3527 139
f 2342 3528 3526
f 3527 3529 139
f 2342 3530 3528
f 3530 2342 2343
f 3529 3531 139
f 140 139 3531
f 2343 3532 3530
f 3531 3533 140
f 2343 3534 3532
f 3534 2343 2344
f 3533 3535 140
f 141 140 3535
f 2344 3536 3534
f 3535 3537 141
f 142 141 3537
f 2344 3538 3536
f 3538 2344 2345
f 3537 3539 142
f 2345 3540 3538
f 3539 3541 142
f 143 142 3541
f 2345 3542 3540
f 3542 2345 2346
f 3541 3543 143
f 2346 3544 3542
f 3544 2346 2347
f 3543 3545 143
f 144 143 3545
f 2347 3546 3544
f 3545 3547 144
f 2347 3548 3546
f 3548 2347 2348
f 3547 3549 144
f 145 144 3549
f 2348 3550 3548
f 3549 3551 145
f 146 145 3551
f 2348 3552 3550
f 3551 3553 146
f 2348 3554 3552
f 3553 3555 146
f 147 146 3555
f 2348 3556 3554
f 3556 2348 2349
f 3555 3557 147
f 2349 3558 3556
f 3558 2349 2350
f 3557 3559 147
f 2350 3560 3558
f 3559 3561 147
f 148 147 3561
f 2350 3562 3560
f 3562 2350 2351
f 3561 3563 148
f 2351 3564 3562
f 3563 3565 148
f 149 148 3565
f 2351 3566 3564
f 3566 2351 2352
f 3565 3567 149
f 2352 3568 3566
f 3567 3569 149
f 2352 3570 3568
f 3570 2352 2353
f 3569 3571 149
f 150 149 3571
f 2353 3572 3570
f 3571 3573 150
f 2353 3574 3572
f 3574 2353 2354
f 3573 3575 150
f 151 150 3575
f 2354 3576 3574
f 3575 3577 151
f 152 151 3577
f 2354 3578 3576
f 3577 3579 152
f 2354 3580 3578
f 3579 3581 152
f 153 152 3581
f 2354 3582 3580
f 3582 2354 2355
f 3581 3583 153
f 2355 3584 3582
f 3583 3585 153
f 154 153 3585
f 2355 3586 3584
f 3586 2355 2356
f 3585 3587 154
f 2356 3588 3586
f 3588 2356 2357
f 3587 3589 154
f 2357 3590 3588
f 3589 3591 154
f 155 154 3591
f 2357 3592 3590
f 3592 2357 2358
f 3591 3593 155
f 2358 3594 3592
f 3593 3595 155
f 156 155 3595
f 2358 3596 3594
f 3596 2358 2359
f 3595 3597 156
f 157 156 3597
f 2359 3598 3596
f 3597 3599 157
f 2359 3600 3598
f 3600 2359 2360
f 3599 3601 157
f 2360 3602 3600
f 3601 3603 157
f 2360 3604 3602
f 3604 2360 2361
f 3603 3605 157
f 158 157 3605
f 2361 3606 3604
f 3605 3607 158
f 2361 3608 3606
f 3608 2361 2362
f 3607 3609 158
f 159 158 3609
f 2362 3610 3608
f 3609 3611 159
f 2362 3612 3610
f 3612 2362 2363
f 3611 3613 159
f 160 159 3613
f 2363 3614 3612
f 3614 2363 2364
f 3613 3615 160
f 2364 3616 3614
f 3615 3617 160
f 2364 3618 3616
f 3618 2364 2365
f 3617 3619 160
f 161 160 3619
f 2365 3620 3618
f 3619 3621 161
f 2365 3622 3620
f 3622 2365 2366
f 3621 3623 161
f 2366 3624 3622
f 3623 3625 161
f 162 161 3625
f 2366 3626 3624
f 3626 2366 2367
f 3625 3627 162
f 2367 3628 3626
f 3628 2367 2368
f 3627 3629 162
f 2368 3630 3628
f 3629 3631 162
f 2368 3632 3630
f 3632 2368 2369
f 3631 3633 162
f 2369 3634 3632
f 3633 3635 162
f 163 162 3635
f 2369 3636 3634
f 3635 3637 163
f 2369 3638 3636
f 3637 3639 163
f 2369 3640 3638
f 3640 2369 2370
f 3639 3641 163
f 2370 3642 3640
f 3641 3643 163
f 164 163 3643
f 2370 3644 3642
f 3644 2370 2371
f 3643 3645 164
f 2371 3646 3644
f 3645 3647 164
f 165 164 3647
f 2371 3648 3646
f 3647 3649 165
f 2371 3650 3648
f 3650 2371 2372
f 3649 3651 165
f 166 165 3651
f 2372 3652 3650
f 3651 3653 166
f 2372 3654 3652
f 3653 3655 166
f 167 166 3655
f 2372 3656 3654
f 3656 2372 2373
f 3655 3657 167
f 2373 3658 3656
f 3657 3659 167
f 2373 3660 3658
f 3660 2373 2374
f 3659 3661 167
f 168 167 3661
f 2374 3662 3660
f 3661 3663 168
f 2374 3664 3662
f 3664 2374 2375
f 3663 3665 168
f 2375 3666 3664
f 3665 3667 168
f 169 168 3667
f 2375 3668 3666
f 3668 2375 2376
f 3667 3669 169
f 170 169 3669
f 2376 3670 3668
f 3669 3671 170
f 2376 3672 3670
f 3672 2376 2377
f 3671 3673 170
f 171 170 3673
f 2377 3674 3672
f 3673 3675 171
f 2377 3676 3674
f 3676 2377 2378
f 3675 3677 171
f 2378 3678 3676
f 3678 2378 2379
f 3677 3679 171
f 2379 3680 3678
f 3679 3681 171
f 172 171 3681
f 2379 3682 3680
f 3682 2379 2380
f 3681 3683 172
f 2380 3684 3682
f 3683 3685 172
f 2380 3686 3684
f 3685 3687 172
f 173 172 3687
f 2380 3688 3686
f 3687 3689 173
f 2380 3690 3688
f 3690 2380 2381
f 3689 3691 173
f 174 173 3691
f 2381 3692 3690
f 3691 3693 174
f 2381 3694 3692
f 3694 2381 2382
f 3693 3695 174
f 2382 3696 3694
f 3695 3697 174
f 2382 3698 3696
f 3697 3699 174
f 175 174 3699
f 2382 3700 3698
f 3699 3701 175
f 176 175 3701
f 2382 3702 3700
f 3702 2382 2383
f 3701 3703 176
f 2383 3704 3702
f 3703 3705 176
f 177 176 3705
f 2383 3706 3704
f 3705 3707 177
f 2383 3708 3706
f 3707 3709 177
f 178 177 3709
f 2383 3710 3708
f 3710 2383 2384
f 3709 3711 178
f 2384 3712 3710
f 3711 3713 178
f 179 178 3713
f 2384 3714 3712
f 3714 2384 2385
f 3713 3715 179
f 2385 3716 3714
f 3715 3717 179
f 2385 3718 3716
f 3718 2385 2386
f 3717 3719 179
f 180 179 3719
f 2386 3720 3718
f 3719 3721 180
f 2386 3722 3720
f 3722 2386 2387
f 3721 3723 180
f 181 180 3723
f 2387 3724 3722
f 3724 2387 2388
f 3723 3725 181
f 2388 3726 3724
f 3725 3727 181
f 2388 3728 3726
f 3728 2388 2389
f 3727 3729 181
f 2389 3730 3728
f 3729 3731 181
f 2389 3732 3730
f 3732 2389 2390
f 3731 3733 181
f 2390 3734 3732
f 3733 3735 181
f 182 181 3735
f 2390 3736 3734
f 3736 2390 2391
f 3735 3737 182
f 2391 3738 3736
f 3737 3739 182
f 183 182 3739
f 2391 3740 3738
f 3740 2391 2392
f 3739 3741 183
f 2392 3742 3740
f 3741 3743 183
f 2392 3744 3742
f 3743 3745 183
f 2392 3746 3744
f 3746 2392 2393
f 3745 3747 183
f 184 183 3747
f 2393 3748 3746
f 3747 3749 184
f 2393 3750 3748
f 3749 3751 184
f 185 184 3751
f 2393 3752 3750
f 3751 3753 185
f 2393 3754 3752
f 3754 2393 2394
f 3753 3755 185
f 2394 3756 3754
f 3755 3757 185
f 186 185 3757
f 2394 3758 3756
f 3758 2394 2395
f 3757 3759 186
f 2395 3760 3758
f 3760 2395 2396
f 3759 3761 186
f 2396 3762 3760
f 3762 2396 2397
f 3761 3763 186
f 187 186 3763
f 2397 3764 3762
f 3764 2397 2398
f 3763 3765 187
f 2398 3766 3764
f 3766 2398 2399
f 3765 3767 187
f 2399 3768 3766
f 3767 3769 187
f 2399 3770 3768
f 3770 2399 2400
f 3769 3771 187
f 188 187 3771
f 2400 3772 3770
f 3771 3773 188
f 189 188 3773
f 2400 3774 3772
f 3774 2400 2401
f 3773 3775 189
f 2401 3776 3774
f 3775 3777 189
f 190 189 3777
f 2401 3778 3776
f 3778 2401 2402
f 3777 3779 190
f 2402 3780 3778
f 3779 3781 190
f 191 190 3781
f 2402 3782 3780
f 3782 2402 2403
f 3781 3783 191
f 2403 3784 3782
f 3783 3785 191
f 192 191 3785
f 2403 3786 3784
f 3786 2403 2404
f 3785 3787 192
f 2404 3788 3786
f 3788 2404 2405
f 3787 3789 192
f 193 192 3789
f 2405 3790 3788
f 3789 3791 193
f 2405 3792 3790
f 3792 2405 2406
f 3791 3793 193
f 194 193 3793
f 2406 3794 3792
f 3793 3795 194
f 2406 3796 3794
f 3796 2406 2407
f 3795 3797 194
f 2407 3798 3796
f 3797 3799 194
f 195 194 3799
f 2407 3800 3798
f 3800 2407 2408
f 3799 3801 195
f 2408 3802 3800
f 3802 2408 2409
f 3801 3803 195
f 196 195 3803
f 2409 3804 3802
f 3803 3805 196
f 2409 3806 3804
f 3806 2409 2410
f 3805 3807 196
f 197 196 3807
f 2410 3808 3806
f 3808 2410 2411
f 3807 3809 197
f 2411 3810 3808
f 3809 3811 197
f 2411 3812 3810
f 3812 2411 2412
f 3811 3813 197
f 198 197 3813
f 2412 3814 3812
f 3814 2412 2413
f 3813 3815 198
f 2413 3816 3814
f 3815 3817 198
f 199 198 3817
f 2413 3818 3816
f 3818 2413 2414
f 3817 3819 199
f 200 199 3819
f 2414 3820 3818
f 3819 3821 200
f 2414 3822 3820
f 3822 2414 2415
f 3821 3823 200
f 201 200 3823
f 2415 3824 3822
f 3823 3825 201
f 2415 3826 3824
f 3826 2415 2416
f 3825 3827 201
f 2416 3828 3826
f 3827 3829 201
f 2416 3830 3828
f 3830 2416 2417
f 3829 3831 201
f 202 201 3831
f 2417 3832 3830
f 3831 3833 202
f 2417 3834 3832
f 3834 2417 2418
f 3833 3835 202
f 203 202 3835
f 2418 3836 3834
f 3836 2418 2419
f 3835 3837 203
f 2419 3838 3836
f 3838 2419 2420
f 3837 3839 203
f 2420 3840 3838
f 3840 2420 2421
f 3839 3841 203
f 2421 3842 3840
f 3842 2421 2422
f 3841 3843 203
f 204 203 3843
f 2422 3844 3842
f 3843 3845 204
f 2422 3846 3844
f 3846 2422 2423
f 3845 3847 204
f 2423 3848 3846
f 3847 3849 204
f 205 204 3849
f 2423 3850 3848
f 3850 2423 2424
f 3849 3851 205
f 2424 3852 3850
f 3851 3853 205
f 206 205 3853
f 2424 3854 3852
f 3854 2424 2425
f 3853 3855 206
f 2425 3856 3854
f 3855 3857 206
f 2425 3858 3856
f 3858 2425 2426
f 3857 3859 206
f 207 206 3859
f 2426 3860 3858
f 3860 2426 2427
f 3859 3861 207
f 2427 3862 3860
f 3861 3863 207
f 208 207 3863
f 2427 3864 3862
f 3864 2427 2428
f 3863 3865 208
f 2428 3866 3864
f 3866 2428 2429
f 3865 3867 208
f 209 208 3867
f 2429 3868 3866
f 3867 3869 209
f 2429 3870 3868
f 3870 2429 2430
f 3869 3871 209
f 210 209 3871
f 2430 3872 3870
f 3871 3873 210
f 2430 3874 3872
f 3874 2430 2431
f 3873 3875 210
f 2431 3876 3874
f 3875 3877 210
f 2431 3878 3876
f 3878 2431 2432
f 3877 3879 210
f 211 210 3879
f 2432 3880 3878
f 3879 3881 211
f 2432 3882 3880
f 3882 2432 2433
f 3881 3883 211
f 212 211 3883
f 2433 3884 3882
f 3883 3885 212
f 2433 3886 3884
f 3886 2433 2434
f 3885 3887 212
f 2434 3888 3886
f 3887 3889 212
f 2434 3890 3888
f 3890 2434 2435
f 3889 3891 212
f 213 212 3891
f 2435 3892 3890
f 3891 3893 213
f 2435 3894 3892
f 3894 2435 2436
f 3893 3895 213
f 214 213 3895
f 2436 3896 3894
f 3895 3897 214
f 2436 3898 3896
f 3898 2436 2437
f 3897 3899 214
f 215 214 3899
f 2437 3900 3898
f 3899 3901 215
f 2437 3902 3900
f 3902 2437 2438
f 3901 3903 215
f 216 215 3903
f 2438 3904 3902
f 3903 3905 216
f 2438 3906 3904
f 3906 2438 2439
f 3905 3907 216
f 217 216 3907
f 2439 3908 3906
f 3907 3909 217
f 2439 3910 3908
f 3910 2439 2440
f 3909 3911 217
f 2440 3912 3910
f 3911 3913 217
f 218 217 3913
f 2440 3914 3912
f 3914 2440 2441
f 3913 3915 218
f 2441 3916 3914
f 3915 3917 218
f 2441 3918 3916
f 3917 3919 218
f 219 218 3919
f 2441 3920 3918
f 3920 2441 2442
f 3919 3921 219
f 2442 3922 3920
f 3921 3923 219
f 220 219 3923
f 2442 3924 3922
f 3924 2442 2443
f 3923 3925 220
f 2443 3926 3924
f 3925 3927 220
f 221 220 3927
f 2443 3928 3926
f 3928 2443 2444
f 3927 3929 221
f 2444 3930 3928
f 3930 2444 2445
f 3929 3931 221
f 222 221 3931
f 2445 3932 3930
f 3932 2445 2446
f 3931 3933 222
f 2446 3934 3932
f 3934 2446 2447
f 3933 3935 222
f 2447 3936 3934
f 3935 3937 222
f 223 222 3937
f 2447 3938 3936
f 3938 2447 2448
f 3937 3939 223
f 2448 3940 3938
f 3940 2448 2449
f 3939 3941 223
f 224 223 3941
f 2449 3942 3940
f 3942 2449 2450
f 3941 3943 224
f 2450 3944 3942
f 3944 2450 2451
f 3943 3945 224
f 2451 3946 3944
f 3946 2451 2452
f 3945 3947 224
f 225 224 3947
f 2452 3948 3946
f 3947 3949 225
f 2452 3950 3948
f 3950 2452 2453
f 3949 3951 225
f 226 225 3951
f 2453 3952 3950
f 3951 3953 226
f 2453 3954 3952
f 3954 2453 2454
f 3953 3955 226
f 2454 3956 3954
f 3955 3957 226
f 2454 3958 3956
f 3958 2454 2455
f 3957 3959 226
f 2455 3960 3958
f 3960 2455 2456
f 3959 3961 226
f 227 226 3961
f 2456 3962 3960
f 3961 3963 227
f 2456 3964 3962
f 3964 2456 2457
f 3963 3965 227
f 2457 3966 3964
f 3965 3967 227
f 2457 3968 3966
f 3968 2457 2458
f 3967 3969 227
f 228 227 3969
f 2458 3970 3968
f 3969 3971 228
f 2458 3972 3970
f 3972 2458 2459
f 3971 3973 228
f 2459 3974 3972
f 3973 3975 228
f 229 228 3975
f 2459 3976 3974
f 3975 3977 229
f 2459 3978 3976
f 3978 2459 2460
f 3977 3979 229
f 230 229 3979
f 2460 3980 3978
f 3979 3981 230
f 2460 3982 3980
f 3982 2460 2461
f 3981 3983 230
f 231 230 3983
f 2461 3984 3982
f 3984 2461 2462
f 3983 3985 231
f 232 231 3985
f 2462 3986 3984
f 3985 3987 232
f 2462 3988 3986
f 3988 2462 2463
f 3987 3989 232
f 233 232 3989
f 2463 3990 3988
f 3989 3991 233
f 2463 3992 3990
f 3992 2463 2464
f 3991 3993 233
f 234 233 3993
f 2464 3994 3992
f 3993 3995 234
f 2464 3996 3994
f 3996 2464 2465
f 3995 3997 234
f 2465 3998 3996
f 3997 3999 234
f 235 234 3999
f 2465 4000 3998
f 4000 2465 2466
f 3999 4001 235
f 2466 4002 4000
f 4001 4003 235
f 2466 4004 4002
f 4004 2466 2467
f 4003 4005 235
f 236 235 4005
f 2467 4006 4004
f 4005 4007 236
f 2467 4008 4006
f 4008 2467 2468
f 4007 4009 236
f 2468 4010 4008
f 4009 4011 236
f 2468 4012 4010
f 4012 2468 2469
f 4011 4013 236
f 237 236 4013
f 2469 4014 4012
f 4013 4015 237
f 2469 4016 4014
f 4016 2469 2470
f 4015 4017 237
f 238 237 4017
f 2470 4018 4016
f 4017 4019 238
f 2470 4020 4018
f 4020 2470 2471
f 4019 4021 238
f 2471 4022 4020
f 4021 4023 238
f 239 238 4023
f 2471 4024 4022
f 4024 2471 2472
f 4023 4025 239
f 2472 4026 4024
f 4026 2472 2473
f 4025 4027 239
f 2473 4028 4026
f 4027 4029 239
f 240 239 4029
f 2473 4030 4028
f 4030 2473 2474
f 4029 4031 240
f 2474 4032 4030
f 4031 4033 240
f 241 240 4033
f 2474 4034 4032
f 4033 4035 241
f 2474 4036 4034
f 4036 2474 2475
f 4035 4037 241
f 242 241 4037
f 2475 4038 4036
f 4037 4039 242
f 2475 4040 4038
f 4040 2475 2476
f 4039 4041 242
f 2476 4042 4040
f 4042 2476 2477
f 4041 4043 242
f 2477 4044 4042
f 4043 4045 242
f 2477 4046 4044
f 4046 2477 2478
f 4045 4047 242
f 243 242 4047
f 2478 4048 4046
f 4047 4049 243
f 2478 4050 4048
f 4050 2478 2479
f 4049 4051 243
f 2479 4052 4050
f 4051 4053 243
f 244 243 4053
f 2479 4054 4052
f 4054 2479 2480
f 4053 4055 244
f 2480 4056 4054
f 4055 4057 244
f 245 244 4057
f 2480 4058 4056
f 4057 4059 245
f 2480 4060 4058
f 4059 4061 245
f 2480 4062 4060
f 4062 2480 2481
f 4061 4063 245
f 2481 4064 4062
f 4063 4065 245
f 2481 4066 4064
f 4066 2481 2482
f 4065 4067 245
f 246 245 4067
f 2482 4068 4066
f 4068 2482 2483
f 4067 4069 246
f 2483 4070 4068
f 4069 4071 246
f 2483 4072 4070
f 4072 2483 2484
f 4071 4073 246
f 2484 4074 4072
f 4073 4075 246
f 247 246 4075
f 2484 4076 4074
f 4076 2484 2485
f 4075 4077 247
f 2485 4078 4076
f 4077 4079 247
f 248 247 4079
f 2485 4080 4078
f 4080 2485 2486
f 4079 4081 248
f 2486 4082 4080
f 4082 2486 2487
f 4081 4083 248
f 2487 4084 4082
f 4084 2487 2488
f 4083 4085 248
f 249 248 4085
f 2488 4086 4084
f 4086 2488 2489
f 4085 4087 249
f 2489 4088 4086
f 4088 2489 2490
f 4087 4089 249
f 2490 4090 4088
f 4090 2490 2491
f 4089 4091 249
f 2491 4092 4090
f 4091 4093 249
f 2491 4094 4092
f 4094 2491 2492
f 4093 4095 249
f 2492 4096 4094
f 4095 4097 249
f 250 249 4097
f 2492 4098 4096
f 4098 2492 2493
f 4097 4099 250
f 2493 4100 4098
f 4099 4101 250
f 251 250 4101
f 2493 4102 4100
f 4102 2493 2494
f 4101 4103 251
f 2494 4104 4102
f 4103 4105 251
f 252 251 4105
f 2494 4106 4104
f 4106 2494 2495
f 4105 4107 252
f 2495 4108 4106
f 4107 4109 252
f 2495 4110 4108
f 4109 4111 252
f 2495 4112 4110
f 4112 2495 2496
f 4111 4113 252
f 253 252 4113
f 2496 4114 4112
f 4113 4115 253
f 2496 4116 4114
f 4115 4117 253
f 2496 4118 4116
f 4118 2496 2497
f 4117 4119 253
f 2497 4120 4118
f 4119 4121 253
f 254 253 4121
f 2497 4122 4120
f 4122 2497 2498
f 4121 4123 254
f 2498 4124 4122
f 4123 4125 254
f 2498 4126 4124
f 4126 2498 2499
f 4125 4127 254
f 255 254 4127
f 2499 4128 4126
f 4128 2499 2500
f 4127 4129 255
f 2500 4130 4128
f 4129 4131 255
f 256 255 4131
f 2500 4132 4130
f 4132 2500 2501
f 4131 4133 256
f 2501 4134 4132
f 4134 2501 2502
f 4133 4135 256
f 2502 4136 4134
f 4136 2502 2503
f 4135 4137 256
f 2503 4138 4136
f 4138 2503 2504
f 4137 4139 256
f 2504 4140 4138
f 4140 2504 2505
f 4139 4141 256
f 257 256 4141
f 2505 4142 4140
f 4142 2505 2506
f 4141 4143 257
f 2506 4144 4142
f 4144 2506 2507
f 4143 4145 257
f 2507 4146 4144
f 4145 4147 257
f 2507 4148 4146
f 4148 2507 2508
f 4147 4149 257
f 258 257 4149
f 2508 4150 4148
f 4150 2508 2509
f 4149 4151 258
f 2509 4152 4150
f 4151 4153 258
f 259 258 4153
f 2509 4154 4152
f 4154 2509 2510
f 4153 4155 259
f 2510 4156 4154
f 4155 4157 259
f 2510 4158 4156
f 4158 2510 2511
f 4157 4159 259
f 2511 4160 4158
f 4160 2511 2512
f 4159 4161 259
f 260 259 4161
f 2512 4162 4160
f 4162 2512 2513
f 4161 4163 260
f 2513 4164 4162
f 4164 2513 2514
f 4163 4165 260
f 2514 4166 4164
f 4166 2514 2515
f 4165 4167 260
f 261 260 4167
f 2515 4168 4166
f 4167 4169 261
f 2515 4170 4168
f 4170 2515 2516
f 4169 4171 261
f 262 261 4171
f 2516 4172 4170
f 4171 4173 262
f 2516 4174 4172
f 4174 2516 2517
f 4173 4175 262
f 2517 4176 4174
f 4176 2517 2518
f 4175 4177 262
f 263 262 4177
f 2518 4178 4176
f 4178 2518 2519
f 4177 4179 263
f 2519 4180 4178
f 4179 4181 263
f 2519 4182 4180
f 4182 2519 2520
f 4181 4183 263
f 2520 4184 4182
f 4183 4185 263
f 264 263 4185
f 2520 4186 4184
f 4186 2520 2521
f 4185 4187 264
f 2521 4188 4186
f 4187 4189 264
f 266 264 4189
f 2521 4190 4188
f 4190 2521 2522
f 4189 4191 266
f 2522 4192 4190
f 4191 4193 266
f 2522 4194 4192
f 4194 2522 2523
f 4193 4195 266
f 267 266 4195
f 2523 4196 4194
f 4196 2523 2524
f 4195 4197 267
f 2524 4198 4196
f 4198 2524 2525
f 4197 4199 267
f 268 267 4199
f 2525 4200 4198
f 4200 2525 2526
f 4199 4201 268
f 2526 4202 4200
f 4202 2526 2527
f 4201 4203 268
f 2527 4204 4202
f 4204 2527 2528
f 4203 4205 268
f 2528 4206 4204
f 4205 4207 268
f 269 268 4207
f 2528 4208 4206
f 4208 2528 2529
f 4207 4209 269
f 2529 4210 4208
f 4210 2529 2530
f 4209 4211 269
f 2530 4212 4210
f 4212 2530 2531
f 4211 4213 269
f 270 269 4213
f 2531 4214 4212
f 4214 2531 2532
f 4213 4215 270
f 271 270 4215
f 2532 4216 4214
f 4216 2532 2533
f 4215 4217 271
f 272 271 4217
f 2533 4218 4216
f 4217 4219 272
f 2533 4220 4218
f 4220 2533 2534
f 4219 4221 272
f 273 272 4221
f 2534 4222 4220
f 4222 2534 2535
f 4221 4223 273
f 2535 4224 4222
f 4223 4225 273
f 274 273 4225
f 2535 4226 4224
f 4226 2535 2536
f 4225 4227 274
f 2536 4228 4226
f 4227 4229 274
f 2536 4230 4228
f 4230 2536 2537
f 4229 4231 274
f 2537 4232 4230
f 4231 4233 274
f 2537 4234 4232
f 4234 2537 2538
f 4233 4235 274
f 2538 4236 4234
f 4235 4237 274
f 275 274 4237
f 2538 4238 4236
f 4238 2538 2539
f 4237 4239 275
f 2539 4240 4238
f 4239 4241 275
f 2539 4242 4240
f 4242 2539 2540
f 4241 4243 275
f 2540 4244 4242
f 4243 4245 275
f 2540 4246 4244
f 4246 2540 2541
f 4245 4247 275
f 2541 4248 4246
f 4248 2541 2542
f 4247 4249 275
f 276 275 4249
f 2542 4250 4248
f 4250 2542 2543
f 4249 4251 276
f 2543 4252 4250
f 4251 4253 276
f 277 276 4253
f 2543 4254 4252
f 4254 2543 2544
f 4253 4255 277
f 2544 4256 4254
f 4255 4257 277
f 2544 4258 4256
f 4258 2544 2545
f 4257 4259 277
f 278 277 4259
f 2545 4260 4258
f 4259 4261 278
f 2545 4262 4260
f 4262 2545 2546
f 4261 4263 278
f 279 278 4263
f 2546 4264 4262
f 4263 4265 279
f 280 279 4265
f 2546 4266 4264
f 4266 2546 2547
f 4265 4267 280
f 2547 4268 4266
f 4267 4269 280
f 281 280 4269
f 2547 4270 4268
f 4269 4271 281
f 2547 4272 4270
f 4272 2547 2548
f 4271 4273 281
f 282 281 4273
f 2548 4274 4272
f 4274 2548 2549
f 4273 4275 282
f 2549 4276 4274
f 4275 4277 282
f 2549 4278 4276
f 4278 2549 2550
f 4277 4279 282
f 283 282 4279
f 2550 4280 4278
f 4279 4281 283
f 2550 4282 4280
f 4282 2550 2551
f 4281 4283 283
f 2551 4284 4282
f 4283 4285 283
f 2551 4286 4284
f 4286 2551 2552
f 4285 4287 283
f 284 283 4287
f 2552 4288 4286
f 4287 4289 284
f 2552 4290 4288
f 4290 2552 2553
f 4289 4291 284
f 285 284 4291
f 2553 4292 4290
f 4292 2553 2554
f 4291 4293 285
f 2554 4294 4292
f 4294 2554 2555
f 4293 4295 285
f 286 285 4295
f 2555 4296 4294
f 4295 4297 286
f 2555 4298 4296
f 4298 2555 2556
f 4297 4299 286
f 287 286 4299
f 2556 4300 4298
f 4300 2556 2557
f 4299 4301 287
f 2557 4302 4300
f 4302 2557 2558
f 4301 4303 287
f 288 287 4303
f 2558 4304 4302
f 4304 2558 2559
f 4303 4305 288
f 2559 4306 4304
f 4305 4307 288
f 289 288 4307
f 2559 4308 4306
f 4308 2559 2560
f 4307 4309 289
f 2560 4310 4308
f 4310 2560 2561
f 4309 4311 289
f 290 289 4311
f 2561 4312 4310
f 4311 4313 290
f 2561 4314 4312
f 4314 2561 2562
f 4313 4315 290
f 291 290 4315
f 2562 4316 4314
f 4316 2562 2563
f 4315 4317 291
f 292 291 4317
f 2563 4318 4316
f 4318 2563 2564
f 4317 4319 292
f 2564 4320 4318
f 4320 2564 2565
f 4319 4321 292
f 293 292 4321
f 2565 4322 4320
f 4321 4323 293
f 2565 4324 4322
f 4324 2565 2566
f 4323 4325 293
f 294 293 4325
f 2566 4326 4324
f 4325 4327 294
f 2566 4328 4326
f 4328 2566 2567
f 4327 4329 294
f 2567 4330 4328
f 4329 4331 294
f 295 294 4331
f 2567 4332 4330
f 4332 2567 2568
f 4331 4333 295
f 2568 4334 4332
f 4333 4335 295
f 2568 4336 4334
f 4336 2568 2569
f 4335 4337 295
f 296 295 4337
f 2569 4338 4336
f 4337 4339 296
f 2569 4340 4338
f 4340 2569 2570
f 4339 4341 296
f 297 296 4341
f 2570 4342 4340
f 4341 4343 297
f 2570 4344 4342
f 4344 2570 2571
f 4343 4345 297
f 298 297 4345
f 2571 4346 4344
f 4345 4347 298
f 2571 4348 4346
f 4348 2571 2572
f 4347 4349 298
f 299 298 4349
f 2572 4350 4348
f 4350 2572 2573
f 4349 4351 299
f 2573 4352 4350
f 4352 2573 2574
f 4351 4353 299
f 300 299 4353
f 2574 4354 4352
f 4354 2574 2575
f 4353 4355 300
f 2575 4356 4354
f 4356 2575 2576
f 4355 4357 300
f 2576 4358 4356
f 4358 2576 2577
f 4357 4359 300
f 301 300 4359
f 2577 4360 4358
f 4360 2577 2578
f 4359 4361 301
f 2578 4362 4360
f 4361 4363 301
f 2578 4364 4362
f 4364 2578 2579
f 4363 4365 301
f 2579 4366 4364
f 4366 2579 2580
f 4365 4367 301
f 302 301 4367
f 2580 4368 4366
f 4367 4369 302
f 2580 4370 4368
f 4370 2580 2581
f 4369 4371 302
f 2581 4372 4370
f 4372 2581 2582
f 4371 4373 302
f 2582 4374 4372
f 4373 4375 302
f 303 302 4375
f 2582 4376 4374
f 4376 2582 2583
f 4375 4377 303
f 2583 4378 4376
f 4377 4379 303
f 2583 4380 4378
f 4380 2583 2584
f 4379 4381 303
f 2584 4382 4380
f 4382 2584 2585
f 4381 4383 303
f 304 303 4383
f 2585 4384 4382
f 4384 2585 2586
f 4383 4385 304
f 2586 4386 4384
f 4386 2586 2587
f 4385 4387 304
f 2587 4388 4386
f 4388 2587 2588
f 4387 4389 304
f 2588 4390 4388
f 4390 2588 2589
f 4389 4391 304
f 305 304 4391
f 2589 4392 4390
f 4392 2589 2590
f 4391 4393 305
f 2590 4394 4392
f 4394 2590 2591
f 4393 4395 305
f 306 305 4395
f 2591 4396 4394
f 4396 2591 2592
f 4395 4397 306
f 2592 4398 4396
f 4398 2592 2593
f 4397 4399 306
f 2593 4400 4398
f 4400 2593 2594
f 4399 4401 306
f 2594 4402 4400
f 4402 2594 2595
f 4401 4403 306
f 307 306 4403
f 2595 4404 4402
f 4404 2595 2596
f 4403 4405 307
f 2596 4406 4404
f 4406 2596 2597
f 4405 4407 307
f 2597 4408 4406
f 4408 2597 2598
f 4407 4409 307
f 2598 4410 4408
f 4410 2598 2599
f 4409 4411 307
f 308 307 4411
f 2599 4412 4410
f 4411 4413 308
f 2599 4414 4412
f 4414 2599 2600
f 4413 4415 308
f 2600 4416 4414
f 4415 4417 308
f 309 308 4417
f 2600 4418 4416
f 4418 2600 2601
f 4417 4419 309
f 2601 4420 4418
f 4420 2601 2602
f 4419 4421 309
f 310 309 4421
f 2602 4422 4420
f 4422 2602 2603
f 4421 4423 310
f 2603 4424 4422
f 4423 4425 310
f 311 310 4425
f 2603 4426 4424
f 4426 2603 2604
f 4425 4427 311
f 2604 4428 4426
f 4428 2604 2605
f 4427 4429 311
f 312 311 4429
f 2605 4430 4428
f 4430 2605 2606
f 4429 4431 312
f 2606 4432 4430
f 4432 2606 2607
f 4431 4433 312
f 313 312 4433
f 2607 4434 4432
f 4434 2607 2608
f 4433 4435 313
f 2608 4436 4434
f 4436 2608 2609
f 4435 4437 313
f 314 313 4437
f 2609 4438 4436
f 4438 2609 2610
f 4437 4439 314
f 2610 4440 4438
f 4440 2610 2611
f 4439 4441 314
f 315 314 4441
f 2611 4442 4440
f 4441 4443 315
f 2611 4444 4442
f 4444 2611 2612
f 4443 4445 315
f 2612 4446 4444
f 4446 2612 2613
f 4445 4447 315
f 316 315 4447
f 2613 4448 4446
f 4448 2613 2614
f 4447 4449 316
f 2614 4450 4448
f 4450 2614 2615
f 4449 4451 316
f 2615 4452 4450
f 4452 2615 2616
f 4451 4453 316
f 2616 4454 4452
f 4454 2616 2617
f 4453 4455 316
f 2617 4456 4454
f 4456 2617 2618
f 4455 4457 316
f 317 316 4457
f 2618 4458 4456
f 4458 2618 2619
f 4457 4459 317
f 2619 4460 4458
f 4460 2619 2620
f 4459 4461 317
f 2620 4462 4460
f 4462 2620 2621
f 4461 4463 317
f 318 317 4463
f 2621 4464 4462
f 4464 2621 2622
f 4463 4465 318
f 2622 4466 4464
f 4465 4467 318
f 319 318 4467
f 2622 4468 4466
f 4468 2622 2623
f 4467 4469 319
f 2623 4470 4468
f 4469 4471 319
f 2623 4472 4470
f 4472 2623 2624
f 4471 4473 319
f 2624 4474 4472
f 4474 2624 2625
f 4473 4475 319
f 2625 4476 4474
f 4476 2625 2626
f 4475 4477 319
f 320 319 4477
f 2626 4478 4476
f 4477 4479 320
f 2626 4480 4478
f 4480 2626 2627
f 4479 4481 320
f 2627 4482 4480
f 4482 2627 2628
f 4481 4483 320
f 2628 4484 4482
f 4483 4485 320
f 321 320 4485
f 2628 4486 4484
f 4486 2628 2629
f 4485 4487 321
f 2629 4488 4486
f 4487 4489 321
f 2629 4490 4488
f 4490 2629 2630
f 4489 4491 321
f 2630 4492 4490
f 4491 4493 321
f 322 321 4493
f 2630 4494 4492
f 4494 2630 2631
f 4493 4495 322
f 323 322 4495
f 2631 4496 4494
f 4495 4497 323
f 324 323 4497
f 2631 4498 4496
f 4498 2631 2632
f 4497 4499 324
f 2632 4500 4498
f 4500 2632 2633
f 4499 4501 324
f 325 324 4501
f 2633 4502 4500
f 4502 2633 2634
f 4501 4503 325
f 2634 4504 4502
f 4504 2634 2635
f 4503 4505 325
f 326 325 4505
f 2635 4506 4504
f 4506 2635 2636
f 4505 4507 326
f 2636 4508 4506
f 4507 4509 326
f 327 326 4509
f 2636 4510 4508
f 4510 2636 2637
f 4509 4511 327
f 2637 4512 4510
f 4512 2637 2638
f 4511 4513 327
f 2638 4514 4512
f 4514 2638 2639
f 4513 4515 327
f 2639 4516 4514
f 4516 2639 2640
f 4515 4517 327
f 2640 4518 4516
f 4518 2640 2641
f 4517 4519 327
f 328 327 4519
f 2641 4520 4518
f 4520 2641 2642
f 4519 4521 328
f 2642 4522 4520
f 4522 2642 2643
f 4521 4523 328
f 2643 4524 4522
f 4524 2643 2644
f 4523 4525 328
f 2644 4526 4524
f 4526 2644 2645
f 4525 4527 328
f 2645 4528 4526
f 4528 2645 2646
f 4527 4529 328
f 329 328 4529
f 2646 4530 4528
f 4530 2646 2647
f 4529 4531 329
f 2647 4532 4530
f 4532 2647 2648
f 4531 4533 329
f 2648 4534 4532
f 4534 2648 2649
f 4533 4535 329
f 330 329 4535
f 2649 4536 4534
f 4536 2649 2650
f 4535 4537 330
f 331 330 4537
f 2650 4538 4536
f 4538 2650 2651
f 4537 4539 331
f 2651 4540 4538
f 4540 2651 2652
f 4539 4541 331
f 332 331 4541
f 2652 4542 4540
f 4542 2652 2653
f 4541 4543 332
f 2653 4544 4542
f 4544 2653 2654
f 4543 4545 332
f 2654 4546 4544
f 4546 2654 2655
f 4545 4547 332
f 333 332 4547
f 2655 4548 4546
f 4548 2655 2656
f 4547 4549 333
f 2656 4550 4548
f 4549 4551 333
f 2656 4552 4550
f 4552 2656 2657
f 4551 4553 333
f 2657 4554 4552
f 4554 2657 2658
f 4553 4555 333
f 334 333 4555
f 2658 4556 4554
f 4556 2658 2659
f 4555 4557 334
f 2659 4558 4556
f 4558 2659 2660
f 4557 4559 334
f 2660 4560 4558
f 4560 2660 2661
f 4559 4561 334
f 2661 4562 4560
f 4561 4563 334
f 2661 4564 4562
f 4564 2661 2662
f 4563 4565 334
f 335 334 4565
f 2662 4566 4564
f 4566 2662 2663
f 4565 4567 335
f 2663 4568 4566
f 4568 2663 2664
f 4567 4569 335
f 2664 4570 4568
f 4570 2664 2665
f 4569 4571 335
f 336 335 4571
f 2665 4572 4570
f 4572 2665 2666
f 4571 4573 336
f 2666 4574 4572
f 4574 2666 2667
f 4573 4575 336
f 2667 4576 4574
f 4576 2667 2668
f 4575 4577 336
f 337 336 4577
f 2668 4578 4576
f 4578 2668 2669
f 4577 4579 337
f 2669 4580 4578
f 4580 2669 2670
f 4579 4581 337
f 2670 4582 4580
f 4582 2670 2671
f 4581 4583 337
f 338 337 4583
f 2671 4584 4582
f 4583 4585 338
f 2671 4586 4584
f 4586 2671 2672
f 4585 4587 338
f 2672 4588 4586
f 4588 2672 2673
f 4587 4589 338
f 2673 4590 4588
f 4590 2673 2674
f 4589 4591 338
f 2674 4592 4590
f 4592 2674 2675
f 4591 4593 338
f 339 338 4593
f 2675 4594 4592
f 4594 2675 2676
f 4593 4595 339
f 2676 4596 4594
f 4596 2676 2677
f 4595 4597 339
f 2677 4598 4596
f 4598 2677 2678
f 4597 4599 339
f 2678 4600 4598
f 4600 2678 2679
f 4599 4601 339
f 340 339 4601
f 2679 4602 4600
f 4602 2679 2680
f 4601 4603 340
f 2680 4604 4602
f 4604 2680 2681
f 4603 4605 340
f 2681 4606 4604
f 4606 2681 2682
f 4605 4607 340
f 341 340 4607
f 2682 4608 4606
f 4608 2682 2683
f 4607 4609 341
f 2683 4610 4608
f 4609 4611 341
f 342 341 4611
f 2683 4612 4610
f 4612 2683 2684
f 4611 4613 342
f 2684 4614 4612
f 4614 2684 2685
f 4613 4615 342
f 2685 4616 4614
f 4616 2685 2686
f 4615 4617 342
f 343 342 4617
f 2686 4618 4616
f 4618 2686 2687
f 4617 4619 343
f 2687 4620 4618
f 4620 2687 2688
f 4619 4621 343
f 344 343 4621
f 2688 4622 4620
f 4622 2688 2689
f 4621 4623 344
f 2689 4624 4622
f 4624 2689 2690
f 4623 4625 344
f 2690 4626 4624
f 4626 2690 2691
f 4625 4627 344
f 345 344 4627
f 2691 4628 4626
f 4628 2691 2692
f 4627 4629 345
f 2692 4630 4628
f 4630 2692 2693
f 4629 4631 345
f 2693 4632 4630
f 4632 2693 2694
f 4631 4633 345
f 346 345 4633
f 2694 4634 4632
f 4634 2694 2695
f 4633 4635 346
f 2695 4636 4634
f 4636 2695 2696
f 4635 4637 346
f 2696 4638 4636
f 4638 2696 2697
f 4637 4639 346
f 2697 4640 4638
f 4640 2697 2698
f 4639 4641 346
f 2698 4642 4640
f 4641 4643 346
f 347 346 4643
f 2698 4644 4642
f 4644 2698 2699
f 4643 4645 347
f 2699 4646 4644
f 4646 2699 2700
f 4645 4647 347
f 2700 4648 4646
f 4648 2700 2701
f 4647 4649 347
f 2701 4650 4648
f 4649 4651 347
f 348 347 4651
f 2701 4652 4650
f 4652 2701 2702
f 4651 4653 348
f 2702 4654 4652
f 4653 4655 348
f 2702 4656 4654
f 4656 2702 2703
f 4655 4657 348
f 2703 4658 4656
f 4657 4659 348
f 2703 4660 4658
f 4660 2703 2704
f 4659 4661 348
f 349 348 4661
f 2704 4662 4660
f 4662 2704 2705
f 4661 4663 349
f 2705 4664 4662
f 4664 2705 2706
f 4663 4665 349
f 350 349 4665
f 2706 4666 4664
f 4666 2706 2707
f 4665 4667 350
f 2707 4668 4666
f 4668 2707 2708
f 4667 4669 350
f 2708 4670 4668
f 4670 2708 2709
f 4669 4671 350
f 351 350 4671
f 2709 4672 4670
f 4672 2709 2710
f 4671 4673 351
f 2710 4674 4672
f 4673 4675 351
f 352 351 4675
f 2710 4676 4674
f 4676 2710 2711
f 4675 4677 352
f 2711 4678 4676
f 4678 2711 2712
f 4677 4679 352
f 2712 4680 4678
f 4680 2712 2713
f 4679 4681 352
f 2713 4682 4680
f 4682 2713 2714
f 4681 4683 352
f 354 352 4683
f 2714 4684 4682
f 4683 4685 354
f 2714 4686 4684
f 4686 2714 2715
f 4685 4687 354
f 2715 4688 4686
f 4688 2715 2716
f 4687 4689 354
f 2716 4690 4688
f 4690 2716 2717
f 4689 4691 354
f 355 354 4691
f 2717 4692 4690
f 4692 2717 2718
f 4691 4693 355
f 2718 4694 4692
f 4694 2718 2719
f 4693 4695 355
f 2719 4696 4694
f 4696 2719 2720
f 4695 4697 355
f 2720 4698 4696
f 4698 2720 2721
f 4697 4699 355
f 356 355 4699
f 2721 4700 4698
f 4700 2721 2722
f 4699 4701 356
f 357 356 4701
f 2722 4702 4700
f 4702 2722 2723
f 4701 4703 357
f 2723 4704 4702
f 4704 2723 2724
f 4703 4705 357
f 358 357 4705
f 2724 4706 4704
f 4706 2724 2725
f 4705 4707 358
f 2725 4708 4706
f 4708 2725 2726
f 4707 4709 358
f 2726 4710 4708
f 4710 2726 2727
f 4709 4711 358
f 359 358 4711
f 2727 4712 4710
f 4712 2727 2728
f 4711 4713 359
f 2728 4714 4712
f 4714 2728 2729
f 4713 4715 359
f 360 359 4715
f 2729 4716 4714
f 4716 2729 2730
f 4715 4717 360
f 2730 4718 4716
f 4718 2730 2731
f 4717 4719 360
f 361 360 4719
f 2731 4720 4718
f 4720 2731 2732
f 4719 4721 361
f 2732 4722 4720
f 4722 2732 2733
f 4721 4723 361
f 362 361 4723
f 2733 4724 4722
f 4724 2733 2734
f 4723 4725 362
f 363 362 4725
f 2734 4726 4724
f 4726 2734 2735
f 4725 4727 363
f 2735 4728 4726
f 4728 2735 2736
f 4727 4729 363
f 364 363 4729
f 2736 4730 4728
f 4730 2736 2737
f 4729 4731 364
f 2737 4732 4730
f 4732 2737 2738
f 4731 4733 364
f 365 364 4733
f 2738 4734 4732
f 4734 2738 2739
f 4733 4735 365
f 2739 4736 4734
f 4736 2739 2740
f 4735 4737 365
f 366 365 4737
f 2740 4738 4736
f 4737 4739 366
f 2740 4740 4738
f 4740 2740 2741
f 4739 4741 366
f 367 366 4741
f 2741 4742 4740
f 4742 2741 2742
f 4741 4743 367
f 2742 4744 4742
f 4744 2742 2743
f 4743 4745 367
f 368 367 4745
f 2743 4746 4744
f 4746 2743 2744
f 4745 4747 368
f 2744 4748 4746
f 4748 2744 2745
f 4747 4749 368
f 2745 4750 4748
f 4750 2745 2746
f 4749 4751 368
f 369 368 4751
f 2746 4752 4750
f 4752 2746 2747
f 4751 4753 369
f 2747 4754 4752
f 4754 2747 2748
f 4753 4755 369
f 2748 4756 4754
f 4755 4757 369
f 370 369 4757
f 2748 4758 4756
f 4758 2748 2749
f 4757 4759 370
f 2749 4760 4758
f 4760 2749 2750
f 4759 4761 370
f 2750 4762 4760
f 4762 2750 2751
f 4761 4763 370
f 2751 4764 4762
f 4764 2751 2752
f 4763 4765 370
f 371 370 4765
f 2752 4766 4764
f 4766 2752 2753
f 4765 4767 371
f 2753 4768 4766
f 4768 2753 2754
f 4767 4769 371
f 2754 4770 4768
f 4770 2754 2755
f 4769 4771 371
f 2755 4772 4770
f 4771 4773 371
f 2755 4774 4772
f 4774 2755 2756
f 4773 4775 371
f 372 371 4775
f 2756 4776 4774
f 4775 4777 372
f 2756 4778 4776
f 4778 2756 2757
f 4777 4779 372
f 2757 4780 4778
f 4780 2757 2758
f 4779 4781 372
f 2758 4782 4780
f 4782 2758 2759
f 4781 4783 372
f 373 372 4783
f 2759 4784 4782
f 4784 2759 2760
f 4783 4785 373
f 2760 4786 4784
f 4786 2760 2761
f 4785 4787 373
f 2761 4788 4786
f 4788 2761 2762
f 4787 4789 373
f 2762 4790 4788
f 4789 4791 373
f 374 373 4791
f 2762 4792 4790
f 4792 2762 2763
f 4791 4793 374
f 2763 4794 4792
f 4794 2763 2764
f 4793 4795 374
f 2764 4796 4794
f 4795 4797 374
f 2764 4798 4796
f 4798 2764 2765
f 4797 4799 374
f 375 374 4799
f 2765 4800 4798
f 4800 2765 2766
f 4799 4801 375
f 2766 4802 4800
f 4802 2766 2767
f 4801 4803 375
f 376 375 4803
f 2767 4804 4802
f 4804 2767 2768
f 4803 4805 376
f 2768 4806 4804
f 4806 2768 2769
f 4805 4807 376
f 2769 4808 4806
f 4808 2769 2770
f 4807 4809 376
f 2770 4810 4808
f 4810 2770 2771
f 4809 4811 376
f 377 376 4811
f 2771 4812 4810
f 4812 2771 2772
f 4811 4813 377
f 2772 4814 4812
f 4814 2772 2773
f 4813 4815 377
f 2773 4816 4814
f 4816 2773 2774
f 4815 4817 377
f 378 377 4817
f 2774 4818 4816
f 4818 2774 2775
f 4817 4819 378
f 2775 4820 4818
f 4820 2775 2776
f 4819 4821 378
f 379 378 4821
f 2776 4822 4820
f 4821 4823 379
f 2776 4824 4822
f 4824 2776 2777
f 4823 4825 379
f 2777 4826 4824
f 4826 2777 2778
f 4825 4827 379
f 2778 4828 4826
f 4828 2778 2779
f 4827 4829 379
f 380 379 4829
f 2779 4830 4828
f 4829 4831 380
f 2779 4832 4830
f 4832 2779 2780
f 4831 4833 380
f 2780 4834 4832
f 4834 2780 2781
f 4833 4835 380
f 381 380 4835
f 2781 4836 4834
f 4836 2781 2782
f 4835 4837 381
f 2782 4838 4836
f 4838 2782 2783
f 4837 4839 381
f 2783 4840 4838
f 4840 2783 2784
f 4839 4841 381
f 2784 4842 4840
f 4841 4843 381
f 2784 4844 4842
f 4844 2784 2785
f 4843 4845 381
f 2785 4846 4844
f 4846 2785 2786
f 4845 4847 381
f 382 381 4847
f 2786 4848 4846
f 4847 4849 382
f 2786 4850 4848
f 4850 2786 2787
f 4849 4851 382
f 383 382 4851
f 2787 4852 4850
f 4852 2787 2788
f 4851 4853 383
f 2788 4854 4852
f 4854 2788 2789
f 4853 4855 383
f 2789 4856 4854
f 4856 2789 2790
f 4855 4857 383
f 384 383 4857
f 2790 4858 4856
f 4858 2790 2791
f 4857 4859 384
f 2791 4860 4858
f 4860 2791 2792
f 4859 4861 384
f 385 384 4861
f 2792 4862 4860
f 4861 4863 385
f 2792 4864 4862
f 4863 4865 385
f 2792 4866 4864
f 4866 2792 2793
f 4865 4867 385
f 386 385 4867
f 2793 4868 4866
f 4867 4869 386
f 2793 4870 4868
f 4870 2793 2794
f 4869 4871 386
f 2794 4872 4870
f 4872 2794 2795
f 4871 4873 386
f 387 386 4873
f 2795 4874 4872
f 4874 2795 2796
f 4873 4875 387
f 2796 4876 4874
f 4876 2796 2797
f 4875 4877 387
f 2797 4878 4876
f 4878 2797 2798
f 4877 4879 387
f 2798 4880 4878
f 4880 2798 2799
f 4879 4881 387
f 2799 4882 4880
f 4882 2799 2800
f 4881 4883 387
f 388 387 4883
f 2800 4884 4882
f 4884 2800 2801
f 4883 4885 388
f 2801 4886 4884
f 4886 2801 2802
f 4885 4887 388
f 2802 4888 4886
f 4888 2802 2803
f 4887 4889 388
f 2803 4890 4888
f 4890 2803 2804
f 4889 4891 388
f 2804 4892 4890
f 4892 2804 2805
f 4891 4893 388
f 2805 4894 4892
f 4893 4895 388
f 389 388 4895
f 2805 4896 4894
f 4896 2805 2806
f 4895 4897 389
f 2806 4898 4896
f 4898 2806 2807
f 4897 4899 389
f 2807 4900 4898
f 4900 2807 2808
f 4899 4901 389
f 2808 4902 4900
f 4902 2808 2809
f 4901 4903 389
f 390 389 4903
f 2809 4904 4902
f 4904 2809 2810
f 4903 4905 390
f 2810 4906 4904
f 4906 2810 2811
f 4905 4907 390
f 2811 4908 4906
f 4907 4909 390
f 2811 4910 4908
f 4910 2811 2812
f 4909 4911 390
f 2812 4912 4910
f 4912 2812 2813
f 4911 4913 390
f 391 390 4913
f 2813 4914 4912
f 4914 2813 2814
f 4913 4915 391
f 2814 4916 4914
f 4916 2814 2815
f 4915 4917 391
f 2815 4918 4916
f 4918 2815 2816
f 4917 4919 391
f 2816 4920 4918
f 4919 4921 391
f 392 391 4921
f 2816 4922 4920
f 4922 2816 2817
f 4921 4923 392
f 2817 4924 4922
f 4924 2817 2818
f 4923 4925 392
f 393 392 4925
f 2818 4926 4924
f 4926 2818 2819
f 4925 4927 393
f 2819 4928 4926
f 4927 4929 393
f 394 393 4929
f 2819 4930 4928
f 4930 2819 2820
f 4929 4931 394
f 2820 4932 4930
f 4932 2820 2821
f 4931 4933 394
f 2821 4934 4932
f 4934 2821 2822
f 4933 4935 394
f 395 394 4935
f 2822 4936 4934
f 4936 2822 2823
f 4935 4937 395
f 2823 4938 4936
f 4938 2823 2824
f 4937 4939 395
f 2824 4940 4938
f 4940 2824 2825
f 4939 4941 395
f 2825 4942 4940
f 4942 2825 2826
f 4941 4943 395
f 396 395 4943
f 2826 4944 4942
f 4944 2826 2827
f 4943 4945 396
f 2827 4946 4944
f 4946 2827 2828
f 4945 4947 396
f 2828 4948 4946
f 4948 2828 2829
f 4947 4949 396
f 397 396 4949
f 2829 4950 4948
f 4949 4951 397
f 2829 4952 4950
f 4952 2829 2830
f 4951 4953 397
f 2830 4954 4952
f 4953 4955 397
f 2830 4956 4954
f 4956 2830 2831
f 4955 4957 397
f 398 397 4957
f 2831 4958 4956
f 4958 2831 2832
f 4957 4959 398
f 2832 4960 4958
f 4960 2832 2833
f 4959 4961 398
f 2833 4962 4960
f 4961 4963 398
f 2833 4964 4962
f 4964 2833 2834
f 4963 4965 398
f 2834 4966 4964
f 4965 4967 398
f 399 398 4967
f 2834 4968 4966
f 4968 2834 2835
f 4967 4969 399
f 2835 4970 4968
f 4970 2835 2836
f 4969 4971 399
f 400 399 4971
f 2836 4972 4970
f 4971 4973 400
f 2836 4974 4972
f 4974 2836 2837
f 4973 4975 400
f 401 400 4975
f 2837 4976 4974
f 4976 2837 2838
f 4975 4977 401
f 2838 4978 4976
f 4978 2838 2839
f 4977 4979 401
f 2839 4980 4978
f 4980 2839 2840
f 4979 4981 401
f 2840 4982 4980
f 4982 2840 2841
f 4981 4983 401
f 2841 4984 4982
f 4984 2841 2842
f 4983 4985 401
f 402 401 4985
f 2842 4986 4984
f 4986 2842 2843
f 4985 4987 402
f 2843 4988 4986
f 4988 2843 2844
f 4987 4989 402
f 403 402 4989
f 2844 4990 4988
f 4990 2844 2845
f 4989 4991 403
f 2845 4992 4990
f 4991 4993 403
f 2845 4994 4992
f 4994 2845 2846
f 4993 4995 403
f 2846 4996 4994
f 4995 4997 403
f 404 403 4997
f 2846 4998 4996
f 4998 2846 2847
f 4997 4999 404
f 2847 5000 4998
f 5000 2847 2848
f 4999 5001 404
f 2848 5002 5000
f 5002 2848 2849
f 5001 5003 404
f 2849 5004 5002
f 5004 2849 2850
f 5003 5005 404
f 2850 5006 5004
f 5006 2850 2851
f 5005 5007 404
f 2851 5008 5006
f 5007 5009 404
f 2851 5010 5008
f 5010 2851 2852
f 5009 5011 404
f 405 404 5011
f 2852 5012 5010
f 5012 2852 2853
f 5011 5013 405
f 2853 5014 5012
f 5013 5015 405
f 2853 5016 5014
f 5016 2853 2854
f 5015 5017 405
f 406 405 5017
f 2854 5018 5016
f 5018 2854 2855
f 5017 5019 406
f 2855 5020 5018
f 5020 2855 2856
f 5019 5021 406
f 2856 5022 5020
f 5022 2856 2857
f 5021 5023 406
f 2857 5024 5022
f 5024 2857 2858
f 5023 5025 406
f 407 406 5025
f 2858 5026 5024
f 5026 2858 2859
f 5025 5027 407
f 2859 5028 5026
f 5027 5029 407
f 2859 5030 5028
f 5030 2859 2860
f 5029 5031 407
f 2860 5032 5030
f 5031 5033 407
f 408 407 5033
f 2860 5034 5032
f 5034 2860 2861
f 5033 5035 408
f 2861 5036 5034
f 5035 5037 408
f 409 408 5037
f 2861 5038 5036
f 5038 2861 2862
f 5037 5039 409
f 2862 5040 5038
f 5039 5041 409
f 2862 5042 5040
f 5042 2862 2863
f 5041 5043 409
f 2863 5044 5042
f 5044 2863 2864
f 5043 5045 409
f 410 409 5045
f 2864 5046 5044
f 5046 2864 2865
f 5045 5047 410
f 2865 5048 5046
f 5047 5049 410
f 411 410 5049
f 2865 5050 5048
f 5050 2865 2866
f 5049 5051 411
f 2866 5052 5050
f 5052 2866 2867
f 5051 5053 411
f 2867 5054 5052
f 5054 2867 2868
f 5053 5055 411
f 412 411 5055
f 2868 5056 5054
f 5055 5057 412
f 2868 5058 5056
f 5058 2868 2869
f 5057 5059 412
f 413 412 5059
f 2869 5060 5058
f 5059 5061 413
f 2869 5062 5060
f 5062 2869 2870
f 5061 5063 413
f 2870 5064 5062
f 5064 2870 2871
f 5063 5065 413
f 414 413 5065
f 2871 5066 5064
f 5065 5067 414
f 2871 5068 5066
f 5068 2871 2872
f 5067 5069 414
f 415 414 5069
f 2872 5070 5068
f 5070 2872 2873
f 5069 5071 415
f 2873 5072 5070
f 5072 2873 2874
f 5071 5073 415
f 2874 5074 5072
f 5074 2874 2875
f 5073 5075 415
f 416 415 5075
f 2875 5076 5074
f 5076 2875 2876
f 5075 5077 416
f 2876 5078 5076
f 5078 2876 2877
f 5077 5079 416
f 417 416 5079
f 2877 5080 5078
f 5080 2877 2878
f 5079 5081 417
f 2878 5082 5080
f 5081 5083 417
f 2878 5084 5082
f 5084 2878 2879
f 5083 5085 417
f 418 417 5085
f 2879 5086 5084
f 5086 2879 2880
f 5085 5087 418
f 2880 5088 5086
f 5087 5089 418
f 419 418 5089
f 2880 5090 5088
f 5090 2880 2881
f 5089 5091 419
f 2881 5092 5090
f 5092 2881 2882
f 5091 5093 419
f 420 419 5093
f 2882 5094 5092
f 5093 5095 420
f 2882 5096 5094
f 5096 2882 2883
f 5095 5097 420
f 421 420 5097
f 2883 5098 5096
f 5097 5099 421
f 2883 5100 5098
f 5099 5101 421
f 422 421 5101
f 2883 5102 5100
f 5101 5103 422
f 2883 5104 5102
f 5103 5105 422
f 423 422 5105
f 2883 5106 5104
f 5106 2883 2884
f 5105 5107 423
f 2884 5108 5106
f 5107 5109 423
f 2884 5110 5108
f 5109 5111 423
f 2884 5112 5110
f 5112 2884 2885
f 5111 5113 423
f 2885 5114 5112
f 5113 5115 423
f 424 423 5115
f 2885 5116 5114
f 5116 2885 2886
f 5115 5117 424
f 2886 5118 5116
f 5118 2886 2887
f 5117 5119 424
f 2887 5120 5118
f 5119 5121 424
f 425 424 5121
f 2887 5122 5120
f 5122 2887 2888
f 5121 5123 425
f 2888 5124 5122
f 5123 5125 425
f 2888 5126 5124
f 5126 2888 2889
f 5125 5127 425
f 2889 5128 5126
f 5128 2889 2890
f 5127 5129 425
f 426 425 5129
f 2890 5130 5128
f 5130 2890 2891
f 5129 5131 426
f 2891 5132 5130
f 5132 2891 2892
f 5131 5133 426
f 2892 5134 5132
f 5134 2892 2893
f 5133 5135 426
f 2893 5136 5134
f 5136 2893 2894
f 5135 5137 426
f 2894 5138 5136
f 5138 2894 2895
f 5137 5139 426
f 427 426 5139
f 2895 5140 5138
f 5139 5141 427
f 2895 5142 5140
f 5142 2895 2896
f 5141 5143 427
f 428 427 5143
f 2896 5144 5142
f 5144 2896 2897
f 5143 5145 428
f 2897 5146 5144
f 5146 2897 2898
f 5145 5147 428
f 429 428 5147
f 2898 5148 5146
f 5148 2898 2899
f 5147 5149 429
f 2899 5150 5148
f 5150 2899 2900
f 5149 5151 429
f 2900 5152 5150
f 5152 2900 2901
f 5151 5153 429
f 430 429 5153
f 2901 5154 5152
f 5154 2901 2902
f 5153 5155 430
f 2902 5156 5154
f 5156 2902 2903
f 5155 5157 430
f 2903 5158 5156
f 5158 2903 2904
f 5157 5159 430
f 2904 5160 5158
f 5160 2904 2905
f 5159 5161 430
f 431 430 5161
f 2905 5162 5160
f 5161 5163 431
f 2905 5164 5162
f 5164 2905 2906
f 5163 5165 431
f 432 431 5165
f 2906 5166 5164
f 5166 2906 2907
f 5165 5167 432
f 2907 5168 5166
f 5168 2907 2908
f 5167 5169 432
f 433 432 5169
f 2908 5170 5168
f 5170 2908 2909
f 5169 5171 433
f 434 433 5171
f 2909 5172 5170
f 5172 2909 2910
f 5171 5173 434
f 2910 5174 5172
f 5174 2910 2911
f 5173 5175 434
f 2911 5176 5174
f 5176 2911 2912
f 5175 5177 434
f 2912 5178 5176
f 5178 2912 2913
f 5177 5179 434
f 435 434 5179
f 2913 5180 5178
f 5180 2913 2914
f 5179 5181 435
f 2914 5182 5180
f 5182 2914 2915
f 5181 5183 435
f 2915 5184 5182
f 5184 2915 2916
f 5183 5185 435
f 2916 5186 5184
f 5186 2916 2917
f 5185 5187 435
f 436 435 5187
f 2917 5188 5186
f 5188 2917 2918
f 5187 5189 436
f 2918 5190 5188
f 5190 2918 2919
f 5189 5191 436
f 2919 5192 5190
f 5191 5193 436
f 2919 5194 5192
f 5194 2919 2920
f 5193 5195 436
f 437 436 5195
f 2920 5196 5194
f 5196 2920 2921
f 5195 5197 437
f 2921 5198 5196
f 5198 2921 2922
f 5197 5199 437
f 2922 5200 5198
f 5200 2922 2923
f 5199 5201 437
f 438 437 5201
f 2923 5202 5200
f 5202 2923 2924
f 5201 5203 438
f 2924 5204 5202
f 5204 2924 2925
f 5203 5205 438
f 2925 5206 5204
f 5206 2925 2926
f 5205 5207 438
f 439 438 5207
f 2926 5208 5206
f 5208 2926 2927
f 5207 5209 439
f 2927 5210 5208
f 5210 2927 2928
f 5209 5211 439
f 440 439 5211
f 2928 5212 5210
f 5211 5213 440
f 2928 5214 5212
f 5213 5215 440
f 2928 5216 5214
f 5216 2928 2929
f 5215 5217 440
f 441 440 5217
f 2929 5218 5216
f 5217 5219 441
f 2929 5220 5218
f 5220 2929 2930
f 5219 5221 441
f 2930 5222 5220
f 5221 5223 441
f 442 441 5223
f 2930 5224 5222
f 5224 2930 2931
f 5223 5225 442
f 2931 5226 5224
f 5225 5227 442
f 443 442 5227
f 2931 5228 5226
f 5228 2931 2932
f 5227 5229 443
f 2932 5230 5228
f 5229 5231 443
f 444 443 5231
f 2932 5232 5230
f 5232 2932 2933
f 5231 5233 444
f 2933 5234 5232
f 5234 2933 2934
f 5233 5235 444
f 2934 5236 5234
f 5236 2934 2935
f 5235 5237 444
f 2935 5238 5236
f 5238 2935 2936
f 5237 5239 444
f 445 444 5239
f 2936 5240 5238
f 5240 2936 2937
f 5239 5241 445
f 2937 5242 5240
f 5241 5243 445
f 446 445 5243
f 2937 5244 5242
f 5244 2937 2938
f 5243 5245 446
f 2938 5246 5244
f 5246 2938 2939
f 5245 5247 446
f 447 446 5247
f 2939 5248 5246
f 5248 2939 2940
f 5247 5249 447
f 2940 5250 5248
f 5249 5251 447
f 2940 5252 5250
f 5252 2940 2941
f 5251 5253 447
f 2941 5254 5252
f 5254 2941 2942
f 5253 5255 447
f 2942 5256 5254
f 5256 2942 2943
f 5255 5257 447
f 448 447 5257
f 2943 5258 5256
f 5258 2943 2944
f 5257 5259 448
f 2944 5260 5258
f 5260 2944 2945
f 5259 5261 448
f 449 448 5261
f 2945 5262 5260
f 5261 5263 449
f 2945 5264 5262
f 5264 2945 2946
f 5263 5265 449
f 450 449 5265
f 2946 5266 5264
f 5265 5267 450
f 2946 5268 5266
f 5268 2946 2947
f 5267 5269 450
f 451 450 5269
f 2947 5270 5268
f 5269 5271 451
f 2947 5272 5270
f 5272 2947 2948
f 5271 5273 451
f 453 451 5273
f 2948 5274 5272
f 5273 5275 453
f 2948 5276 5274
f 5276 2948 2949
f 5275 5277 453
f 2949 5278 5276
f 5278 2949 2950
f 5277 5279 453
f 454 453 5279
f 2950 5280 5278
f 5279 5281 454
f 2950 5282 5280
f 5282 2950 2951
f 5281 5283 454
f 2951 5284 5282
f 5284 2951 2952
f 5283 5285 454
f 455 454 5285
f 2952 5286 5284
f 5285 5287 455
f 2952 5288 5286
f 5288 2952 2953
f 5287 5289 455
f 2953 5290 5288
f 5290 2953 2954
f 5289 5291 455
f 2954 5292 5290
f 5292 2954 2955
f 5291 5293 455
f 2955 5294 5292
f 5294 2955 2956
f 5293 5295 455
f 456 455 5295
f 2956 5296 5294
f 5296 2956 2957
f 5295 5297 456
f 2957 5298 5296
f 5298 2957 2958
f 5297 5299 456
f 2958 5300 5298
f 5300 2958 2959
f 5299 5301 456
f 457 456 5301
f 2959 5302 5300
f 5302 2959 2960
f 5301 5303 457
f 2960 5304 5302
f 5304 2960 2961
f 5303 5305 457
f 458 457 5305
f 2961 5306 5304
f 5306 2961 2962
f 5305 5307 458
f 2962 5308 5306
f 5308 2962 2963
f 5307 5309 458
f 2963 5310 5308
f 5310 2963 2964
f 5309 5311 458
f 2964 5312 5310
f 5311 5313 458
f 459 458 5313
f 2964 5314 5312
f 5314 2964 2965
f 5313 5315 459
f 2965 5316 5314
f 5315 5317 459
f 2965 5318 5316
f 5318 2965 2966
f 5317 5319 459
f 2966 5320 5318
f 5319 5321 459
f 2966 5322 5320
f 5321 5323 459
f 460 459 5323
f 2966 5324 5322
f 5324 2966 2967
f 5323 5325 460
f 2967 5326 5324
f 5325 5327 460
f 2967 5328 5326
f 5328 2967 2968
f 5327 5329 460
f 461 460 5329
f 2968 5330 5328
f 5329 5331 461
f 2968 5332 5330
f 5332 2968 2969
f 5331 5333 461
f 462 461 5333
f 2969 5334 5332
f 5333 5335 462
f 2969 5336 5334
f 5336 2969 2970
f 5335 5337 462
f 463 462 5337
f 2970 5338 5336
f 5337 5339 463
f 2970 5340 5338
f 5340 2970 2971
f 5339 5341 463
f 2971 5342 5340
f 5342 2971 2972
f 5341 5343 463
f 464 463 5343
f 2972 5344 5342
f 5343 5345 464
f 2972 5346 5344
f 5346 2972 2973
f 5345 5347 464
f 2973 5348 5346
f 5348 2973 2974
f 5347 5349 464
f 465 464 5349
f 2974 5350 5348
f 5349 5351 465
f 2974 5352 5350
f 5352 2974 2975
f 5351 5353 465
f 2975 5354 5352
f 5354 2975 2976
f 5353 5355 465
f 2976 5356 5354
f 5356 2976 2977
f 5355 5357 465
f 466 465 5357
f 2977 5358 5356
f 5357 5359 466
f 2977 5360 5358
f 5360 2977 2978
f 5359 5361 466
f 2978 5362 5360
f 5361 5363 466
f 2978 5364 5362
f 5364 2978 2979
f 5363 5365 466
f 467 466 5365
f 2979 5366 5364
f 5366 2979 2980
f 5365 5367 467
f 2980 5368 5366
f 5368 2980 2981
f 5367 5369 467
f 2981 5370 5368
f 5370 2981 2982
f 5369 5371 467
f 2982 5372 5370
f 5372 2982 2983
f 5371 5373 467
f 2983 5374 5372
f 5374 2983 2984
f 5373 5375 467
f 468 467 5375
f 2984 5376 5374
f 5375 5377 468
f 2984 5378 5376
f 5378 2984 2985
f 5377 5379 468
f 2985 5380 5378
f 5379 5381 468
f 2985 5382 5380
f 5382 2985 2986
f 5381 5383 468
f 469 468 5383
f 2986 5384 5382
f 5383 5385 469
f 470 469 5385
f 2986 5386 5384
f 5386 2986 2987
f 5429 1 497
f 488 470 5385
f 5429 497 520
f 512 488 5385
f 5429 520 547
f 5385 5387 512
f 527 512 5387
f 5387 5388 527
f 5388 5389 527
f 529 527 5389
f 5389 5390 529
f 5390 5391 529
f 5391 5392 529
f 530 529 5392
f 5392 5393 530
f 5393 5394 530
f 532 530 5394
f 5394 5395 532
f 5395 5396 532
f 5396 5397 532
f 5397 5398 532
f 535 532 5398
f 5398 5399 535
f 5399 5400 535
f 5400 5401 535
f 5401 5402 535
f 537 535 5402
f 5402 5403 537
f 5403 5404 537
f 538 537 5404
f 5404 5405 538
f 5405 5406 538
f 5406 5407 538
f 5407 5408 538
f 540 538 5408
f 5408 5409 540
f 5409 5410 540
f 541 540 5410
f 5410 5411 541
f 5411 5412 541
f 5412 5413 541
f 5413 5414 541
f 542 541 5414
f 5414 5415 542
f 5415 5416 542
f 5416 5417 542
f 5417 5418 542
f 543 542 5418
f 5418 5419 543
f 5419 5420 543
f 5420 5421 543
f 545 543 5421
f 5421 5422 545
f 5422 5423 545
f 546 545 5423
f 5423 5424 546
f 5424 5425 546
f 5425 5426 546
f 5426 5427 546
f 549 546 5427
f 5427 5428 549
f 5428 5430 549
f 547 5431 5429
f 5431 547 550
f 5430 5432 549
f 550 5433 5431
f 5432 5434 549
f 552 549 5434
f 550 5435 5433
f 5435 550 551
f 5434 5436 552
f 551 5437 5435
f 5437 551 553
f 5436 5438 552
f 553 5439 5437
f 5438 5440 552
f 553 5441 5439
f 5441 553 556
f 5440 5442 552
f 557 552 5442
f 556 5443 5441
f 5442 5444 557
f 556 5445 5443
f 5445 556 558
f 5444 5446 557
f 558 5447 5445
f 5446 5448 557
f 562 557 5448
f 558 5449 5447
f 5449 558 559
f 5448 5450 562
f 563 562 5450
f 559 5451 5449
f 5450 5452 563
f 559 5453 5451
f 5453 559 564
f 5452 5454 563
f 564 5455 5453
f 5454 5456 563
f 564 5457 5455
f 5457 564 566
f 5456 5458 563
f 567 563 5458
f 566 5459 5457
f 5458 5460 567
f 566 5461 5459
f 5460 5462 567
f 569 567 5462
f 566 5463 5461
f 5462 5464 569
f 566 5465 5463
f 5465 566 570
f 5464 5466 569
f 570 5467 5465
f 5466 5468 569
f 571 569 5468
f 570 5469 5467
f 5468 5470 571
f 570 5471 5469
f 5470 5472 571
f 570 5473 5471
f 5473 570 573
f 5472 5474 571
f 573 5475 5473
f 5474 5476 571
f 573 5477 5475
f 5477 573 574
f 5476 5478 571
f 574 5479 5477
f 5478 5480 571
f 577 571 5480
f 574 5481 5479
f 5481 574 575
f 5480 5482 577
f 575 5483 5481
f 5482 5484 577
f 575 5485 5483
f 5485 575 578
f 5484 5486 577
f 579 577 5486
f 578 5487 5485
f 5486 5488 579
f 578 5489 5487
f 5488 5490 579
f 581 579 5490
f 578 5491 5489
f 5490 5492 581
f 578 5493 5491
f 5493 578 582
f 5492 5494 581
f 582 5495 5493
f 5494 5496 581
f 584 581 5496
f 582 5497 5495
f 5496 5498 584
f 582 5499 5497
f 5499 582 585
f 5498 5500 584
f 586 584 5500
f 585 5501 5499
f 5500 5502 586
f 588 586 5502
f 585 5503 5501
f 5503 585 587
f 5502 5504 588
f 587 5505 5503
f 5504 5506 588
f 591 588 5506
f 587 5507 5505
f 5507 587 589
f 5506 5508 591
f 589 5509 5507
f 5508 5510 591
f 593 591 5510
f 589 5511 5509
f 5511 589 592
f 5510 5512 593
f 592 5513 5511
f 5512 5514 593
f 594 593 5514
f 592 5515 5513
f 5514 5516 594
f 596 594 5516
f 592 5517 5515
f 5517 592 595
f 5516 5518 596
f 595 5519 5517
f 5518 5520 596
f 595 5521 5519
f 5521 595 597
f 5520 5522 596
f 597 5523 5521
f 5522 5524 596
f 597 5525 5523
f 5525 597 598
f 5524 5526 596
f 601 596 5526
f 598 5527 5525
f 5527 598 600
f 5526 5528 601
f 600 5529 5527
f 5528 5530 601
f 600 5531 5529
f 5531 600 602
f 5530 5532 601
f 602 5533 5531
f 5533 602 603
f 5532 5534 601
f 605 601 5534
f 603 5535 5533
f 5535 603 604
f 5534 5536 605
f 604 5537 5535
f 5537 604 606
f 5536 5538 605
f 609 605 5538
f 606 5539 5537
f 5538 5540 609
f 606 5541 5539
f 5541 606 610
f 5540 5542 609
f 610 5543 5541
f 5542 5544 609
f 613 609 5544
f 610 5545 5543
f 5545 610 611
f 5544 5546 613
f 611 5547 5545
f 5547 611 614
f 5546 5548 613
f 616 613 5548
f 614 5549 5547
f 5548 5550 616
f 614 5551 5549
f 5551 614 617
f 5550 5552 616
f 617 5553 5551
f 5553 617 620
f 5552 5554 616
f 620 5555 5553
f 5554 5556 616
f 620 5557 5555
f 5557 620 622
f 5556 5558 616
f 622 5559 5557
f 5559 622 623
f 5558 5560 616
f 624 616 5560
f 623 5561 5559
f 5560 5562 624
f 623 5563 5561
f 5563 623 625
f 5562 5564 624
f 625 5565 5563
f 5564 5566 624
f 625 5567 5565
f 5566 5568 624
f 627 624 5568
f 625 5569 5567
f 5569 625 626
f 5568 5570 627
f 626 5571 5569
f 5570 5572 627
f 631 627 5572
f 626 5573 5571
f 5573 626 628
f 5572 5574 631
f 628 5575 5573
f 5574 5576 631
f 628 5577 5575
f 5577 628 632
f 5576 5578 631
f 636 631 5578
f 632 5579 5577
f 5579 632 633
f 5578 5580 636
f 633 5581 5579
f 5581 633 637
f 5580 5582 636
f 637 5583 5581
f 5582 5584 636
f 640 636 5584
f 637 5585 5583
f 5585 637 639
f 5584 5586 640
f 639 5587 5585
f 5586 5588 640
f 641 640 5588
f 639 5589 5587
f 5588 5590 641
f 639 5591 5589
f 5590 5592 641
f 639 5593 5591
f 5593 639 642
f 5592 5594 641
f 642 5595 5593
f 5594 5596 641
f 642 5597 5595
f 5597 642 647
f 5596 5598 641
f 648 641 5598
f 647 5599 5597
f 5598 5600 648
f 647 5601 5599
f 5601 647 649
f 5600 5602 648
f 649 5603 5601
f 5602 5604 648
f 649 5605 5603
f 5605 649 651
f 5604 5606 648
f 653 648 5606
f 651 5607 5605
f 5606 5608 653
f 651 5609 5607
f 5609 651 654
f 5608 5610 653
f 655 653 5610
f 654 5611 5609
f 5610 5612 655
f 654 5613 5611
f 5613 654 656
f 5612 5614 655
f 656 5615 5613
f 5614 5616 655
f 656 5617 5615
f 5617 656 657
f 5616 5618 655
f 660 655 5618
f 657 5619 5617
f 5619 657 658
f 5618 5620 660
f 658 5621 5619
f 5620 5622 660
f 658 5623 5621
f 5623 658 662
f 5622 5624 660
f 664 660 5624
f 662 5625 5623
f 5625 662 663
f 5624 5626 664
f 663 5627 5625
f 5626 5628 664
f 663 5629 5627
f 5629 663 665
f 5628 5630 664
f 665 5631 5629
f 5630 5632 664
f 665 5633 5631
f 5633 665 666
f 5632 5634 664
f 668 664 5634
f 666 5635 5633
f 5634 5636 668
f 666 5637 5635
f 5636 5638 668
f 670 668 5638
f 666 5639 5637
f 5639 666 669
f 5638 5640 670
f 669 5641 5639
f 5640 5642 670
f 669 5643 5641
f 5643 669 672
f 5642 5644 670
f 673 670 5644
f 672 5645 5643
f 5644 5646 673
f 672 5647 5645
f 5646 5648 673
f 678 673 5648
f 672 5649 5647
f 5649 672 675
f 5648 5650 678
f 675 5651 5649
f 5650 5652 678
f 675 5653 5651
f 5653 675 679
f 5652 5654 678
f 682 678 5654
f 679 5655 5653
f 5654 5656 682
f 679 5657 5655
f 5657 679 683
f 5656 5658 682
f 685 682 5658
f 683 5659 5657
f 5659 683 684
f 5658 5660 685
f 684 5661 5659
f 5660 5662 685
f 684 5663 5661
f 5663 684 686
f 5662 5664 685
f 686 5665 5663
f 5664 5666 685
f 689 685 5666
f 686 5667 5665
f 5667 686 687
f 5666 5668 689
f 687 5669 5667
f 5668 5670 689
f 687 5671 5669
f 5671 687 690
f 5670 5672 689
f 690 5673 5671
f 5672 5674 689
f 692 689 5674
f 690 5675 5673
f 5675 690 691
f 5674 5676 692
f 691 5677 5675
f 5676 5678 692
f 695 692 5678
f 691 5679 5677
f 5679 691 694
f 5678 5680 695
f 694 5681 5679
f 5680 5682 695
f 694 5683 5681
f 5683 694 696
f 5682 5684 695
f 696 5685 5683
f 5684 5686 695
f 697 695 5686
f 696 5687 5685
f 5686 5688 697
f 696 5689 5687
f 5689 696 698
f 5688 5690 697
f 698 5691 5689
f 5690 5692 697
f 698 5693 5691
f 5693 698 700
f 5692 5694 697
f 700 5695 5693
f 5694 5696 697
f 704 697 5696
f 700 5697 5695
f 5697 700 703
f 5696 5698 704
f 703 5699 5697
f 5699 703 705
f 5698 5700 704
f 705 5701 5699
f 5700 5702 704
f 705 5703 5701
f 5702 5704 704
f 710 704 5704
f 705 5705 5703
f 5705 705 709
f 5704 5706 710
f 709 5707 5705
f 5706 5708 710
f 709 5709 5707
f 5709 709 711
f 5708 5710 710
f 711 5711 5709
f 5710 5712 710
f 715 710 5712
f 711 5713 5711
f 5712 5714 715
f 711 5715 5713
f 5714 5716 715
f 718 715 5716
f 711 5717 5715
f 5717 711 716
f 5716 5718 718
f 716 5719 5717
f 5718 5720 718
f 716 5721 5719
f 5720 5722 718
f 716 5723 5721
f 5722 5724 718
f 720 718 5724
f 716 5725 5723
f 5724 5726 720
f 716 5727 5725
f 5727 716 721
f 5726 5728 720
f 723 720 5728
f 721 5729 5727
f 5728 5730 723
f 721 5731 5729
f 5730 5732 723
f 726 723 5732
f 721 5733 5731
f 5732 5734 726
f 721 5735 5733
f 5734 5736 726
f 721 5737 5735
f 5737 721 727
f 5736 5738 726
f 729 726 5738
f 727 5739 5737
f 5738 5740 729
f 727 5741 5739
f 5741 727 730
f 5740 5742 729
f 731 729 5742
f 730 5743 5741
f 5742 5744 731
f 730 5745 5743
f 5745 730 732
f 5744 5746 731
f 732 5747 5745
f 5746 5748 731
f 732 5749 5747
f 5748 5750 731
f 735 731 5750
f 732 5751 5749
f 5750 5752 735
f 732 5753 5751
f 5753 732 736
f 5752 5754 735
f 736 5755 5753
f 5754 5756 735
f 739 735 5756
f 736 5757 5755
f 5757 736 738
f 5756 5758 739
f 738 5759 5757
f 5758 5760 739
f 738 5761 5759
f 5760 5762 739
f 738 5763 5761
f 5762 5764 739
f 741 739 5764
f 738 5765 5763
f 5765 738 740
f 5764 5766 741
f 740 5767 5765
f 5766 5768 741
f 743 741 5768
f 740 5769 5767
f 5769 740 742
f 5768 5770 743
f 742 5771 5769
f 5770 5772 743
f 744 743 5772
f 742 5773 5771
f 5772 5774 744
f 742 5775 5773
f 5774 5776 744
f 746 744 5776
f 742 5777 5775
f 5776 5778 746
f 742 5779 5777
f 5779 742 747
f 5778 5780 746
f 748 746 5780
f 747 5781 5779
f 5780 5782 748
f 747 5783 5781
f 5782 5784 748
f 747 5785 5783
f 5785 747 749
f 5784 5786 748
f 749 5787 5785
f 5787 749 750
f 5786 5788 748
f 752 748 5788
f 750 5789 5787
f 5789 750 751
f 5788 5790 752
f 751 5791 5789
f 5790 5792 752
f 754 752 5792
f 751 5793 5791
f 5793 751 753
f 5792 5794 754
f 753 5795 5793
f 5795 753 755
f 5794 5796 754
f 757 754 5796
f 755 5797 5795
f 5796 5798 757
f 755 5799 5797
f 5799 755 758
f 5798 5800 757
f 760 757 5800
f 758 5801 5799
f 5800 5802 760
f 758 5803 5801
f 5803 758 761
f 5802 5804 760
f 761 5805 5803
f 5804 5806 760
f 766 760 5806
f 761 5807 5805
f 5807 761 764
f 5806 5808 766
f 764 5809 5807
f 5809 764 767
f 5808 5810 766
f 767 5811 5809
f 5811 767 768
f 5810 5812 766
f 770 766 5812
f 768 5813 5811
f 5813 768 769
f 5812 5814 770
f 769 5815 5813
f 5815 769 771
f 5814 5816 770
f 771 5817 5815
f 5817 771 772
f 5816 5818 770
f 775 770 5818
f 772 5819 5817
f 5819 772 774
f 5818 5820 775
f 774 5821 5819
f 5820 5822 775
f 774 5823 5821
f 5823 774 776
f 5822 5824 775
f 776 5825 5823
f 5825 776 780
f 5824 5826 775
f 782 775 5826
f 780 5827 5825
f 5827 780 781
f 5826 5828 782
f 781 5829 5827
f 5829 781 783
f 5828 5830 782
f 783 5831 5829
f 5830 5832 782
f 786 782 5832
f 783 5833 5831
f 5833 783 784
f 5832 5834 786
f 784 5835 5833
f 5834 5836 786
f 789 786 5836
f 784 5837 5835
f 5837 784 787
f 5836 5838 789
f 787 5839 5837
f 5839 787 790
f 5838 5840 789
f 794 789 5840
f 790 5841 5839
f 5841 790 791
f 5840 5842 794
f 791 5843 5841
f 5843 791 795
f 5842 5844 794
f 795 5845 5843
f 5844 5846 794
f 800 794 5846
f 795 5847 5845
f 5847 795 798
f 5846 5848 800
f 798 5849 5847
f 5849 798 801
f 5848 5850 800
f 801 5851 5849
f 5851 801 802
f 5850 5852 800
f 802 5853 5851
f 5853 802 803
f 5852 5854 800
f 805 800 5854
f 803 5855 5853
f 5855 803 804
f 5854 5856 805
f 804 5857 5855
f 5857 804 806
f 5856 5858 805
f 806 5859 5857
f 5859 806 807
f 5858 5860 805
f 809 805 5860
f 807 5861 5859
f 5860 5862 809
f 807 5863 5861
f 5863 807 810
f 5862 5864 809
f 810 5865 5863
f 5865 810 814
f 5864 5866 809
f 816 809 5866
f 814 5867 5865
f 5866 5868 816
f 814 5869 5867
f 5869 814 817
f 5868 5870 816
f 821 816 5870
f 817 5871 5869
f 5870 5872 821
f 817 5873 5871
f 5873 817 822
f 5872 5874 821
f 822 5875 5873
f 5874 5876 821
f 824 821 5876
f 822 5877 5875
f 5877 822 823
f 5876 5878 824
f 823 5879 5877
f 5878 5880 824
f 823 5881 5879
f 5881 823 826
f 5880 5882 824
f 829 824 5882
f 826 5883 5881
f 5882 5884 829
f 826 5885 5883
f 5885 826 830
f 5884 5886 829
f 830 5887 5885
f 5886 5888 829
f 830 5889 5887
f 5889 830 831
f 5888 5890 829
f 832 829 5890
f 831 5891 5889
f 5890 5892 832
f 831 5893 5891
f 5892 5894 832
f 833 832 5894
f 831 5895 5893
f 5894 5896 833
f 831 5897 5895
f 5897 831 834
f 5896 5898 833
f 834 5899 5897
f 5899 834 836
f 5898 5900 833
f 836 5901 5899
f 5900 5902 833
f 841 833 5902
f 836 5903 5901
f 5903 836 838
f 5902 5904 841
f 838 5905 5903
f 5904 5906 841
f 844 841 5906
f 838 5907 5905
f 5907 838 843
f 5906 5908 844
f 843 5909 5907
f 5908 5910 844
f 843 5911 5909
f 5911 843 845
f 5910 5912 844
f 847 844 5912
f 845 5913 5911
f 5912 5914 847
f 845 5915 5913
f 5915 845 848
f 5914 5916 847
f 848 5917 5915
f 5916 5918 847
f 848 5919 5917
f 5919 848 850
f 5918 5920 847
f 853 847 5920
f 850 5921 5919
f 5921 850 852
f 5920 5922 853
f 852 5923 5921
f 5922 5924 853
f 856 853 5924
f 852 5925 5923
f 5925 852 854
f 5924 5926 856
f 857 856 5926
f 854 5927 5925
f 5926 5928 857
f 854 5929 5927
f 5929 854 858
f 5928 5930 857
f 860 857 5930
f 858 5931 5929
f 5930 5932 860
f 858 5933 5931
f 5933 858 861
f 5932 5934 860
f 861 5935 5933
f 5934 5936 860
f 861 5937 5935
f 5937 861 862
f 5936 5938 860
f 862 5939 5937
f 5938 5940 860
f 868 860 5940
f 862 5941 5939
f 5941 862 866
f 5940 5942 868
f 866 5943 5941
f 5942 5944 868
f 866 5945 5943
f 5945 866 870
f 5944 5946 868
f 870 5947 5945
f 5946 5948 868
f 870 5949 5947
f 5949 870 871
f 5948 5950 868
f 874 868 5950
f 871 5951 5949
f 5950 5952 874
f 871 5953 5951
f 5953 871 875
f 5952 5954 874
f 876 874 5954
f 875 5955 5953
f 5954 5956 876
f 878 876 5956
f 875 5957 5955
f 5957 875 877
f 5956 5958 878
f 877 5959 5957
f 5958 5960 878
f 877 5961 5959
f 5961 877 879
f 5960 5962 878
f 882 878 5962
f 879 5963 5961
f 5963 879 881
f 5962 5964 882
f 881 5965 5963
f 5965 881 883
f 5964 5966 882
f 885 882 5966
f 883 5967 5965
f 5966 5968 885
f 888 885 5968
f 883 5969 5967
f 5969 883 886
f 5968 5970 888
f 886 5971 5969
f 5970 5972 888
f 886 5973 5971
f 5973 886 890
f 5972 5974 888
f 893 888 5974
f 890 5975 5973
f 5975 890 892
f 5974 5976 893
f 892 5977 5975
f 5976 5978 893
f 892 5979 5977
f 5978 5980 893
f 892 5981 5979
f 5980 5982 893
f 898 893 5982
f 892 5983 5981
f 5983 892 897
f 5982 5984 898
f 897 5985 5983
f 5984 5986 898
f 902 898 5986
f 897 5987 5985
f 5987 897 899
f 5986 5988 902
f 899 5989 5987
f 5988 5990 902
f 899 5991 5989
f 5991 899 903
f 5990 5992 902
f 907 902 5992
f 903 5993 5991
f 5992 5994 907
f 903 5995 5993
f 5995 903 908
f 5994 5996 907
f 908 5997 5995
f 5996 5998 907
f 911 907 5998
f 908 5999 5997
f 5999 908 909
f 5998 6000 911
f 909 6001 5999
f 6001 909 912
f 6000 6002 911
f 912 6003 6001
f 6003 912 913
f 6002 6004 911
f 916 911 6004
f 913 6005 6003
f 6004 6006 916
f 913 6007 6005
f 6007 913 917
f 6006 6008 916
f 917 6009 6007
f 6008 6010 916
f 920 916 6010
f 917 6011 6009
f 6011 917 919
f 6010 6012 920
f 919 6013 6011
f 6012 6014 920
f 922 920 6014
f 919 6015 6013
f 6015 919 921
f 6014 6016 922
f 921 6017 6015
f 6016 6018 922
f 925 922 6018
f 921 6019 6017
f 6019 921 924
f 6018 6020 925
f 924 6021 6019
f 6020 6022 925
f 927 925 6022
f 924 6023 6021
f 6022 6024 927
f 924 6025 6023
f 6025 924 928
f 6024 6026 927
f 932 927 6026
f 928 6027 6025
f 6026 6028 932
f 928 6029 6027
f 6029 928 933
f 6028 6030 932
f 936 932 6030
f 933 6031 6029
f 6030 6032 936
f 933 6033 6031
f 6033 933 937
f 6032 6034 936
f 937 6035 6033
f 6034 6036 936
f 944 936 6036
f 937 6037 6035
f 6037 937 942
f 6036 6038 944
f 942 6039 6037
f 6038 6040 944
f 947 944 6040
f 942 6041 6039
f 6041 942 946
f 6040 6042 947
f 949 947 6042
f 946 6043 6041
f 6042 6044 949
f 951 949 6044
f 946 6045 6043
f 6045 946 950
f 6044 6046 951
f 953 951 6046
f 950 6047 6045
f 6046 6048 953
f 955 953 6048
f 950 6049 6047
f 6049 950 954
f 6048 6050 955
f 954 6051 6049
f 6051 954 956
f 6050 6052 955
f 957 955 6052
f 956 6053 6051
f 6052 6054 957
f 956 6055 6053
f 6055 956 958
f 6054 6056 957
f 960 957 6056
f 958 6057 6055
f 6057 958 959
f 6056 6058 960
f 959 6059 6057
f 6058 6060 960
f 959 6061 6059
f 6061 959 961
f 6060 6062 960
f 961 6063 6061
f 6062 6064 960
f 963 960 6064
f 961 6065 6063
f 6065 961 962
f 6064 6066 963
f 962 6067 6065
f 6067 962 964
f 6066 6068 963
f 964 6069 6067
f 6068 6070 963
f 971 963 6070
f 964 6071 6069
f 6071 964 967
f 6070 6072 971
f 967 6073 6071
f 6073 967 972
f 6072 6074 971
f 972 6075 6073
f 6074 6076 971
f 974 971 6076
f 972 6077 6075
f 6077 972 973
f 6076 6078 974
f 973 6079 6077
f 6078 6080 974
f 977 974 6080
f 973 6081 6079
f 6081 973 976
f 6080 6082 977
f 976 6083 6081
f 6083 976 978
f 6082 6084 977
f 980 977 6084
f 978 6085 6083
f 6085 978 979
f 6084 6086 980
f 979 6087 6085
f 6087 979 981
f 6086 6088 980
f 983 980 6088
f 981 6089 6087
f 6089 981 982
f 6088 6090 983
f 982 6091 6089
f 6090 6092 983
f 986 983 6092
f 982 6093 6091
f 6093 982 985
f 6092 6094 986
f 985 6095 6093
f 6094 6096 986
f 985 6097 6095
f 6097 985 989
f 6096 6098 986
f 989 6099 6097
f 6098 6100 986
f 989 6101 6099
f 6101 989 991
f 6100 6102 986
f 991 6103 6101
f 6103 991 992
f 6102 6104 986
f 993 986 6104
f 992 6105 6103
f 6104 6106 993
f 992 6107 6105
f 6107 992 994
f 6106 6108 993
f 994 6109 6107
f 6108 6110 993
f 997 993 6110
f 994 6111 6109
f 6111 994 995
f 6110 6112 997
f 998 997 6112
f 995 6113 6111
f 6112 6114 998
f 995 6115 6113
f 6115 995 999
f 6114 6116 998
f 1000 998 6116
f 999 6117 6115
f 6116 6118 1000
f 999 6119 6117
f 6119 999 1001
f 6118 6120 1000
f 1003 1000 6120
f 1001 6121 6119
f 6121 1001 1002
f 6120 6122 1003
f 1002 6123 6121
f 6123 1002 1004
f 6122 6124 1003
f 1004 6125 6123
f 6125 1004 1006
f 6124 6126 1003
f 1006 6127 6125
f 6126 6128 1003
f 1006 6129 6127
f 6129 1006 1007
f 6128 6130 1003
f 1007 6131 6129
f 6130 6132 1003
f 1011 1003 6132
f 1007 6133 6131
f 6133 1007 1010
f 6132 6134 1011
f 1010 6135 6133
f 6135 1010 1012
f 6134 6136 1011
f 1012 6137 6135
f 6137 1012 1013
f 6136 6138 1011
f 1013 6139 6137
f 6138 6140 1011
f 1018 1011 6140
f 1013 6141 6139
f 6141 1013 1017
f 6140 6142 1018
f 1017 6143 6141
f 6142 6144 1018
f 1017 6145 6143
f 6145 1017 1019
f 6144 6146 1018
f 1019 6147 6145
f 6146 6148 1018
f 1022 1018 6148
f 1019 6149 6147
f 6149 1019 1021
f 6148 6150 1022
f 1021 6151 6149
f 6151 1021 1023
f 6150 6152 1022
f 1023 6153 6151
f 6152 6154 1022
f 1023 6155 6153
f 6155 1023 1025
f 6154 6156 1022
f 1028 1022 6156
f 1025 6157 6155
f 6156 6158 1028
f 1025 6159 6157
f 6159 1025 1029
f 6158 6160 1028
f 1029 6161 6159
f 6160 6162 1028
f 1029 6163 6161
f 6163 1029 1030
f 6162 6164 1028
f 1033 1028 6164
f 1030 6165 6163
f 6164 6166 1033
f 1030 6167 6165
f 6166 6168 1033
f 1030 6169 6167
f 6169 1030 1034
f 6168 6170 1033
f 1036 1033 6170
f 1034 6171 6169
f 6170 6172 1036
f 1034 6173 6171
f 6173 1034 1037
f 6172 6174 1036
f 1037 6175 6173
f 6175 1037 1038
f 6174 6176 1036
f 1038 6177 6175
f 6176 6178 1036
f 1041 1036 6178
f 1038 6179 6177
f 6179 1038 1040
f 6178 6180 1041
f 1040 6181 6179
f 6181 1040 1042
f 6180 6182 1041
f 1043 1041 6182
f 1042 6183 6181
f 6182 6184 1043
f 1042 6185 6183
f 6185 1042 1044
f 6184 6186 1043
f 1044 6187 6185
f 6186 6188 1043
f 1044 6189 6187
f 6189 1044 1046
f 6188 6190 1043
f 1048 1043 6190
f 1046 6191 6189
f 6190 6192 1048
f 1046 6193 6191
f 6193 1046 1049
f 6192 6194 1048
f 1049 6195 6193
f 6195 1049 1050
f 6194 6196 1048
f 1050 6197 6195
f 6197 1050 1051
f 6196 6198 1048
f 1054 1048 6198
f 1051 6199 6197
f 6198 6200 1054
f 1051 6201 6199
f 6201 1051 1055
f 6200 6202 1054
f 1055 6203 6201
f 6202 6204 1054
f 1055 6205 6203
f 6205 1055 1058
f 6204 6206 1054
f 1065 1054 6206
f 1058 6207 6205
f 6207 1058 1063
f 6206 6208 1065
f 1063 6209 6207
f 6209 1063 1066
f 6208 6210 1065
f 1066 6211 6209
f 6211 1066 1068
f 6210 6212 1065
f 1068 6213 6211
f 6213 1068 1069
f 6212 6214 1065
f 1071 1065 6214
f 1069 6215 6213
f 6215 1069 1070
f 6214 6216 1071
f 1070 6217 6215
f 6217 1070 1072
f 6216 6218 1071
f 1072 6219 6217
f 6219 1072 1073
f 6218 6220 1071
f 1073 6221 6219
f 6221 1073 1074
f 6220 6222 1071
f 1074 6223 6221
f 6222 6224 1071
f 1077 1071 6224
f 1074 6225 6223
f 6225 1074 1076
f 6224 6226 1077
f 1076 6227 6225
f 6227 1076 1078
f 6226 6228 1077
f 1079 1077 6228
f 1078 6229 6227
f 6228 6230 1079
f 1082 1079 6230
f 1078 6231 6229
f 6231 1078 1080
f 6230 6232 1082
f 1080 6233 6231
f 6233 1080 1083
f 6232 6234 1082
f 1085 1082 6234
f 1083 6235 6233
f 6235 1083 1084
f 6234 6236 1085
f 1084 6237 6235
f 6237 1084 1086
f 6236 6238 1085
f 1086 6239 6237
f 6239 1086 1087
f 6238 6240 1085
f 1088 1085 6240
f 1087 6241 6239
f 6240 6242 1088
f 1087 6243 6241
f 6243 1087 1089
f 6242 6244 1088
f 1089 6245 6243
f 6244 6246 1088
f 1089 6247 6245
f 6247 1089 1090
f 6246 6248 1088
f 1092 1088 6248
f 1090 6249 6247
f 6249 1090 1091
f 6248 6250 1092
f 1091 6251 6249
f 6251 1091 1093
f 6250 6252 1092
f 1093 6253 6251
f 6253 1093 1095
f 6252 6254 1092
f 1095 6255 6253
f 6255 1095 1097
f 6254 6256 1092
f 1097 6257 6255
f 6257 1097 1100
f 6256 6258 1092
f 1101 1092 6258
f 1100 6259 6257
f 6258 6260 1101
f 1100 6261 6259
f 6261 1100 1102
f 6260 6262 1101
f 1103 1101 6262
f 1102 6263 6261
f 6262 6264 1103
f 1102 6265 6263
f 6265 1102 1104
f 6264 6266 1103
f 1106 1103 6266
f 1104 6267 6265
f 6266 6268 1106
f 1104 6269 6267
f 6269 1104 1107
f 6268 6270 1106
f 1109 1106 6270
f 1107 6271 6269
f 6271 1107 1108
f 6270 6272 1109
f 1108 6273 6271
f 6272 6274 1109
f 1113 1109 6274
f 1108 6275 6273
f 6275 1108 1111
f 6274 6276 1113
f 1111 6277 6275
f 6276 6278 1113
f 1116 1113 6278
f 1111 6279 6277
f 6279 1111 1114
f 6278 6280 1116
f 1117 1116 6280
f 1114 6281 6279
f 6280 6282 1117
f 1114 6283 6281
f 6283 1114 1118
f 6282 6284 1117
f 1120 1117 6284
f 1118 6285 6283
f 6285 1118 1119
f 6284 6286 1120
f 1119 6287 6285
f 6286 6288 1120
f 1122 1120 6288
f 1119 6289 6287
f 6289 1119 1121
f 6288 6290 1122
f 1121 6291 6289
f 6291 1121 1123
f 6290 6292 1122
f 1126 1122 6292
f 1123 6293 6291
f 6292 6294 1126
f 1123 6295 6293
f 6295 1123 1127
f 6294 6296 1126
f 1132 1126 6296
f 1127 6297 6295
f 6297 1127 1130
f 6296 6298 1132
f 1130 6299 6297
f 6299 1130 1133
f 6298 6300 1132
f 1133 6301 6299
f 6301 1133 1134
f 6300 6302 1132
f 1134 6303 6301
f 6303 1134 1135
f 6302 6304 1132
f 1137 1132 6304
f 1135 6305 6303
f 6305 1135 1136
f 6304 6306 1137
f 1136 6307 6305
f 6307 1136 1138
f 6306 6308 1137
f 1141 1137 6308
f 1138 6309 6307
f 6308 6310 1141
f 1138 6311 6309
f 6311 1138 1142
f 6310 6312 1141
f 1144 1141 6312
f 1142 6313 6311
f 6312 6314 1144
f 1142 6315 6313
f 6315 1142 1145
f 6314 6316 1144
f 1148 1144 6316
f 1145 6317 6315
f 6317 1145 1147
f 6316 6318 1148
f 1147 6319 6317
f 6319 1147 1149
f 6318 6320 1148
f 1149 6321 6319
f 6320 6322 1148
f 1149 6323 6321
f 6323 1149 1150
f 6322 6324 1148
f 1151 1148 6324
f 1150 6325 6323
f 6324 6326 1151
f 1150 6327 6325
f 6327 1150 1152
f 6326 6328 1151
f 1154 1151 6328
f 1152 6329 6327
f 6328 6330 1154
f 1156 1154 6330
f 1152 6331 6329
f 6331 1152 1155
f 6330 6332 1156
f 1159 1156 6332
f 1155 6333 6331
f 6333 1155 1157
f 6332 6334 1159
f 1163 1159 6334
f 1157 6335 6333
f 6335 1157 1160
f 6334 6336 1163
f 1160 6337 6335
f 6337 1160 1164
f 6336 6338 1163
f 1167 1163 6338
f 1164 6339 6337
f 6339 1164 1166
f 6338 6340 1167
f 1166 6341 6339
f 6341 1166 1168
f 6340 6342 1167
f 1170 1167 6342
f 1168 6343 6341
f 6343 1168 1169
f 6342 6344 1170
f 1169 6345 6343
f 6344 6346 1170
f 1172 1170 6346
f 1169 6347 6345
f 6347 1169 1171
f 6346 6348 1172
f 1171 6349 6347
f 6349 1171 1173
f 6348 6350 1172
f 1176 1172 6350
f 1173 6351 6349
f 6351 1173 1174
f 6350 6352 1176
f 1174 6353 6351
f 6353 1174 1177
f 6352 6354 1176
f 1177 6355 6353
f 6355 1177 1178
f 6354 6356 1176
f 1181 1176 6356
f 1178 6357 6355
f 6357 1178 1180
f 6356 6358 1181
f 1180 6359 6357
f 6359 1180 1182
f 6358 6360 1181
f 1185 1181 6360
f 1182 6361 6359
f 6361 1182 1183
f 6360 6362 1185
f 1183 6363 6361
f 6363 1183 1186
f 6362 6364 1185
f 1187 1185 6364
f 1186 6365 6363
f 6364 6366 1187
f 1186 6367 6365
f 6367 1186 1188
f 6366 6368 1187
f 1192 1187 6368
f 1188 6369 6367
f 6368 6370 1192
f 1188 6371 6369
f 6370 6372 1192
f 1188 6373 6371
f 6372 6374 1192
f 1194 1192 6374
f 1188 6375 6373
f 6375 1188 1193
f 6374 6376 1194
f 1193 6377 6375
f 6376 6378 1194
f 1196 1194 6378
f 1193 6379 6377
f 6379 1193 1195
f 6378 6380 1196
f 1195 6381 6379
f 6380 6382 1196
f 1195 6383 6381
f 6383 1195 1197
f 6382 6384 1196
f 1200 1196 6384
f 1197 6385 6383
f 6384 6386 1200
f 1197 6387 6385
f 6387 1197 1201
f 6386 6388 1200
f 1203 1200 6388
f 1201 6389 6387
f 6389 1201 1202
f 6388 6390 1203
f 1202 6391 6389
f 6391 1202 1204
f 6390 6392 1203
f 1204 6393 6391
f 6393 1204 1207
f 6392 6394 1203
f 1209 1203 6394
f 1207 6395 6393
f 6394 6396 1209
f 1207 6397 6395
f 6397 1207 1210
f 6396 6398 1209
f 1210 6399 6397
f 6398 6400 1209
f 1210 6401 6399
f 6401 1210 1212
f 6400 6402 1209
f 1215 1209 6402
f 1212 6403 6401
f 6402 6404 1215
f 1212 6405 6403
f 6405 1212 1216
f 6404 6406 1215
f 1217 1215 6406
f 1216 6407 6405
f 6406 6408 1217
f 1216 6409 6407
f 6409 1216 1218
f 6408 6410 1217
f 1220 1217 6410
f 1218 6411 6409
f 6410 6412 1220
f 1218 6413 6411
f 6413 1218 1221
f 6412 6414 1220
f 1224 1220 6414
f 1221 6415 6413
f 6414 6416 1224
f 1226 1224 6416
f 1221 6417 6415
f 6417 1221 1225
f 6416 6418 1226
f 1225 6419 6417
f 6419 1225 1227
f 6418 6420 1226
f 1229 1226 6420
f 1227 6421 6419
f 6421 1227 1228
f 6420 6422 1229
f 1228 6423 6421
f 6423 1228 1230
f 6422 6424 1229
f 1231 1229 6424
f 1230 6425 6423
f 6424 6426 1231
f 1230 6427 6425
f 6427 1230 1232
f 6426 6428 1231
f 1235 1231 6428
f 1232 6429 6427
f 6429 1232 1233
f 6428 6430 1235
f 1237 1235 6430
f 1233 6431 6429
f 6431 1233 1236
f 6430 6432 1237
f 1239 1237 6432
f 1236 6433 6431
f 6433 1236 1238
f 6432 6434 1239
f 1238 6435 6433
f 6435 1238 1240
f 6434 6436 1239
f 1243 1239 6436
f 1240 6437 6435
f 6437 1240 1242
f 6436 6438 1243
f 1242 6439 6437
f 6439 1242 1244
f 6438 6440 1243
f 1246 1243 6440
f 1244 6441 6439
f 6441 1244 1245
f 6440 6442 1246
f 1245 6443 6441
f 6443 1245 1247
f 6442 6444 1246
f 1248 1246 6444
f 1247 6445 6443
f 6444 6446 1248
f 1247 6447 6445
f 6447 1247 1249
f 6446 6448 1248
f 1255 1248 6448
f 1249 6449 6447
f 6449 1249 1251
f 6448 6450 1255
f 1251 6451 6449
f 6450 6452 1255
f 1257 1255 6452
f 1251 6453 6451
f 6453 1251 1256
f 6452 6454 1257
f 1256 6455 6453
f 6455 1256 1258
f 6454 6456 1257
f 1264 1257 6456
f 1258 6457 6455
f 6457 1258 1263
f 6456 6458 1264
f 1263 6459 6457
f 6459 1263 1265
f 6458 6460 1264
f 1268 1264 6460
f 1265 6461 6459
f 6461 1265 1267
f 6460 6462 1268
f 1270 1268 6462
f 1267 6463 6461
f 6463 1267 1269
f 6462 6464 1270
f 1275 1270 6464
f 1269 6465 6463
f 6465 1269 1271
f 6464 6466 1275
f 1277 1275 6466
f 1271 6467 6465
f 6467 1271 1276
f 6466 6468 1277
f 1276 6469 6467
f 6469 1276 1278
f 6468 6470 1277
f 1283 1277 6470
f 1278 6471 6469
f 6471 1278 1280
f 6470 6472 1283
f 1280 6473 6471
f 6472 6474 1283
f 1287 1283 6474
f 1280 6475 6473
f 6475 1280 1285
f 6474 6476 1287
f 1285 6477 6475
f 6476 6478 1287
f 1285 6479 6477
f 6479 1285 1288
f 6478 6480 1287
f 1291 1287 6480
f 1288 6481 6479
f 6481 1288 1289
f 6480 6482 1291
f 1289 6483 6481
f 6483 1289 1292
f 6482 6484 1291
f 1296 1291 6484
f 1292 6485 6483
f 6485 1292 1294
f 6484 6486 1296
f 1294 6487 6485
f 6486 6488 1296
f 1298 1296 6488
f 1294 6489 6487
f 6489 1294 1297
f 6488 6490 1298
f 1297 6491 6489
f 6491 1297 1299
f 6490 6492 1298
f 1300 1298 6492
f 1299 6493 6491
f 6492 6494 1300
f 1299 6495 6493
f 6495 1299 1301
f 6494 6496 1300
f 1303 1300 6496
f 1301 6497 6495
f 6496 6498 1303
f 1305 1303 6498
f 1301 6499 6497
f 6499 1301 1304
f 6498 6500 1305
f 1306 1305 6500
f 1304 6501 6499
f 6500 6502 1306
f 1309 1306 6502
f 1304 6503 6501
f 6503 1304 1307
f 6502 6504 1309
f 1313 1309 6504
f 1307 6505 6503
f 6505 1307 1310
f 6504 6506 1313
f 1310 6507 6505
f 6507 1310 1314
f 6506 6508 1313
f 1316 1313 6508
f 1314 6509 6507
f 6508 6510 1316
f 1318 1316 6510
f 1314 6511 6509
f 6511 1314 1317
f 6510 6512 1318
f 1317 6513 6511
f 6512 6514 1318
f 1320 1318 6514
f 1317 6515 6513
f 6515 1317 1319
f 6514 6516 1320
f 1319 6517 6515
f 6517 1319 1321
f 6516 6518 1320
f 1325 1320 6518
f 1321 6519 6517
f 6519 1321 1323
f 6518 6520 1325
f 1323 6521 6519
f 6520 6522 1325
f 1323 6523 6521
f 6523 1323 1326
f 6522 6524 1325
f 1326 6525 6523
f 6525 1326 1327
f 6524 6526 1325
f 1330 1325 6526
f 1327 6527 6525
f 6527 1327 1328
f 6526 6528 1330
f 1328 6529 6527
f 6529 1328 1331
f 6528 6530 1330
f 1332 1330 6530
f 1331 6531 6529
f 6530 6532 1332
f 1335 1332 6532
f 1331 6533 6531
f 6533 1331 1333
f 6532 6534 1335
f 1333 6535 6533
f 6534 6536 1335
f 1338 1335 6536
f 1333 6537 6535
f 6536 6538 1338
f 1333 6539 6537
f 6539 1333 1339
f 6538 6540 1338
f 1342 1338 6540
f 1339 6541 6539
f 6540 6542 1342
f 1339 6543 6541
f 6542 6544 1342
f 1343 1342 6544
f 1339 6545 6543
f 6544 6546 1343
f 1339 6547 6545
f 6547 1339 1341
f 6546 6548 1343
f 1345 1343 6548
f 1341 6549 6547
f 6548 6550 1345
f 1341 6551 6549
f 6551 1341 1346
f 6550 6552 1345
f 1347 1345 6552
f 1346 6553 6551
f 6552 6554 1347
f 1346 6555 6553
f 6555 1346 1348
f 6554 6556 1347
f 1349 1347 6556
f 1348 6557 6555
f 6556 6558 1349
f 1348 6559 6557
f 6559 1348 1350
f 6558 6560 1349
f 1350 6561 6559
f 6560 6562 1349
f 1356 1349 6562
f 1350 6563 6561
f 6563 1350 1353
f 6562 6564 1356
f 1353 6565 6563
f 6565 1353 1357
f 6564 6566 1356
f 1360 1356 6566
f 1357 6567 6565
f 6566 6568 1360
f 1357 6569 6567
f 6569 1357 1361
f 6568 6570 1360
f 1362 1360 6570
f 1361 6571 6569
f 6570 6572 1362
f 1361 6573 6571
f 6573 1361 1363
f 6572 6574 1362
f 1365 1362 6574
f 1363 6575 6573
f 6574 6576 1365
f 1366 1365 6576
f 1363 6577 6575
f 6576 6578 1366
f 1368 1366 6578
f 1363 6579 6577
f 6578 6580 1368
f 1363 6581 6579
f 6581 1363 1369
f 6580 6582 1368
f 1369 6583 6581
f 6582 6584 1368
f 1372 1368 6584
f 1369 6585 6583
f 6585 1369 1370
f 6584 6586 1372
f 1370 6587 6585
f 6586 6588 1372
f 1375 1372 6588
f 1370 6589 6587
f 6588 6590 1375
f 1370 6591 6589
f 6591 1370 1376
f 6590 6592 1375
f 1379 1375 6592
f 1376 6593 6591
f 6592 6594 1379
f 1376 6595 6593
f 6594 6596 1379
f 1380 1379 6596
f 1376 6597 6595
f 6596 6598 1380
f 1382 1380 6598
f 1376 6599 6597
f 6599 1376 1381
f 6598 6600 1382
f 1383 1382 6600
f 1381 6601 6599
f 6600 6602 1383
f 1381 6603 6601
f 6603 1381 1384
f 6602 6604 1383
f 1387 1383 6604
f 1384 6605 6603
f 6604 6606 1387
f 1384 6607 6605
f 6607 1384 1388
f 6606 6608 1387
f 1390 1387 6608
f 1388 6609 6607
f 6608 6610 1390
f 1392 1390 6610
f 1388 6611 6609
f 6611 1388 1391
f 6610 6612 1392
f 1393 1392 6612
f 1391 6613 6611
f 6612 6614 1393
f 1391 6615 6613
f 6615 1391 1394
f 6614 6616 1393
f 1396 1393 6616
f 1394 6617 6615
f 6617 1394 1395
f 6616 6618 1396
f 1395 6619 6617
f 6618 6620 1396
f 1398 1396 6620
f 1395 6621 6619
f 6621 1395 1397
f 6620 6622 1398
f 1397 6623 6621
f 6622 6624 1398
f 1397 6625 6623
f 6625 1397 1399
f 6624 6626 1398
f 1399 6627 6625
f 6626 6628 1398
f 1403 1398 6628
f 1399 6629 6627
f 6629 1399 1401
f 6628 6630 1403
f 1401 6631 6629
f 6630 6632 1403
f 1407 1403 6632
f 1401 6633 6631
f 6632 6634 1407
f 1410 1407 6634
f 1401 6635 6633
f 6635 1401 1408
f 6634 6636 1410
f 1413 1410 6636
f 1408 6637 6635
f 6636 6638 1413
f 1415 1413 6638
f 1408 6639 6637
f 6639 1408 1414
f 6638 6640 1415
f 1417 1415 6640
f 1414 6641 6639
f 6640 6642 1417
f 1420 1417 6642
f 1414 6643 6641
f 6643 1414 1418
f 6642 6644 1420
f 1421 1420 6644
f 1418 6645 6643
f 6644 6646 1421
f 1424 1421 6646
f 1418 6647 6645
f 6647 1418 1422
f 6646 6648 1424
f 1427 1424 6648
f 1422 6649 6647
f 6648 6650 1427
f 1422 6651 6649
f 6651 1422 1428
f 6650 6652 1427
f 1431 1427 6652
f 1428 6653 6651
f 6652 6654 1431
f 1428 6655 6653
f 6655 1428 1432
f 6654 6656 1431
f 1435 1431 6656
f 1432 6657 6655
f 6656 6658 1435
f 1437 1435 6658
f 1432 6659 6657
f 6659 1432 1436
f 6658 6660 1437
f 1436 6661 6659
f 6660 6662 1437
f 1439 1437 6662
f 1436 6663 6661
f 6663 1436 1438
f 6662 6664 1439
f 1438 6665 6663
f 6664 6666 1439
f 1438 6667 6665
f 6667 1438 1440
f 6666 6668 1439
f 1441 1439 6668
f 1440 6669 6667
f 6668 6670 1441
f 1440 6671 6669
f 6671 1440 1442
f 6670 6672 1441
f 1442 6673 6671
f 6673 1442 1443
f 6672 6674 1441
f 1446 1441 6674
f 1443 6675 6673
f 6675 1443 1444
f 6674 6676 1446
f 1448 1446 6676
f 1444 6677 6675
f 6676 6678 1448
f 1444 6679 6677
f 6679 1444 1449
f 6678 6680 1448
f 1452 1448 6680
f 1449 6681 6679
f 6680 6682 1452
f 1449 6683 6681
f 6683 1449 1453
f 6682 6684 1452
f 1455 1452 6684
f 1453 6685 6683
f 6684 6686 1455
f 1453 6687 6685
f 6687 1453 1456
f 6686 6688 1455
f 1456 6689 6687
f 6688 6690 1455
f 1456 6691 6689
f 6690 6692 1455
f 1459 1455 6692
f 1456 6693 6691
f 6693 1456 1457
f 6692 6694 1459
f 1460 1459 6694
f 1457 6695 6693
f 6694 6696 1460
f 1457 6697 6695
f 6697 1457 1461
f 6696 6698 1460
f 1462 1460 6698
f 1461 6699 6697
f 6698 6700 1462
f 1461 6701 6699
f 6701 1461 1463
f 6700 6702 1462
f 1465 1462 6702
f 1463 6703 6701
f 6702 6704 1465
f 1463 6705 6703
f 6705 1463 1466
f 6704 6706 1465
f 1466 6707 6705
f 6707 1466 1467
f 6706 6708 1465
f 1467 6709 6707
f 6708 6710 1465
f 1473 1465 6710
f 1467 6711 6709
f 6711 1467 1470
f 6710 6712 1473
f 1470 6713 6711
f 6713 1470 1474
f 6712 6714 1473
f 1477 1473 6714
f 1474 6715 6713
f 6715 1474 1476
f 6714 6716 1477
f 1476 6717 6715
f 6716 6718 1477
f 1476 6719 6717
f 6719 1476 1478
f 6718 6720 1477
f 1478 6721 6719
f 6720 6722 1477
f 1481 1477 6722
f 1478 6723 6721
f 6723 1478 1480
f 6722 6724 1481
f 1484 1481 6724
f 1480 6725 6723
f 6725 1480 1482
f 6724 6726 1484
f 1482 6727 6725
f 6726 6728 1484
f 1487 1484 6728
f 1482 6729 6727
f 6729 1482 1485
f 6728 6730 1487
f 1490 1487 6730
f 1485 6731 6729
f 6731 1485 1488
f 6730 6732 1490
f 1488 6733 6731
f 6732 6734 1490
f 1495 1490 6734
f 1488 6735 6733
f 6735 1488 1493
f 6734 6736 1495
f 1493 6737 6735
f 6736 6738 1495
f 1499 1495 6738
f 1493 6739 6737
f 6739 1493 1498
f 6738 6740 1499
f 1498 6741 6739
f 6740 6742 1499
f 1498 6743 6741
f 6742 6744 1499
f 1502 1499 6744
f 1498 6745 6743
f 6744 6746 1502
f 1498 6747 6745
f 6747 1498 1503
f 6746 6748 1502
f 1505 1502 6748
f 1503 6749 6747
f 6748 6750 1505
f 1508 1505 6750
f 1503 6751 6749
f 6751 1503 1506
f 6750 6752 1508
f 1509 1508 6752
f 1506 6753 6751
f 6752 6754 1509
f 1513 1509 6754
f 1506 6755 6753
f 6755 1506 1510
f 6754 6756 1513
f 1515 1513 6756
f 1510 6757 6755
f 6757 1510 1514
f 6756 6758 1515
f 1518 1515 6758
f 1514 6759 6757
f 6758 6760 1518
f 1514 6761 6759
f 6761 1514 1519
f 6760 6762 1518
f 1522 1518 6762
f 1519 6763 6761
f 6763 1519 1521
f 6762 6764 1522
f 1521 6765 6763
f 6764 6766 1522
f 1521 6767 6765
f 6767 1521 1523
f 6766 6768 1522
f 1523 6769 6767
f 6768 6770 1522
f 1527 1522 6770
f 1523 6771 6769
f 6771 1523 1526
f 6770 6772 1527
f 1526 6773 6771
f 6772 6774 1527
f 1529 1527 6774
f 1526 6775 6773
f 6775 1526 1528
f 6774 6776 1529
f 1528 6777 6775
f 6777 1528 1530
f 6776 6778 1529
f 1530 6779 6777
f 6778 6780 1529
f 1530 6781 6779
f 6781 1530 1532
f 6780 6782 1529
f 1535 1529 6782
f 1532 6783 6781
f 6782 6784 1535
f 1532 6785 6783
f 6785 1532 1536
f 6784 6786 1535
f 1539 1535 6786
f 1536 6787 6785
f 6786 6788 1539
f 1536 6789 6787
f 6788 6790 1539
f 1536 6791 6789
f 6790 6792 1539
f 1542 1539 6792
f 1536 6793 6791
f 6793 1536 1540
f 6792 6794 1542
f 1540 6795 6793
f 6794 6796 1542
f 1543 1542 6796
f 1540 6797 6795
f 6796 6798 1543
f 1540 6799 6797
f 6799 1540 1544
f 6798 6800 1543
f 1546 1543 6800
f 1544 6801 6799
f 6800 6802 1546
f 1548 1546 6802
f 1544 6803 6801
f 6803 1544 1547
f 6802 6804 1548
f 1550 1548 6804
f 1547 6805 6803
f 6804 6806 1550
f 1552 1550 6806
f 1547 6807 6805
f 6807 1547 1551
f 6806 6808 1552
f 1556 1552 6808
f 1551 6809 6807
f 6809 1551 1553
f 6808 6810 1556
f 1559 1556 6810
f 1553 6811 6809
f 6810 6812 1559
f 1561 1559 6812
f 1553 6813 6811
f 6813 1553 1560
f 6812 6814 1561
f 1560 6815 6813
f 6814 6816 1561
f 1560 6817 6815
f 6817 1560 1562
f 6816 6818 1561
f 1562 6819 6817
f 6818 6820 1561
f 1566 1561 6820
f 1562 6821 6819
f 6821 1562 1564
f 6820 6822 1566
f 1564 6823 6821
f 6822 6824 1566
f 1572 1566 6824
f 1564 6825 6823
f 6825 1564 1567
f 6824 6826 1572
f 1567 6827 6825
f 6826 6828 1572
f 1567 6829 6827
f 6829 1567 1574
f 6828 6830 1572
f 1575 1572 6830
f 1574 6831 6829
f 6830 6832 1575
f 1574 6833 6831
f 6832 6834 1575
f 1577 1575 6834
f 1574 6835 6833
f 6835 1574 1576
f 6834 6836 1577
f 1576 6837 6835
f 6836 6838 1577
f 1580 1577 6838
f 1576 6839 6837
f 6839 1576 1578
f 6838 6840 1580
f 1578 6841 6839
f 6840 6842 1580
f 1578 6843 6841
f 6843 1578 1582
f 6842 6844 1580
f 1582 6845 6843
f 6844 6846 1580
f 1585 1580 6846
f 1582 6847 6845
f 6847 1582 1583
f 6846 6848 1585
f 1583 6849 6847
f 6848 6850 1585
f 1583 6851 6849
f 6851 1583 1586
f 6850 6852 1585
f 1586 6853 6851
f 6852 6854 1585
f 1586 6855 6853
f 6855 1586 1587
f 6854 6856 1585
f 1587 6857 6855
f 6856 6858 1585
f 1592 1585 6858
f 1587 6859 6857
f 6859 1587 1590
f 6858 6860 1592
f 1590 6861 6859
f 6860 6862 1592
f 1596 1592 6862
f 1590 6863 6861
f 6863 1590 1594
f 6862 6864 1596
f 1594 6865 6863
f 6864 6866 1596
f 1598 1596 6866
f 1594 6867 6865
f 6867 1594 1597
f 6866 6868 1598
f 1597 6869 6867
f 6868 6870 1598
f 1601 1598 6870
f 1597 6871 6869
f 6871 1597 1599
f 6870 6872 1601
f 1599 6873 6871
f 6872 6874 1601
f 1603 1601 6874
f 1599 6875 6873
f 6875 1599 1602
f 6874 6876 1603
f 1607 1603 6876
f 1602 6877 6875
f 6877 1602 1604
f 6876 6878 1607
f 1609 1607 6878
f 1604 6879 6877
f 6878 6880 1609
f 1612 1609 6880
f 1604 6881 6879
f 6881 1604 1610
f 6880 6882 1612
f 1613 1612 6882
f 1610 6883 6881
f 6882 6884 1613
f 1610 6885 6883
f 6885 1610 1614
f 6884 6886 1613
f 1615 1613 6886
f 1614 6887 6885
f 6886 6888 1615
f 1614 6889 6887
f 6889 1614 1616
f 6888 6890 1615
f 1618 1615 6890
f 1616 6891 6889
f 6890 6892 1618
f 1621 1618 6892
f 1616 6893 6891
f 6892 6894 1621
f 1616 6895 6893
f 6895 1616 1622
f 6894 6896 1621
f 1624 1621 6896
f 1622 6897 6895
f 6896 6898 1624
f 1627 1624 6898
f 1622 6899 6897
f 6899 1622 1625
f 6898 6900 1627
f 1629 1627 6900
f 1625 6901 6899
f 6900 6902 1629
f 1631 1629 6902
f 1625 6903 6901
f 6902 6904 1631
f 1633 1631 6904
f 1625 6905 6903
f 6905 1625 1632
f 6904 6906 1633
f 1635 1633 6906
f 1632 6907 6905
f 6906 6908 1635
f 1638 1635 6908
f 1632 6909 6907
f 6909 1632 1636
f 6908 6910 1638
f 1639 1638 6910
f 1636 6911 6909
f 6910 6912 1639
f 1636 6913 6911
f 6912 6914 1639
f 1641 1639 6914
f 1636 6915 6913
f 6914 6916 1641
f 1643 1641 6916
f 1636 6917 6915
f 6917 1636 1642
f 6916 6918 1643
f 1644 1643 6918
f 1642 6919 6917
f 6918 6920 1644
f 1647 1644 6920
f 1642 6921 6919
f 6921 1642 1645
f 6920 6922 1647
f 1649 1647 6922
f 1645 6923 6921
f 6922 6924 1649
f 1651 1649 6924
f 1645 6925 6923
f 6925 1645 1650
f 6924 6926 1651
f 1653 1651 6926
f 1650 6927 6925
f 6926 6928 1653
f 1650 6929 6927
f 6929 1650 1654
f 6928 6930 1653
f 1659 1653 6930
f 1654 6931 6929
f 6930 6932 1659
f 1654 6933 6931
f 6932 6934 1659
f 1654 6935 6933
f 6935 1654 1661
f 6934 6936 1659
f 1663 1659 6936
f 1661 6937 6935
f 6936 6938 1663
f 1661 6939 6937
f 6939 1661 1664
f 6938 6940 1663
f 1664 6941 6939
f 6940 6942 1663
f 1665 1663 6942
f 1664 6943 6941
f 6942 6944 1665
f 1664 6945 6943
f 6945 1664 1666
f 6944 6946 1665
f 1669 1665 6946
f 1666 6947 6945
f 6947 1666 1668
f 6946 6948 1669
f 1668 6949 6947
f 6948 6950 1669
f 1671 1669 6950
f 1668 6951 6949
f 6950 6952 1671
f 1668 6953 6951
f 6952 6954 1671
f 1668 6955 6953
f 6955 1668 1672
f 6954 6956 1671
f 1675 1671 6956
f 1672 6957 6955
f 6956 6958 1675
f 1672 6959 6957
f 6958 6960 1675
f 1678 1675 6960
f 1672 6961 6959
f 6960 6962 1678
f 1672 6963 6961
f 6963 1672 1679
f 6962 6964 1678
f 1680 1678 6964
f 1679 6965 6963
f 6964 6966 1680
f 1679 6967 6965
f 6966 6968 1680
f 1681 1680 6968
f 1679 6969 6967
f 6968 6970 1681
f 1679 6971 6969
f 6971 1679 1682
f 6970 6972 1681
f 1685 1681 6972
f 1682 6973 6971
f 6972 6974 1685
f 1682 6975 6973
f 6975 1682 1686
f 6974 6976 1685
f 1687 1685 6976
f 1686 6977 6975
f 6976 6978 1687
f 1688 1687 6978
f 1686 6979 6977
f 6978 6980 1688
f 1690 1688 6980
f 1686 6981 6979
f 6980 6982 1690
f 1692 1690 6982
f 1686 6983 6981
f 6983 1686 1691
f 6982 6984 1692
f 1691 6985 6983
f 6984 6986 1692
f 1694 1692 6986
f 1691 6987 6985
f 6986 6988 1694
f 1695 1694 6988
f 1691 6989 6987
f 6988 6990 1695
f 1691 6991 6989
f 6991 1691 1696
f 6990 6992 1695
f 1698 1695 6992
f 1696 6993 6991
f 6992 6994 1698
f 1700 1698 6994
f 1696 6995 6993
f 6995 1696 1699
f 6994 6996 1700
f 1699 6997 6995
f 6996 6998 1700
f 1703 1700 6998
f 1699 6999 6997
f 6999 1699 1702
f 6998 7000 1703
f 1702 7001 6999
f 7000 7002 1703
f 1706 1703 7002
f 1702 7003 7001
f 7003 1702 1704
f 7002 7004 1706
f 1709 1706 7004
f 1704 7005 7003
f 7004 7006 1709
f 1704 7007 7005
f 7007 1704 1710
f 7006 7008 1709
f 1712 1709 7008
f 1710 7009 7007
f 7008 7010 1712
f 1710 7011 7009
f 7011 1710 1713
f 7010 7012 1712
f 1713 7013 7011
f 7012 7014 1712
f 1718 1712 7014
f 1713 7015 7013
f 7015 1713 1715
f 7014 7016 1718
f 1715 7017 7015
f 7016 7018 1718
f 1722 1718 7018
f 1715 7019 7017
f 7019 1715 1721
f 7018 7020 1722
f 1721 7021 7019
f 7021 1721 1723
f 7020 7022 1722
f 1726 1722 7022
f 1723 7023 7021
f 7023 1723 1724
f 7022 7024 1726
f 1724 7025 7023
f 7025 1724 1727
f 7024 7026 1726
f 1727 7027 7025
f 7026 7028 1726
f 1731 1726 7028
f 1727 7029 7027
f 7029 1727 1730
f 7028 7030 1731
f 1730 7031 7029
f 7030 7032 1731
f 1733 1731 7032
f 1730 7033 7031
f 7033 1730 1732
f 7032 7034 1733
f 1736 1733 7034
f 1732 7035 7033
f 7034 7036 1736
f 1738 1736 7036
f 1732 7037 7035
f 7037 1732 1737
f 7036 7038 1738
f 1737 7039 7037
f 7038 7040 1738
f 1741 1738 7040
f 1737 7041 7039
f 7041 1737 1739
f 7040 7042 1741
f 1739 7043 7041
f 7042 7044 1741
f 1746 1741 7044
f 1739 7045 7043
f 7045 1739 1743
f 7044 7046 1746
f 1743 7047 7045
f 7046 7048 1746
f 1747 1746 7048
f 1743 7049 7047
f 7048 7050 1747
f 1750 1747 7050
f 1743 7051 7049
f 7051 1743 1748
f 7050 7052 1750
f 1748 7053 7051
f 7052 7054 1750
f 1754 1750 7054
f 1748 7055 7053
f 7054 7056 1754
f 1756 1754 7056
f 1748 7057 7055
f 7057 1748 1755
f 7056 7058 1756
f 1755 7059 7057
f 7058 7060 1756
f 1760 1756 7060
f 1755 7061 7059
f 7061 1755 1758
f 7060 7062 1760
f 1758 7063 7061
f 7062 7064 1760
f 1763 1760 7064
f 1758 7065 7063
f 7065 1758 1761
f 7064 7066 1763
f 1764 1763 7066
f 1761 7067 7065
f 7066 7068 1764
f 1761 7069 7067
f 7069 1761 1765
f 7068 7070 1764
f 1768 1764 7070
f 1765 7071 7069
f 7071 1765 1767
f 7070 7072 1768
f 1767 7073 7071
f 7072 7074 1768
f 1771 1768 7074
f 1767 7075 7073
f 7075 1767 1770
f 7074 7076 1771
f 1770 7077 7075
f 7077 1770 1772
f 7076 7078 1771
f 1774 1771 7078
f 1772 7079 7077
f 7078 7080 1774
f 1776 1774 7080
f 1772 7081 7079
f 7081 1772 1775
f 7080 7082 1776
f 1775 7083 7081
f 7082 7084 1776
f 1778 1776 7084
f 1775 7085 7083
f 7084 7086 1778
f 1781 1778 7086
f 1775 7087 7085
f 7087 1775 1779
f 7086 7088 1781
f 1782 1781 7088
f 1779 7089 7087
f 7088 7090 1782
f 1779 7091 7089
f 7091 1779 1783
f 7090 7092 1782
f 1785 1782 7092
f 1783 7093 7091
f 7092 7094 1785
f 1783 7095 7093
f 7095 1783 1786
f 7094 7096 1785
f 1789 1785 7096
f 1786 7097 7095
f 7096 7098 1789
f 1786 7099 7097
f 7099 1786 1790
f 7098 7100 1789
f 1793 1789 7100
f 1790 7101 7099
f 7100 7102 1793
f 1790 7103 7101
f 7103 1790 1794
f 7102 7104 1793
f 1796 1793 7104
f 1794 7105 7103
f 7104 7106 1796
f 1794 7107 7105
f 7106 7108 1796
f 1794 7109 7107
f 7109 1794 1798
f 7108 7110 1796
f 1800 1796 7110
f 1798 7111 7109
f 7110 7112 1800
f 1798 7113 7111
f 7113 1798 1801
f 7112 7114 1800
f 1801 7115 7113
f 7114 7116 1800
f 1801 7117 7115
f 7117 1801 1805
f 7116 7118 1800
f 1807 1800 7118
f 1805 7119 7117
f 7118 7120 1807
f 1805 7121 7119
f 7120 7122 1807
f 1809 1807 7122
f 1805 7123 7121
f 7123 1805 1808
f 7122 7124 1809
f 1810 1809 7124
f 1808 7125 7123
f 7124 7126 1810
f 1813 1810 7126
f 1808 7127 7125
f 7127 1808 1811
f 7126 7128 1813
f 1811 7129 7127
f 7128 7130 1813
f 1815 1813 7130
f 1811 7131 7129
f 7131 1811 1814
f 7130 7132 1815
f 1818 1815 7132
f 1814 7133 7131
f 7132 7134 1818
f 1814 7135 7133
f 7135 1814 1819
f 7134 7136 1818
f 1821 1818 7136
f 1819 7137 7135
f 7136 7138 1821
f 1819 7139 7137
f 7139 1819 1822
f 7138 7140 1821
f 1823 1821 7140
f 1822 7141 7139
f 7140 7142 1823
f 1826 1823 7142
f 1822 7143 7141
f 7143 1822 1824
f 7142 7144 1826
f 1824 7145 7143
f 7144 7146 1826
f 1829 1826 7146
f 1824 7147 7145
f 7147 1824 1827
f 7146 7148 1829
f 1832 1829 7148
f 1827 7149 7147
f 7149 1827 1830
f 7148 7150 1832
f 1830 7151 7149
f 7150 7152 1832
f 1836 1832 7152
f 1830 7153 7151
f 7153 1830 1834
f 7152 7154 1836
f 1834 7155 7153
f 7155 1834 1837
f 7154 7156 1836
f 1841 1836 7156
f 1837 7157 7155
f 7156 7158 1841
f 1837 7159 7157
f 7159 1837 1842
f 7158 7160 1841
f 1842 7161 7159
f 7160 7162 1841
f 1842 7163 7161
f 7163 1842 1844
f 7162 7164 1841
f 1848 1841 7164
f 1844 7165 7163
f 7164 7166 1848
f 1851 1848 7166
f 1844 7167 7165
f 7167 1844 1849
f 7166 7168 1851
f 1849 7169 7167
f 7168 7170 1851
f 1853 1851 7170
f 1849 7171 7169
f 7171 1849 1852
f 7170 7172 1853
f 1852 7173 7171
f 7173 1852 1854
f 7172 7174 1853
f 1857 1853 7174
f 1854 7175 7173
f 7174 7176 1857
f 1854 7177 7175
f 7177 1854 1858
f 7176 7178 1857
f 1859 1857 7178
f 1858 7179 7177
f 7178 7180 1859
f 1858 7181 7179
f 7181 1858 1860
f 7180 7182 1859
f 1860 7183 7181
f 7182 7184 1859
f 1864 1859 7184
f 1860 7185 7183
f 7184 7186 1864
f 1860 7187 7185
f 7186 7188 1864
f 1860 7189 7187
f 7189 1860 1865
f 7188 7190 1864
f 1865 7191 7189
f 7190 7192 1864
f 1871 1864 7192
f 1865 7193 7191
f 7193 1865 1867
f 7192 7194 1871
f 1867 7195 7193
f 7194 7196 1871
f 1876 1871 7196
f 1867 7197 7195
f 7197 1867 1874
f 7196 7198 1876
f 1874 7199 7197
f 7198 7200 1876
f 1877 1876 7200
f 1874 7201 7199
f 7200 7202 1877
f 1874 7203 7201
f 7202 7204 1877
f 1874 7205 7203
f 7205 1874 1878
f 7204 7206 1877
f 1879 1877 7206
f 1878 7207 7205
f 7206 7208 1879
f 1878 7209 7207
f 7209 1878 1880
f 7208 7210 1879
f 1882 1879 7210
f 1880 7211 7209
f 7210 7212 1882
f 1880 7213 7211
f 7212 7214 1882
f 1880 7215 7213
f 7214 7216 1882
f 1887 1882 7216
f 1880 7217 7215
f 7217 1880 1883
f 7216 7218 1887
f 1883 7219 7217
f 7219 1883 1888
f 7218 7220 1887
f 1891 1887 7220
f 1888 7221 7219
f 7221 1888 1890
f 7220 7222 1891
f 1890 7223 7221
f 7223 1890 1892
f 7222 7224 1891
f 1896 1891 7224
f 1892 7225 7223
f 7224 7226 1896
f 1892 7227 7225
f 7227 1892 1897
f 7226 7228 1896
f 1901 1896 7228
f 1897 7229 7227
f 7228 7230 1901
f 1903 1901 7230
f 1897 7231 7229
f 7231 1897 1902
f 7230 7232 1903
f 1902 7233 7231
f 7232 7234 1903
f 1906 1903 7234
f 1902 7235 7233
f 7235 1902 1904
f 7234 7236 1906
f 1904 7237 7235
f 7237 1904 1907
f 7236 7238 1906
f 1909 1906 7238
f 1907 7239 7237
f 7238 7240 1909
f 1907 7241 7239
f 7241 1907 1910
f 7240 7242 1909
f 1910 7243 7241
f 7242 7244 1909
f 1914 1909 7244
f 1910 7245 7243
f 7245 1910 1913
f 7244 7246 1914
f 1915 1914 7246
f 1913 7247 7245
f 7246 7248 1915
f 1913 7249 7247
f 7249 1913 1916
f 7248 7250 1915
f 1919 1915 7250
f 1916 7251 7249
f 7250 7252 1919
f 1922 1919 7252
f 1916 7253 7251
f 7252 7254 1922
f 1916 7255 7253
f 7254 7256 1922
f 1926 1922 7256
f 1916 7257 7255
f 7257 1916 1924
f 7256 7258 1926
f 1924 7259 7257
f 7258 7260 1926
f 1929 1926 7260
f 1924 7261 7259
f 7260 7262 1929
f 1930 1929 7262
f 1924 7263 7261
f 7262 7264 1930
f 1924 7265 7263
f 7265 1924 1931
f 7264 7266 1930
f 1935 1930 7266
f 1931 7267 7265
f 7266 7268 1935
f 1938 1935 7268
f 1931 7269 7267
f 7269 1931 1936
f 7268 7270 1938
f 1936 7271 7269
f 7270 7272 1938
f 1942 1938 7272
f 1936 7273 7271
f 7273 1936 1939
f 7272 7274 1942
f 1939 7275 7273
f 7274 7276 1942
f 1947 1942 7276
f 1939 7277 7275
f 7277 1939 1944
f 7276 7278 1947
f 1948 1947 7278
f 1944 7279 7277
f 7278 7280 1948
f 1944 7281 7279
f 7281 1944 1949
f 7280 7282 1948
f 1951 1948 7282
f 1949 7283 7281
f 7282 7284 1951
f 1949 7285 7283
f 7285 1949 1952
f 7284 7286 1951
f 1955 1951 7286
f 1952 7287 7285
f 7286 7288 1955
f 1952 7289 7287
f 7289 1952 1956
f 7288 7290 1955
f 1956 7291 7289
f 7290 7292 1955
f 1956 7293 7291
f 7293 1956 1957
f 7292 7294 1955
f 1959 1955 7294
f 1957 7295 7293
f 7294 7296 1959
f 1957 7297 7295
f 7297 1957 1960
f 7296 7298 1959
f 1962 1959 7298
f 1960 7299 7297
f 7298 7300 1962
f 1960 7301 7299
f 7301 1960 1963
f 7300 7302 1962
f 1965 1962 7302
f 1963 7303 7301
f 7302 7304 1965
f 1963 7305 7303
f 7305 1963 1966
f 7304 7306 1965
f 1968 1965 7306
f 1966 7307 7305
f 7306 7308 1968
f 1966 7309 7307
f 7309 1966 1969
f 7308 7310 1968
f 1970 1968 7310
f 1969 7311 7309
f 7310 7312 1970
f 1972 1970 7312
f 1969 7313 7311
f 7313 1969 1971
f 7312 7314 1972
f 1975 1972 7314
f 1971 7315 7313
f 7314 7316 1975
f 1979 1975 7316
f 1971 7317 7315
f 7317 1971 1976
f 7316 7318 1979
f 1976 7319 7317
f 7318 7320 1979
f 1981 1979 7320
f 1976 7321 7319
f 7321 1976 1980
f 7320 7322 1981
f 1980 7323 7321
f 7322 7324 1981
f 1985 1981 7324
f 1980 7325 7323
f 7325 1980 1983
f 7324 7326 1985
f 1987 1985 7326
f 1983 7327 7325
f 7326 7328 1987
f 1983 7329 7327
f 7329 1983 1988
f 7328 7330 1987
f 1989 1987 7330
f 1988 7331 7329
f 7330 7332 1989
f 1988 7333 7331
f 7333 1988 1990
f 7332 7334 1989
f 1992 1989 7334
f 1990 7335 7333
f 7335 1990 1991
f 7334 7336 1992
f 1993 1992 7336
f 1991 7337 7335
f 7336 7338 1993
f 1991 7339 7337
f 7339 1991 1994
f 7338 7340 1993
f 1996 1993 7340
f 1994 7341 7339
f 7341 1994 1995
f 7340 7342 1996
f 1995 7343 7341
f 7342 7344 1996
f 1998 1996 7344
f 1995 7345 7343
f 7344 7346 1998
f 1995 7347 7345
f 7346 7348 1998
f 2002 1998 7348
f 1995 7349 7347
f 7349 1995 2000
f 7348 7350 2002
f 2000 7351 7349
f 7350 7352 2002
f 2003 2002 7352
f 2000 7353 7351
f 7352 7354 2003
f 2000 7355 7353
f 7355 2000 2004
f 7354 7356 2003
f 2007 2003 7356
f 2004 7357 7355
f 7356 7358 2007
f 2004 7359 7357
f 7359 2004 2008
f 7358 7360 2007
f 2011 2007 7360
f 2008 7361 7359
f 7360 7362 2011
f 2008 7363 7361
f 7363 2008 2012
f 7362 7364 2011
f 2014 2011 7364
f 2012 7365 7363
f 7364 7366 2014
f 2012 7367 7365
f 7367 2012 2015
f 7366 7368 2014
f 2015 7369 7367
f 7368 7370 2014
f 2020 2014 7370
f 2015 7371 7369
f 7370 7372 2020
f 2023 2020 7372
f 2015 7373 7371
f 7372 7374 2023
f 2015 7375 7373
f 7375 2015 2024
f 7374 7376 2023
f 2029 2023 7376
f 2024 7377 7375
f 7376 7378 2029
f 2024 7379 7377
f 7379 2024 2030
f 7378 7380 2029
f 2031 2029 7380
f 2030 7381 7379
f 7380 7382 2031
f 2032 2031 7382
f 2030 7383 7381
f 7382 7384 2032
f 2035 2032 7384
f 2030 7385 7383
f 7384 7386 2035
f 2037 2035 7386
f 2030 7387 7385
f 7387 2030 2036
f 7386 7388 2037
f 2040 2037 7388
f 2036 7389 7387
f 7388 7390 2040
f 2045 2040 7390
f 2036 7391 7389
f 7391 2036 2041
f 7390 7392 2045
f 2046 2045 7392
f 2041 7393 7391
f 7392 7394 2046
f 2047 2046 7394
f 2041 7395 7393
f 7394 7396 2047
f 2049 2047 7396
f 2041 7397 7395
f 7396 7398 2049
f 2051 2049 7398
f 2041 7399 7397
f 7399 2041 2050
f 7398 7400 2051
f 2052 2051 7400
f 2050 7401 7399
f 7400 7402 2052
f 2050 7403 7401
f 7403 2050 2053
f 7402 7404 2052
f 2059 2052 7404
f 2053 7405 7403
f 7404 7406 2059
f 2053 7407 7405
f 7407 2053 2060
f 7406 7408 2059
f 2061 2059 7408
f 2060 7409 7407
f 7408 7410 2061
f 2060 7411 7409
f 7411 2060 2062
f 7410 7412 2061
f 2064 2061 7412
f 2062 7413 7411
f 7412 7414 2064
f 2068 2064 7414
f 2062 7415 7413
f 7415 2062 2065
f 7414 7416 2068
f 2072 2068 7416
f 2065 7417 7415
f 7416 7418 2072
f 2065 7419 7417
f 7419 2065 2073
f 7418 7420 2072
f 2074 2072 7420
f 2073 7421 7419
f 7420 7422 2074
f 2078 2074 7422
f 2073 7423 7421
f 7423 2073 2075
f 7422 7424 2078
f 2075 7425 7423
f 7424 7426 2078
f 2080 2078 7426
f 2075 7427 7425
f 7426 7428 2080
f 2075 7429 7427
f 7428 7430 2080
f 2084 2080 7430
f 2075 7431 7429
f 7431 2075 2082
f 7430 7432 2084
f 2082 7433 7431
f 7432 7434 2084
f 2089 2084 7434
f 2082 7435 7433
f 7435 2082 2087
f 7434 7436 2089
f 2087 7437 7435
f 7436 7438 2089
f 2093 2089 7438
f 2087 7439 7437
f 7439 2087 2091
f 7438 7440 2093
f 2096 2093 7440
f 2091 7441 7439
f 7440 7442 2096
f 2091 7443 7441
f 7443 2091 2097
f 7442 7444 2096
f 2100 2096 7444
f 2097 7445 7443
f 7444 7446 2100
f 2097 7447 7445
f 7447 2097 2101
f 7446 7448 2100
f 2105 2100 7448
f 2101 7449 7447
f 7448 7450 2105
f 2101 7451 7449
f 7450 7452 2105
f 2107 2105 7452
f 2101 7453 7451
f 7452 7454 2107
f 2101 7455 7453
f 7455 2101 2108
f 7454 7456 2107
f 2114 2107 7456
f 2108 7457 7455
f 7456 7458 2114
f 2108 7459 7457
f 7459 2108 2115
f 7458 7460 2114
f 2120 2114 7460
f 2115 7461 7459
f 7460 7462 2120
f 2123 2120 7462
f 2115 7463 7461
f 7462 7464 2123
f 2115 7465 7463
f 7464 7466 2123
f 2130 2123 7466
f 2115 7467 7465
f 7467 2115 2126
f 7466 7468 2130
f 2126 7469 7467
f 7468 7470 2130
f 2135 2130 7470
f 2126 7471 7469
f 7470 7472 2135
f 2126 7473 7471
f 7472 7474 2135
f 2143 2135 7474
f 2126 7475 7473
f 7475 2126 2139
f 7474 7476 2143
f 2139 7477 7475
f 7476 7478 2143
f 2150 2143 7478
f 2139 7479 7477
f 7479 2139 2148
f 7478 7480 2150
f 2148 7481 7479
f 7480 7482 2150
f 2148 7483 7481
f 7482 7484 2150
f 2148 7485 7483
f 7484 7486 2150
f 2165 2150 7486
f 2148 7487 7485
f 7487 2148 2160
f 7486 7488 2165
f 2160 7489 7487
f 7488 7490 2165
f 2174 2165 7490
f 2160 7491 7489
f 7491 2160 2168
f 7490 7492 2174
f 2168 7493 7491
f 7492 7494 2174
f 2168 7495 7493
f 7494 7496 2174
f 2168 7497 7495
f 7497 2168 2182
f 7496 7498 2174
f 2193 2174 7498
f 2182 7499 7497
f 7498 7500 2193
f 2182 7501 7499
f 7501 2182 2194
f 7500 5386 2193
f 2987 2193 5386
f 2194 2990 7501
f 2990 2194 2197
f 2988 5429 5431
f 2988 5431 5433
f 2988 5433 5435
f 2988 5435 5437
f 2988 5437 5439
f 2988 5439 5441
f 2988 5441 5443
f 2988 5443 5445
f 2988 5445 5447
f 2988 5447 5449
f 2988 5449 5451
f 2988 5451 5453
f 2988 5453 5455
f 2988 5455 5457
f 2988 5457 5459
f 2988 5459 5461
f 2988 5461 5463
f 2988 5463 5465
f 2988 5465 5467
f 2988 5467 5469
f 2988 5469 5471
f 2988 5471 5473
f 2988 5473 5475
f 2988 5475 5477
f 2988 5477 5479
f 2988 5479 5481
f 2988 5481 5483
f 2988 5483 5485
f 2988 5485 5487
f 2988 5487 5489
f 2988 5489 5491
f 2988 5491 5493
f 2988 5493 5495
f 2988 5495 5497
f 2988 5497 5499
f 2988 5499 5501
f 2988 5501 5503
f 2988 5503 5505
f 2988 5505 5507
f 2988 5507 5509
f 2988 5509 5511
f 2988 5511 5513
f 2988 5513 5515
f 2988 5515 5517
f 2988 5517 5519
f 2988 5519 5521
f 2988 5521 5523
f 2988 5523 5525
f 2988 5525 5527
f 2988 5527 5529
f 2988 5529 5531
f 2988 5531 5533
f 2988 5533 5535
f 2988 5535 5537
f 2988 5537 5539
f 2988 5539 5541
f 2988 5541 5543
f 2988 5543 5545
f 2988 5545 5547
f 2988 5547 5549
f 2988 5549 5551
f 2988 5551 5553
f 2988 5553 5555
f 2988 5555 5557
f 2988 5557 5559
f 2988 5559 5561
f 2988 5561 5563
f 2988 5563 5565
f 2988 5565 5567
f 2988 5567 5569
f 2988 5569 5571
f 2988 5571 5573
f 2988 5573 5575
f 2988 5575 5577
f 2988 5577 5579
f 2988 5579 5581
f 2988 5581 5583
f 2988 5583 5585
f 2988 5585 5587
f 2988 5587 5589
f 2988 5589 5591
f 2988 5591 5593
f 2988 5593 5595
f 2988 5595 5597
f 2988 5597 5599
f 2988 5599 5601
f 2988 5601 5603
f 2988 5603 5605
f 2988 5605 5607
f 2988 5607 5609
f 2988 5609 5611
f 2988 5611 5613
f 2988 5613 5615
f 2988 5615 5617
f 2988 5617 5619
f 2988 5619 5621
f 2988 5621 5623
f 2988 5623 5625
f 2988 5625 5627
f 2988 5627 5629
f 2988 5629 5631
f 2988 5631 5633
f 2988 5633 5635
f 2988 5635 5637
f 2988 5637 5639
f 2988 5639 5641
f 2988 5641 5643
f 2988 5643 5645
f 2988 5645 5647
f 2988 5647 5649
f 2988 5649 5651
f 2988 5651 5653
f 2988 5653 5655
f 2988 5655 5657
f 2988 5657 5659
f 2988 5659 5661
f 2988 5661 5663
f 2988 5663 5665
f 2988 5665 5667
f 2988 5667 5669
f 2988 5669 5671
f 2988 5671 5673
f 2988 5673 5675
f 2988 5675 5677
f 2988 5677 5679
f 2988 5679 5681
f 2988 5681 5683
f 2988 5683 5685
f 2988 5685 5687
f 2988 5687 5689
f 2988 5689 5691
f 2988 5691 5693
f 2988 5693 5695
f 2988 5695 5697
f 2988 5697 5699
f 2988 5699 5701
f 2988 5701 5703
f 2988 5703 5705
f 2988 5705 5707
f 2988 5707 5709
f 2988 5709 5711
f 2988 5711 5713
f 2988 5713 5715
f 2988 5715 5717
f 2988 5717 5719
f 2988 5719 5721
f 2988 5721 5723
f 2988 5723 5725
f 2988 5725 5727
f 2988 5727 5729
f 2988 5729 5731
f 2988 5731 5733
f 2988 5733 5735
f 2988 5735 5737
f 2988 5737 5739
f 2988 5739 5741
f 2988 5741 5743
f 2988 5743 5745
f 2988 5745 5747
f 2988 5747 5749
f 2988 5749 5751
f 2988 5751 5753
f 2988 5753 5755
f 2988 5755 5757
f 2988 5757 5759
f 2988 5759 5761
f 2988 5761 5763
f 2988 5763 5765
f 2988 5765 5767
f 2988 5767 5769
f 2988 5769 5771
f 2988 5771 5773
f 2988 5773 5775
f 2988 5775 5777
f 2988 5777 5779
f 2988 5779 5781
f 2988 5781 5783
f 2988 5783 5785
f 2988 5785 5787
f 2988 5787 5789
f 2988 5789 5791
f 2988 5791 5793
f 2988 5793 5795
f 2988 5795 5797
f 2988 5797 5799
f 2988 5799 5801
f 2988 5801 5803
f 2988 5803 5805
f 2988 5805 5807
f 2988 5807 5809
f 2988 5809 5811
f 2988 5811 5813
f 2988 5813 5815
f 2988 5815 5817
f 2988 5817 5819
f 2988 5819 5821
f 2988 5821 5823
f 2988 5823 5825
f 2988 5825 5827
f 2988 5827 5829
f 2988 5829 5831
f 2988 5831 5833
f 2988 5833 5835
f 2988 5835 5837
f 2988 5837 5839
f 2988 5839 5841
f 2988 5841 5843
f 2988 5843 5845
f 2988 5845 5847
f 2988 5847 5849
f 2988 5849 5851
f 2988 5851 5853
f 2988 5853 5855
f 2988 5855 5857
f 2988 5857 5859
f 2988 5859 5861
f 2988 5861 5863
f 2988 5863 5865
f 2988 5865 5867
f 2988 5867 5869
f 2988 5869 5871
f 2988 5871 5873
f 2988 5873 5875
f 2988 5875 5877
f 2988 5877 5879
f 2988 5879 5881
f 2988 5881 5883
f 2988 5883 5885
f 2988 5885 5887
f 2988 5887 5889
f 2988 5889 5891
f 2988 5891 5893
f 2988 5893 5895
f 2988 5895 5897
f 2988 5897 5899
f 2988 5899 5901
f 2988 5901 5903
f 2988 5903 5905
f 2988 5905 5907
f 2988 5907 5909
f 2988 5909 5911
f 2988 5911 5913
f 2988 5913 5915
f 2988 5915 5917
f 2988 5917 5919
f 2988 5919 5921
f 2988 5921 5923
f 2988 5923 5925
f 2988 5925 5927
f 2988 5927 5929
f 2988 5929 5931
f 2988 5931 5933
f 2988 5933 5935
f 2988 5935 5937
f 2988 5937 5939
f 2988 5939 5941
f 2988 5941 5943
f 2988 5943 5945
f 2988 5945 5947
f 2988 5947 5949
f 2988 5949 5951
f 2988 5951 5953
f 2988 5953 5955
f 2988 5955 5957
f 2988 5957 5959
f 2988 5959 5961
f 2988 5961 5963
f 2988 5963 5965
f 2988 5965 5967
f 2988 5967 5969
f 2988 5969 5971
f 2988 5971 5973
f 2988 5973 5975
f 2988 5975 5977
f 2988 5977 5979
f 2988 5979 5981
f 2988 5981 5983
f 2988 5983 5985
f 2988 5985 5987
f 2988 5987 5989
f 2988 5989 5991
f 2988 5991 5993
f 2988 5993 5995
f 2988 5995 5997
f 2988 5997 5999
f 2988 5999 6001
f 2988 6001 6003
f 2988 6003 6005
f 2988 6005 6007
f 2988 6007 6009
f 2988 6009 6011
f 2988 6011 6013
f 2988 6013 6015
f 2988 6015 6017
f 2988 6017 6019
f 2988 6019 6021
f 2988 6021 6023
f 2988 6023 6025
f 2988 6025 6027
f 2988 6027 6029
f 2988 6029 6031
f 2988 6031 6033
f 2988 6033 6035
f 2988 6035 6037
f 2988 6037 6039
f 2988 6039 6041
f 2988 6041 6043
f 2988 6043 6045
f 2988 6045 6047
f 2988 6047 6049
f 2988 6049 6051
f 2988 6051 6053
f 2988 6053 6055
f 2988 6055 6057
f 2988 6057 6059
f 2988 6059 6061
f 2988 6061 6063
f 2988 6063 6065
f 2988 6065 6067
f 2988 6067 6069
f 2988 6069 6071
f 2988 6071 6073
f 2988 6073 6075
f 2988 6075 6077
f 2988 6077 6079
f 2988 6079 6081
f 2988 6081 6083
f 2988 6083 6085
f 2988 6085 6087
f 2988 6087 6089
f 2988 6089 6091
f 2988 6091 6093
f 2988 6093 6095
f 2988 6095 6097
f 2988 6097 6099
f 2988 6099 6101
f 2988 6101 6103
f 2988 6103 6105
f 2988 6105 6107
f 2988 6107 6109
f 2988 6109 6111
f 2988 6111 6113
f 2988 6113 6115
f 2988 6115 6117
f 2988 6117 6119
f 2988 6119 6121
f 2988 6121 6123
f 2988 6123 6125
f 2988 6125 6127
f 2988 6127 6129
f 2988 6129 6131
f 2988 6131 6133
f 2988 6133 6135
f 2988 6135 6137
f 2988 6137 6139
f 2988 6139 6141
f 2988 6141 6143
f 2988 6143 6145
f 2988 6145 6147
f 2988 6147 6149
f 2988 6149 6151
f 2988 6151 6153
f 2988 6153 6155
f 2988 6155 6157
f 2988 6157 6159
f 2988 6159 6161
f 2988 6161 6163
f 2988 6163 6165
f 2988 6165 6167
f 2988 6167 6169
f 2988 6169 6171
f 2988 6171 6173
f 2988 6173 6175
f 2988 6175 6177
f 2988 6177 6179
f 2988 6179 6181
f 2988 6181 6183
f 2988 6183 6185
f 2988 6185 6187
f 2988 6187 6189
f 2988 6189 6191
f 2988 6191 6193
f 2988 6193 6195
f 2988 6195 6197
f 2988 6197 6199
f 2988 6199 6201
f 2988 6201 6203
f 2988 6203 6205
f 2988 6205 6207
f 2988 6207 6209
f 2988 6209 6211
f 2988 6211 6213
f 2988 6213 6215
f 2988 6215 6217
f 2988 6217 6219
f 2988 6219 6221
f 2988 6221 6223
f 2988 6223 6225
f 2988 6225 6227
f 2988 6227 6229
f 2988 6229 6231
f 2988 6231 6233
f 2988 6233 6235
f 2988 6235 6237
f 2988 6237 6239
f 2988 6239 6241
f 2988 6241 6243
f 2988 6243 6245
f 2988 6245 6247
f 2988 6247 6249
f 2988 6249 6251
f 2988 6251 6253
f 2988 6253 6255
f 2988 6255 6257
f 2988 6257 6259
f 2988 6259 6261
f 2988 6261 6263
f 2988 6263 6265
f 2988 6265 6267
f 2988 6267 6269
f 2988 6269 6271
f 2988 6271 6273
f 2988 6273 6275
f 2988 6275 6277
f 2988 6277 6279
f 2988 6279 6281
f 2988 6281 6283
f 2988 6283 6285
f 2988 6285 6287
f 2988 6287 6289
f 2988 6289 6291
f 2988 6291 6293
f 2988 6293 6295
f 2988 6295 6297
f 2988 6297 6299
f 2988 6299 6301
f 2988 6301 6303
f 2988 6303 6305
f 2988 6305 6307
f 2988 6307 6309
f 2988 6309 6311
f 2988 6311 6313
f 2988 6313 6315
f 2988 6315 6317
f 2988 6317 6319
f 2988 6319 6321
f 2988 6321 6323
f 2988 6323 6325
f 2988 6325 6327
f 2988 6327 6329
f 2988 6329 6331
f 2988 6331 6333
f 2988 6333 6335
f 2988 6335 6337
f 2988 6337 6339
f 2988 6339 6341
f 2988 6341 6343
f 2988 6343 6345
f 2988 6345 6347
f 2988 6347 6349
f 2988 6349 6351
f 2988 6351 6353
f 2988 6353 6355
f 2988 6355 6357
f 2988 6357 6359
f 2988 6359 6361
f 2988 6361 6363
f 2988 6363 6365
f 2988 6365 6367
f 2988 6367 6369
f 2988 6369 6371
f 2988 6371 6373
f 2988 6373 6375
f 2988 6375 6377
f 2988 6377 6379
f 2988 6379 6381
f 2988 6381 6383
f 2988 6383 6385
f 2988 6385 6387
f 2988 6387 6389
f 2988 6389 6391
f 2988 6391 6393
f 2988 6393 6395
f 2988 6395 6397
f 2988 6397 6399
f 2988 6399 6401
f 2988 6401 6403
f 2988 6403 6405
f 2988 6405 6407
f 2988 6407 6409
f 2988 6409 6411
f 2988 6411 6413
f 2988 6413 6415
f 2988 6415 6417
f 2988 6417 6419
f 2988 6419 6421
f 2988 6421 6423
f 2988 6423 6425
f 2988 6425 6427
f 2988 6427 6429
f 2988 6429 6431
f 2988 6431 6433
f 2988 6433 6435
f 2988 6435 6437
f 2988 6437 6439
f 2988 6439 6441
f 2988 6441 6443
f 2988 6443 6445
f 2988 6445 6447
f 2988 6447 6449
f 2988 6449 6451
f 2988 6451 6453
f 2988 6453 6455
f 2988 6455 6457
f 2988 6457 6459
f 2988 6459 6461
f 2988 6461 6463
f 2988 6463 6465
f 2988 6465 6467
f 2988 6467 6469
f 2988 6469 6471
f 2988 6471 6473
f 2988 6473 6475
f 2988 6475 6477
f 2988 6477 6479
f 2988 6479 6481
f 2988 6481 6483
f 2988 6483 6485
f 2988 6485 6487
f 2988 6487 6489
f 2988 6489 6491
f 2988 6491 6493
f 2988 6493 6495
f 2988 6495 6497
f 2988 6497 6499
f 2988 6499 6501
f 2988 6501 6503
f 2988 6503 6505
f 2988 6505 6507
f 2988 6507 6509
f 2988 6509 6511
f 2988 6511 6513
f 2988 6513 6515
f 2988 6515 6517
f 2988 6517 6519
f 2988 6519 6521
f 2988 6521 6523
f 2988 6523 6525
f 2988 6525 6527
f 2988 6527 6529
f 2988 6529 6531
f 2988 6531 6533
f 2988 6533 6535
f 2988 6535 6537
f 2988 6537 6539
f 2988 6539 6541
f 2988 6541 6543
f 2988 6543 6545
f 2988 6545 6547
f 2988 6547 6549
f 2988 6549 6551
f 2988 6551 6553
f 2988 6553 6555
f 2988 6555 6557
f 2988 6557 6559
f 2988 6559 6561
f 2988 6561 6563
f 2988 6563 6565
f 2988 6565 6567
f 2988 6567 6569
f 2988 6569 6571
f 2988 6571 6573
f 2988 6573 6575
f 2988 6575 6577
f 2988 6577 6579
f 2988 6579 6581
f 2988 6581 6583
f 2988 6583 6585
f 2988 6585 6587
f 2988 6587 6589
f 2988 6589 6591
f 2988 6591 6593
f 2988 6593 6595
f 2988 6595 6597
f 2988 6597 6599
f 2988 6599 6601
f 2988 6601 6603
f 2988 6603 6605
f 2988 6605 6607
f 2988 6607 6609
f 2988 6609 6611
f 2988 6611 6613
f 2988 6613 6615
f 2988 6615 6617
f 2988 6617 6619
f 2988 6619 6621
f 2988 6621 6623
f 2988 6623 6625
f 2988 6625 6627
f 2988 6627 6629
f 2988 6629 6631
f 2988 6631 6633
f 2988 6633 6635
f 2988 6635 6637
f 2988 6637 6639
f 2988 6639 6641
f 2988 6641 6643
f 2988 6643 6645
f 2988 6645 6647
f 2988 6647 6649
f 2988 6649 6651
f 2988 6651 6653
f 2988 6653 6655
f 2988 6655 6657
f 2988 6657 6659
f 2988 6659 6661
f 2988 6661 6663
f 2988 6663 6665
f 2988 6665 6667
f 2988 6667 6669
f 2988 6669 6671
f 2988 6671 6673
f 2988 6673 6675
f 2988 6675 6677
f 2988 6677 6679
f 2988 6679 6681
f 2988 6681 6683
f 2988 6683 6685
f 2988 6685 6687
f 2988 6687 6689
f 2988 6689 6691
f 2988 6691 6693
f 2988 6693 6695
f 2988 6695 6697
f 2988 6697 6699
f 2988 6699 6701
f 2988 6701 6703
f 2988 6703 6705
f 2988 6705 6707
f 2988 6707 6709
f 2988 6709 6711
f 2988 6711 6713
f 2988 6713 6715
f 2988 6715 6717
f 2988 6717 6719
f 2988 6719 6721
f 2988 6721 6723
f 2988 6723 6725
f 2988 6725 6727
f 2988 6727 6729
f 2988 6729 6731
f 2988 6731 6733
f 2988 6733 6735
f 2988 6735 6737
f 2988 6737 6739
f 2988 6739 6741
f 2988 6741 6743
f 2988 6743 6745
f 2988 6745 6747
f 2988 6747 6749
f 2988 6749 6751
f 2988 6751 6753
f 2988 6753 6755
f 2988 6755 6757
f 2988 6757 6759
f 2988 6759 6761
f 2988 6761 6763
f 2988 6763 6765
f 2988 6765 6767
f 2988 6767 6769
f 2988 6769 6771
f 2988 6771 6773
f 2988 6773 6775
f 2988 6775 6777
f 2988 6777 6779
f 2988 6779 6781
f 2988 6781 6783
f 2988 6783 6785
f 2988 6785 6787
f 2988 6787 6789
f 2988 6789 6791
f 2988 6791 6793
f 2988 6793 6795
f 2988 6795 6797
f 2988 6797 6799
f 2988 6799 6801
f 2988 6801 6803
f 2988 6803 6805
f 2988 6805 6807
f 2988 6807 6809
f 2988 6809 6811
f 2988 6811 6813
f 2988 6813 6815
f 2988 6815 6817
f 2988 6817 6819
f 2988 6819 6821
f 2988 6821 6823
f 2988 6823 6825
f 2988 6825 6827
f 2988 6827 6829
f 2988 6829 6831
f 2988 6831 6833
f 2988 6833 6835
f 2988 6835 6837
f 2988 6837 6839
f 2988 6839 6841
f 2988 6841 6843
f 2988 6843 6845
f 2988 6845 6847
f 2988 6847 6849
f 2988 6849 6851
f 2988 6851 6853
f 2988 6853 6855
f 2988 6855 6857
f 2988 6857 6859
f 2988 6859 6861
f 2988 6861 6863
f 2988 6863 6865
f 2988 6865 6867
f 2988 6867 6869
f 2988 6869 6871
f 2988 6871 6873
f 2988 6873 6875
f 2988 6875 6877
f 2988 6877 6879
f 2988 6879 6881
f 2988 6881 6883
f 2988 6883 6885
f 2988 6885 6887
f 2988 6887 6889
f 2988 6889 6891
f 2988 6891 6893
f 2988 6893 6895
f 2988 6895 6897
f 2988 6897 6899
f 2988 6899 6901
f 2988 6901 6903
f 2988 6903 6905
f 2988 6905 6907
f 2988 6907 6909
f 2988 6909 6911
f 2988 6911 6913
f 2988 6913 6915
f 2988 6915 6917
f 2988 6917 6919
f 2988 6919 6921
f 2988 6921 6923
f 2988 6923 6925
f 2988 6925 6927
f 2988 6927 6929
f 2988 6929 6931
f 2988 6931 6933
f 2988 6933 6935
f 2988 6935 6937
f 2988 6937 6939
f 2988 6939 6941
f 2988 6941 6943
f 2988 6943 6945
f 2988 6945 6947
f 2988 6947 6949
f 2988 6949 6951
f 2988 6951 6953
f 2988 6953 6955
f 2988 6955 6957
f 2988 6957 6959
f 2988 6959 6961
f 2988 6961 6963
f 2988 6963 6965
f 2988 6965 6967
f 2988 6967 6969
f 2988 6969 6971
f 2988 6971 6973
f 2988 6973 6975
f 2988 6975 6977
f 2988 6977 6979
f 2988 6979 6981
f 2988 6981 6983
f 2988 6983 6985
f 2988 6985 6987
f 2988 6987 6989
f 2988 6989 6991
f 2988 6991 6993
f 2988 6993 6995
f 2988 6995 6997
f 2988 6997 6999
f 2988 6999 7001
f 2988 7001 7003
f 2988 7003 7005
f 2988 7005 7007
f 2988 7007 7009
f 2988 7009 7011
f 2988 7011 7013
f 2988 7013 7015
f 2988 7015 7017
f 2988 7017 7019
f 2988 7019 7021
f 2988 7021 7023
f 2988 7023 7025
f 2988 7025 7027
f 2988 7027 7029
f 2988 7029 7031
f 2988 7031 7033
f 2988 7033 7035
f 2988 7035 7037
f 2988 7037 7039
f 2988 7039 7041
f 2988 7041 7043
f 2988 7043 7045
f 2988 7045 7047
f 2988 7047 7049
f 2988 7049 7051
f 2988 7051 7053
f 2988 7053 7055
f 2988 7055 7057
f 2988 7057 7059
f 2988 7059 7061
f 2988 7061 7063
f 2988 7063 7065
f 2988 7065 7067
f 2988 7067 7069
f 2988 7069 7071
f 2988 7071 7073
f 2988 7073 7075
f 2988 7075 7077
f 2988 7077 7079
f 2988 7079 7081
f 2988 7081 7083
f 2988 7083 7085
f 2988 7085 7087
f 2988 7087 7089
f 2988 7089 7091
f 2988 7091 7093
f 2988 7093 7095
f 2988 7095 7097
f 2988 7097 7099
f 2988 7099 7101
f 2988 7101 7103
f 2988 7103 7105
f 2988 7105 7107
f 2988 7107 7109
f 2988 7109 7111
f 2988 7111 7113
f 2988 7113 7115
f 2988 7115 7117
f 2988 7117 7119
f 2988 7119 7121
f 2988 7121 7123
f 2988 7123 7125
f 2988 7125 7127
f 2988 7127 7129
f 2988 7129 7131
f 2988 7131 7133
f 2988 7133 7135
f 2988 7135 7137
f 2988 7137 7139
f 2988 7139 7141
f 2988 7141 7143
f 2988 7143 7145
f 2988 7145 7147
f 2988 7147 7149
f 2988 7149 7151
f 2988 7151 7153
f 2988 7153 7155
f 2988 7155 7157
f 2988 7157 7159
f 2988 7159 7161
f 2988 7161 7163
f 2988 7163 7165
f 2988 7165 7167
f 2988 7167 7169
f 2988 7169 7171
f 2988 7171 7173
f 2988 7173 7175
f 2988 7175 7177
f 2988 7177 7179
f 2988 7179 7181
f 2988 7181 7183
f 2988 7183 7185
f 2988 7185 7187
f 2988 7187 7189
f 2988 7189 7191
f 2988 7191 7193
f 2988 7193 7195
f 2988 7195 7197
f 2988 7197 7199
f 2988 7199 7201
f 2988 7201 7203
f 2988 7203 7205
f 2988 7205 7207
f 2988 7207 7209
f 2988 7209 7211
f 2988 7211 7213
f 2988 7213 7215
f 2988 7215 7217
f 2988 7217 7219
f 2988 7219 7221
f 2988 7221 7223
f 2988 7223 7225
f 2988 7225 7227
f 2988 7227 7229
f 2988 7229 7231
f 2988 7231 7233
f 2988 7233 7235
f 2988 7235 7237
f 2988 7237 7239
f 2988 7239 7241
f 2988 7241 7243
f 2988 7243 7245
f 2988 7245 7247
f 2988 7247 7249
f 2988 7249 7251
f 2988 7251 7253
f 2988 7253 7255
f 2988 7255 7257
f 2988 7257 7259
f 2988 7259 7261
f 2988 7261 7263
f 2988 7263 7265
f 2988 7265 7267
f 2988 7267 7269
f 2988 7269 7271
f 2988 7271 7273
f 2988 7273 7275
f 2988 7275 7277
f 2988 7277 7279
f 2988 7279 7281
f 2988 7281 7283
f 2988 7283 7285
f 2988 7285 7287
f 2988 7287 7289
f 2988 7289 7291
f 2988 7291 7293
f 2988 7293 7295
f 2988 7295 7297
f 2988 7297 7299
f 2988 7299 7301
f 2988 7301 7303
f 2988 7303 7305
f 2988 7305 7307
f 2988 7307 7309
f 2988 7309 7311
f 2988 7311 7313
f 2988 7313 7315
f 2988 7315 7317
f 2988 7317 7319
f 2988 7319 7321
f 2988 7321 7323
f 2988 7323 7325
f 2988 7325 7327
f 2988 7327 7329
f 2988 7329 7331
f 2988 7331 7333
f 2988 7333 7335
f 2988 7335 7337
f 2988 7337 7339
f 2988 7339 7341
f 2988 7341 7343
f 2988 7343 7345
f 2988 7345 7347
f 2988 7347 7349
f 2988 7349 7351
f 2988 7351 7353
f 2988 7353 7355
f 2988 7355 7357
f 2988 7357 7359
f 2988 7359 7361
f 2988 7361 7363
f 2988 7363 7365
f 2988 7365 7367
f 2988 7367 7369
f 2988 7369 7371
f 2988 7371 7373
f 2988 7373 7375
f 2988 7375 7377
f 2988 7377 7379
f 2988 7379 7381
f 2988 7381 7383
f 2988 7383 7385
f 2988 7385 7387
f 2988 7387 7389
f 2988 7389 7391
f 2988 7391 7393
f 2988 7393 7395
f 2988 7395 7397
f 2988 7397 7399
f 2988 7399 7401
f 2988 7401 7403
f 2988 7403 7405
f 2988 7405 7407
f 2988 7407 7409
f 2988 7409 7411
f 2988 7411 7413
f 2988 7413 7415
f 2988 7415 7417
f 2988 7417 7419
f 2988 7419 7421
f 2988 7421 7423
f 2988 7423 7425
f 2988 7425 7427
f 2988 7427 7429
f 2988 7429 7431
f 2988 7431 7433
f 2988 7433 7435
f 2988 7435 7437
f 2988 7437 7439
f 2988 7439 7441
f 2988 7441 7443
f 2988 7443 7445
f 2988 7445 7447
f 2988 7447 7449
f 2988 7449 7451
f 2988 7451 7453
f 2988 7453 7455
f 2988 7455 7457
f 2988 7457 7459
f 2988 7459 7461
f 2988 7461 7463
f 2988 7463 7465
f 2988 7465 7467
f 2988 7467 7469
f 2988 7469 7471
f 2988 7471 7473
f 2988 7473 7475
f 2988 7475 7477
f 2988 7477 7479
f 2988 7479 7481
f 2988 7481 7483
f 2988 7483 7485
f 2988 7485 7487
f 2988 7487 7489
f 2988 7489 7491
f 2988 7491 7493
f 2988 7493 7495
f 2988 7495 7497
f 2988 7497 7499
f 2988 7499 7501
f 2988 7501 2990
f 2988 2990 2989
f 2988 2989 2991
f 2991 2989 2992
f 2991 2992 2993
f 2993 2992 2994
f 2993 2994 2995
f 2995 2994 2996
f 2995 2996 2997
f 2997 2996 2998
f 2997 2998 2999
f 2999 2998 3000
f 2999 3000 3001
f 3001 3000 3002
f 3001 3002 3003
f 3003 3002 3004
f 3003 3004 3005
f 3005 3004 3006
f 3005 3006 3007
f 3007 3006 3008
f 3007 3008 3009
f 3009 3008 3010
f 3009 3010 3011
f 3011 3010 3012
f 3011 3012 3013
f 3013 3012 3014
f 3013 3014 3015
f 3015 3014 3016
f 3015 3016 3017
f 3017 3016 3018
f 3017 3018 3019
f 3019 3018 3020
f 3019 3020 3021
f 3021 3020 3022
f 3021 3022 3023
f 3023 3022 3024
f 3023 3024 3025
f 3025 3024 3026
f 3025 3026 3027
f 3027 3026 3028
f 3027 3028 3029
f 3029 3028 3030
f 3029 3030 3031
f 3031 3030 3032
f 3031 3032 3033
f 3033 3032 3034
f 3033 3034 3035
f 3035 3034 3036
f 3035 3036 3037
f 3037 3036 3038
f 3037 3038 3039
f 3039 3038 3040
f 3039 3040 3041
f 3041 3040 3042
f 3041 3042 3043
f 3043 3042 3044
f 3043 3044 3045
f 3045 3044 3046
f 3045 3046 3047
f 3047 3046 3048
f 3047 3048 3049
f 3049 3048 3050
f 3049 3050 3051
f 3051 3050 3052
f 3051 3052 3053
f 3053 3052 3054
f 3053 3054 3055
f 3055 3054 3056
f 3055 3056 3057
f 3057 3056 3058
f 3057 3058 3059
f 3059 3058 3060
f 3059 3060 3061
f 3061 3060 3062
f 3061 3062 3063
f 3063 3062 3064
f 3063 3064 3065
f 3065 3064 3066
f 3065 3066 3067
f 3067 3066 3068
f 3067 3068 3069
f 3069 3068 3070
f 3069 3070 3071
f 3071 3070 3072
f 3071 3072 3073
f 3073 3072 3074
f 3073 3074 3075
f 3075 3074 3076
f 3075 3076 3077
f 3077 3076 3078
f 3077 3078 3079
f 3079 3078 3080
f 3079 3080 3081
f 3081 3080 3082
f 3081 3082 3083
f 3083 3082 3084
f 3083 3084 3085
f 3085 3084 3086
f 3085 3086 3087
f 3087 3086 3088
f 3087 3088 3089
f 3089 3088 3090
f 3089 3090 3091
f 3091 3090 3092
f 3091 3092 3093
f 3093 3092 3094
f 3093 3094 3095
f 3095 3094 3096
f 3095 3096 3097
f 3097 3096 3098
f 3097 3098 3099
f 3099 3098 3100
f 3099 3100 3101
f 3101 3100 3102
f 3101 3102 3103
f 3103 3102 3104
f 3103 3104 3105
f 3105 3104 3106
f 3105 3106 3107
f 3107 3106 3108
f 3107 3108 3109
f 3109 3108 3110
f 3109 3110 3111
f 3111 3110 3112
f 3111 3112 3113
f 3113 3112 3114
f 3113 3114 3115
f 3115 3114 3116
f 3115 3116 3117
f 3117 3116 3118
f 3117 3118 3119
f 3119 3118 3120
f 3119 3120 3121
f 3121 3120 3122
f 3121 3122 3123
f 3123 3122 3124
f 3123 3124 3125
f 3125 3124 3126
f 3125 3126 3127
f 3127 3126 3128
f 3127 3128 3129
f 3129 3128 3130
f 3129 3130 3131
f 3131 3130 3132
f 3131 3132 3133
f 3133 3132 3134
f 3133 3134 3135
f 3135 3134 3136
f 3135 3136 3137
f 3137 3136 3138
f 3137 3138 3139
f 3139 3138 3140
f 3139 3140 3141
f 3141 3140 3142
f 3141 3142 3143
f 3143 3142 3144
f 3143 3144 3145
f 3145 3144 3146
f 3145 3146 3147
f 3147 3146 3148
f 3147 3148 3149
f 3149 3148 3150
f 3149 3150 3151
f 3151 3150 3152
f 3151 3152 3153
f 3153 3152 3154
f 3153 3154 3155
f 3155 3154 3156
f 3155 3156 3157
f 3157 3156 3158
f 3157 3158 3159
f 3159 3158 3160
f 3159 3160 3161
f 3161 3160 3162
f 3161 3162 3163
f 3163 3162 3164
f 3163 3164 3165
f 3165 3164 3166
f 3165 3166 3167
f 3167 3166 3168
f 3167 3168 3169
f 3169 3168 3170
f 3169 3170 3171
f 3171 3170 3172
f 3171 3172 3173
f 3173 3172 3174
f 3173 3174 3175
f 3175 3174 3176
f 3175 3176 3177
f 3177 3176 3178
f 3177 3178 3179
f 3179 3178 3180
f 3179 3180 3181
f 3181 3180 3182
f 3181 3182 3183
f 3183 3182 3184
f 3183 3184 3185
f 3185 3184 3186
f 3185 3186 3187
f 3187 3186 3188
f 3187 3188 3189
f 3189 3188 3190
f 3189 3190 3191
f 3191 3190 3192
f 3191 3192 3193
f 3193 3192 3194
f 3193 3194 3195
f 3195 3194 3196
f 3195 3196 3197
f 3197 3196 3198
f 3197 3198 3199
f 3199 3198 3200
f 3199 3200 3201
f 3201 3200 3202
f 3201 3202 3203
f 3203 3202 3204
f 3203 3204 3205
f 3205 3204 3206
f 3205 3206 3207
f 3207 3206 3208
f 3207 3208 3209
f 3209 3208 3210
f 3209 3210 3211
f 3211 3210 3212
f 3211 3212 3213
f 3213 3212 3214
f 3213 3214 3215
f 3215 3214 3216
f 3215 3216 3217
f 3217 3216 3218
f 3217 3218 3219
f 3219 3218 3220
f 3219 3220 3221
f 3221 3220 3222
f 3221 3222 3223
f 3223 3222 3224
f 3223 3224 3225
f 3225 3224 3226
f 3225 3226 3227
f 3227 3226 3228
f 3227 3228 3229
f 3229 3228 3230
f 3229 3230 3231
f 3231 3230 3232
f 3231 3232 3233
f 3233 3232 3234
f 3233 3234 3235
f 3235 3234 3236
f 3235 3236 3237
f 3237 3236 3238
f 3237 3238 3239
f 3239 3238 3240
f 3239 3240 3241
f 3241 3240 3242
f 3241 3242 3243
f 3243 3242 3244
f 3243 3244 3245
f 3245 3244 3246
f 3245 3246 3247
f 3247 3246 3248
f 3247 3248 3249
f 3249 3248 3250
f 3249 3250 3251
f 3251 3250 3252
f 3251 3252 3253
f 3253 3252 3254
f 3253 3254 3255
f 3255 3254 3256
f 3255 3256 3257
f 3257 3256 3258
f 3257 3258 3259
f 3259 3258 3260
f 3259 3260 3261
f 3261 3260 3262
f 3261 3262 3263
f 3263 3262 3264
f 3263 3264 3265
f 3265 3264 3266
f 3265 3266 3267
f 3267 3266 3268
f 3267 3268 3269
f 3269 3268 3270
f 3269 3270 3271
f 3271 3270 3272
f 3271 3272 3273
f 3273 3272 3274
f 3273 3274 3275
f 3275 3274 3276
f 3275 3276 3277
f 3277 3276 3278
f 3277 3278 3279
f 3279 3278 3280
f 3279 3280 3281
f 3281 3280 3282
f 3281 3282 3283
f 3283 3282 3284
f 3283 3284 3285
f 3285 3284 3286
f 3285 3286 3287
f 3287 3286 3288
f 3287 3288 3289
f 3289 3288 3290
f 3289 3290 3291
f 3291 3290 3292
f 3291 3292 3293
f 3293 3292 3294
f 3293 3294 3295
f 3295 3294 3296
f 3295 3296 3297
f 3297 3296 3298
f 3297 3298 3299
f 3299 3298 3300
f 3299 3300 3301
f 3301 3300 3302
f 3301 3302 3303
f 3303 3302 3304
f 3303 3304 3305
f 3305 3304 3306
f 3305 3306 3307
f 3307 3306 3308
f 3307 3308 3309
f 3309 3308 3310
f 3309 3310 3311
f 3311 3310 3312
f 3311 3312 3313
f 3313 3312 3314
f 3313 3314 3315
f 3315 3314 3316
f 3315 3316 3317
f 3317 3316 3318
f 3317 3318 3319
f 3319 3318 3320
f 3319 3320 3321
f 3321 3320 3322
f 3321 3322 3323
f 3323 3322 3324
f 3323 3324 3325
f 3325 3324 3326
f 3325 3326 3327
f 3327 3326 3328
f 3327 3328 3329
f 3329 3328 3330
f 3329 3330 3331
f 3331 3330 3332
f 3331 3332 3333
f 3333 3332 3334
f 3333 3334 3335
f 3335 3334 3336
f 3335 3336 3337
f 3337 3336 3338
f 3337 3338 3339
f 3339 3338 3340
f 3339 3340 3341
f 3341 3340 3342
f 3341 3342 3343
f 3343 3342 3344
f 3343 3344 3345
f 3345 3344 3346
f 3345 3346 3347
f 3347 3346 3348
f 3347 3348 3349
f 3349 3348 3350
f 3349 3350 3351
f 3351 3350 3352
f 3351 3352 3353
f 3353 3352 3354
f 3353 3354 3355
f 3355 3354 3356
f 3355 3356 3357
f 3357 3356 3358
f 3357 3358 3359
f 3359 3358 3360
f 3359 3360 3361
f 3361 3360 3362
f 3361 3362 3363
f 3363 3362 3364
f 3363 3364 3365
f 3365 3364 3366
f 3365 3366 3367
f 3367 3366 3368
f 3367 3368 3369
f 3369 3368 3370
f 3369 3370 3371
f 3371 3370 3372
f 3371 3372 3373
f 3373 3372 3374
f 3373 3374 3375
f 3375 3374 3376
f 3375 3376 3377
f 3377 3376 3378
f 3377 3378 3379
f 3379 3378 3380
f 3379 3380 3381
f 3381 3380 3382
f 3381 3382 3383
f 3383 3382 3384
f 3383 3384 3385
f 3385 3384 3386
f 3385 3386 3387
f 3387 3386 3388
f 3387 3388 3389
f 3389 3388 3390
f 3389 3390 3391
f 3391 3390 3392
f 3391 3392 3393
f 3393 3392 3394
f 3393 3394 3395
f 3395 3394 3396
f 3395 3396 3397
f 3397 3396 3398
f 3397 3398 3399
f 3399 3398 3400
f 3399 3400 3401
f 3401 3400 3402
f 3401 3402 3403
f 3403 3402 3404
f 3403 3404 3405
f 3405 3404 3406
f 3405 3406 3407
f 3407 3406 3408
f 3407 3408 3409
f 3409 3408 3410
f 3409 3410 3411
f 3411 3410 3412
f 3411 3412 3413
f 3413 3412 3414
f 3413 3414 3415
f 3415 3414 3416
f 3415 3416 3417
f 3417 3416 3418
f 3417 3418 3419
f 3419 3418 3420
f 3419 3420 3421
f 3421 3420 3422
f 3421 3422 3423
f 3423 3422 3424
f 3423 3424 3425
f 3425 3424 3426
f 3425 3426 3427
f 3427 3426 3428
f 3427 3428 3429
f 3429 3428 3430
f 3429 3430 3431
f 3431 3430 3432
f 3431 3432 3433
f 3433 3432 3434
f 3433 3434 3435
f 3435 3434 3436
f 3435 3436 3437
f 3437 3436 3438
f 3437 3438 3439
f 3439 3438 3440
f 3439 3440 3441
f 3441 3440 3442
f 3441 3442 3443
f 3443 3442 3444
f 3443 3444 3445
f 3445 3444 3446
f 3445 3446 3447
f 3447 3446 3448
f 3447 3448 3449
f 3449 3448 3450
f 3449 3450 3451
f 3451 3450 3452
f 3451 3452 3453
f 3453 3452 3454
f 3453 3454 3455
f 3455 3454 3456
f 3455 3456 3457
f 3457 3456 3458
f 3457 3458 3459
f 3459 3458 3460
f 3459 3460 3461
f 3461 3460 3462
f 3461 3462 3463
f 3463 3462 3464
f 3463 3464 3465
f 3465 3464 3466
f 3465 3466 3467
f 3467 3466 3468
f 3467 3468 3469
f 3469 3468 3470
f 3469 3470 3471
f 3471 3470 3472
f 3471 3472 3473
f 3473 3472 3474
f 3473 3474 3475
f 3475 3474 3476
f 3475 3476 3477
f 3477 3476 3478
f 3477 3478 3479
f 3479 3478 3480
f 3479 3480 3481
f 3481 3480 3482
f 3481 3482 3483
f 3483 3482 3484
f 3483 3484 3485
f 3485 3484 3486
f 3485 3486 3487
f 3487 3486 3488
f 3487 3488 3489
f 3489 3488 3490
f 3489 3490 3491
f 3491 3490 3492
f 3491 3492 3493
f 3493 3492 3494
f 3493 3494 3495
f 3495 3494 3496
f 3495 3496 3497
f 3497 3496 3498
f 3497 3498 3499
f 3499 3498 3500
f 3499 3500 3501
f 3501 3500 3502
f 3501 3502 3503
f 3503 3502 3504
f 3503 3504 3505
f 3505 3504 3506
f 3505 3506 3507
f 3507 3506 3508
f 3507 3508 3509
f 3509 3508 3510
f 3509 3510 3511
f 3511 3510 3512
f 3511 3512 3513
f 3513 3512 3514
f 3513 3514 3515
f 3515 3514 3516
f 3515 3516 3517
f 3517 3516 3518
f 3517 3518 3519
f 3519 3518 3520
f 3519 3520 3521
f 3521 3520 3522
f 3521 3522 3523
f 3523 3522 3524
f 3523 3524 3525
f 3525 3524 3526
f 3525 3526 3527
f 3527 3526 3528
f 3527 3528 3529
f 3529 3528 3530
f 3529 3530 3531
f 3531 3530 3532
f 3531 3532 3533
f 3533 3532 3534
f 3533 3534 3535
f 3535 3534 3536
f 3535 3536 3537
f 3537 3536 3538
f 3537 3538 3539
f 3539 3538 3540
f 3539 3540 3541
f 3541 3540 3542
f 3541 3542 3543
f 3543 3542 3544
f 3543 3544 3545
f 3545 3544 3546
f 3545 3546 3547
f 3547 3546 3548
f 3547 3548 3549
f 3549 3548 3550
f 3549 3550 3551
f 3551 3550 3552
f 3551 3552 3553
f 3553 3552 3554
f 3553 3554 3555
f 3555 3554 3556
f 3555 3556 3557
f 3557 3556 3558
f 3557 3558 3559
f 3559 3558 3560
f 3559 3560 3561
f 3561 3560 3562
f 3561 3562 3563
f 3563 3562 3564
f 3563 3564 3565
f 3565 3564 3566
f 3565 3566 3567
f 3567 3566 3568
f 3567 3568 3569
f 3569 3568 3570
f 3569 3570 3571
f 3571 3570 3572
f 3571 3572 3573
f 3573 3572 3574
f 3573 3574 3575
f 3575 3574 3576
f 3575 3576 3577
f 3577 3576 3578
f 3577 3578 3579
f 3579 3578 3580
f 3579 3580 3581
f 3581 3580 3582
f 3581 3582 3583
f 3583 3582 3584
f 3583 3584 3585
f 3585 3584 3586
f 3585 3586 3587
f 3587 3586 3588
f 3587 3588 3589
f 3589 3588 3590
f 3589 3590 3591
f 3591 3590 3592
f 3591 3592 3593
f 3593 3592 3594
f 3593 3594 3595
f 3595 3594 3596
f 3595 3596 3597
f 3597 3596 3598
f 3597 3598 3599
f 3599 3598 3600
f 3599 3600 3601
f 3601 3600 3602
f 3601 3602 3603
f 3603 3602 3604
f 3603 3604 3605
f 3605 3604 3606
f 3605 3606 3607
f 3607 3606 3608
f 3607 3608 3609
f 3609 3608 3610
f 3609 3610 3611
f 3611 3610 3612
f 3611 3612 3613
f 3613 3612 3614
f 3613 3614 3615
f 3615 3614 3616
f 3615 3616 3617
f 3617 3616 3618
f 3617 3618 3619
f 3619 3618 3620
f 3619 3620 3621
f 3621 3620 3622
f 3621 3622 3623
f 3623 3622 3624
f 3623 3624 3625
f 3625 3624 3626
f 3625 3626 3627
f 3627 3626 3628
f 3627 3628 3629
f 3629 3628 3630
f 3629 3630 3631
f 3631 3630 3632
f 3631 3632 3633
f 3633 3632 3634
f 3633 3634 3635
f 3635 3634 3636
f 3635 3636 3637
f 3637 3636 3638
f 3637 3638 3639
f 3639 3638 3640
f 3639 3640 3641
f 3641 3640 3642
f 3641 3642 3643
f 3643 3642 3644
f 3643 3644 3645
f 3645 3644 3646
f 3645 3646 3647
f 3647 3646 3648
f 3647 3648 3649
f 3649 3648 3650
f 3649 3650 3651
f 3651 3650 3652
f 3651 3652 3653
f 3653 3652 3654
f 3653 3654 3655
f 3655 3654 3656
f 3655 3656 3657
f 3657 3656 3658
f 3657 3658 3659
f 3659 3658 3660
f 3659 3660 3661
f 3661 3660 3662
f 3661 3662 3663
f 3663 3662 3664
f 3663 3664 3665
f 3665 3664 3666
f 3665 3666 3667
f 3667 3666 3668
f 3667 3668 3669
f 3669 3668 3670
f 3669 3670 3671
f 3671 3670 3672
f 3671 3672 3673
f 3673 3672 3674
f 3673 3674 3675
f 3675 3674 3676
f 3675 3676 3677
f 3677 3676 3678
f 3677 3678 3679
f 3679 3678 3680
f 3679 3680 3681
f 3681 3680 3682
f 3681 3682 3683
f 3683 3682 3684
f 3683 3684 3685
f 3685 3684 3686
f 3685 3686 3687
f 3687 3686 3688
f 3687 3688 3689
f 3689 3688 3690
f 3689 3690 3691
f 3691 3690 3692
f 3691 3692 3693
f 3693 3692 3694
f 3693 3694 3695
f 3695 3694 3696
f 3695 3696 3697
f 3697 3696 3698
f 3697 3698 3699
f 3699 3698 3700
f 3699 3700 3701
f 3701 3700 3702
f 3701 3702 3703
f 3703 3702 3704
f 3703 3704 3705
f 3705 3704 3706
f 3705 3706 3707
f 3707 3706 3708
f 3707 3708 3709
f 3709 3708 3710
f 3709 3710 3711
f 3711 3710 3712
f 3711 3712 3713
f 3713 3712 3714
f 3713 3714 3715
f 3715 3714 3716
f 3715 3716 3717
f 3717 3716 3718
f 3717 3718 3719
f 3719 3718 3720
f 3719 3720 3721
f 3721 3720 3722
f 3721 3722 3723
f 3723 3722 3724
f 3723 3724 3725
f 3725 3724 3726
f 3725 3726 3727
f 3727 3726 3728
f 3727 3728 3729
f 3729 3728 3730
f 3729 3730 3731
f 3731 3730 3732
f 3731 3732 3733
f 3733 3732 3734
f 3733 3734 3735
f 3735 3734 3736
f 3735 3736 3737
f 3737 3736 3738
f 3737 3738 3739
f 3739 3738 3740
f 3739 3740 3741
f 3741 3740 3742
f 3741 3742 3743
f 3743 3742 3744
f 3743 3744 3745
f 3745 3744 3746
f 3745 3746 3747
f 3747 3746 3748
f 3747 3748 3749
f 3749 3748 3750
f 3749 3750 3751
f 3751 3750 3752
f 3751 3752 3753
f 3753 3752 3754
f 3753 3754 3755
f 3755 3754 3756
f 3755 3756 3757
f 3757 3756 3758
f 3757 3758 3759
f 3759 3758 3760
f 3759 3760 3761
f 3761 3760 3762
f 3761 3762 3763
f 3763 3762 3764
f 3763 3764 3765
f 3765 3764 3766
f 3765 3766 3767
f 3767 3766 3768
f 3767 3768 3769
f 3769 3768 3770
f 3769 3770 3771
f 3771 3770 3772
f 3771 3772 3773
f 3773 3772 3774
f 3773 3774 3775
f 3775 3774 3776
f 3775 3776 3777
f 3777 3776 3778
f 3777 3778 3779
f 3779 3778 3780
f 3779 3780 3781
f 3781 3780 3782
f 3781 3782 3783
f 3783 3782 3784
f 3783 3784 3785
f 3785 3784 3786
f 3785 3786 3787
f 3787 3786 3788
f 3787 3788 3789
f 3789 3788 3790
f 3789 3790 3791
f 3791 3790 3792
f 3791 3792 3793
f 3793 3792 3794
f 3793 3794 3795
f 3795 3794 3796
f 3795 3796 3797
f 3797 3796 3798
f 3797 3798 3799
f 3799 3798 3800
f 3799 3800 3801
f 3801 3800 3802
f 3801 3802 3803
f 3803 3802 3804
f 3803 3804 3805
f 3805 3804 3806
f 3805 3806 3807
f 3807 3806 3808
f 3807 3808 3809
f 3809 3808 3810
f 3809 3810 3811
f 3811 3810 3812
f 3811 3812 3813
f 3813 3812 3814
f 3813 3814 3815
f 3815 3814 3816
f 3815 3816 3817
f 3817 3816 3818
f 3817 3818 3819
f 3819 3818 3820
f 3819 3820 3821
f 3821 3820 3822
f 3821 3822 3823
f 3823 3822 3824
f 3823 3824 3825
f 3825 3824 3826
f 3825 3826 3827
f 3827 3826 3828
f 3827 3828 3829
f 3829 3828 3830
f 3829 3830 3831
f 3831 3830 3832
f 3831 3832 3833
f 3833 3832 3834
f 3833 3834 3835
f 3835 3834 3836
f 3835 3836 3837
f 3837 3836 3838
f 3837 3838 3839
f 3839 3838 3840
f 3839 3840 3841
f 3841 3840 3842
f 3841 3842 3843
f 3843 3842 3844
f 3843 3844 3845
f 3845 3844 3846
f 3845 3846 3847
f 3847 3846 3848
f 3847 3848 3849
f 3849 3848 3850
f 3849 3850 3851
f 3851 3850 3852
f 3851 3852 3853
f 3853 3852 3854
f 3853 3854 3855
f 3855 3854 3856
f 3855 3856 3857
f 3857 3856 3858
f 3857 3858 3859
f 3859 3858 3860
f 3859 3860 3861
f 3861 3860 3862
f 3861 3862 3863
f 3863 3862 3864
f 3863 3864 3865
f 3865 3864 3866
f 3865 3866 3867
f 3867 3866 3868
f 3867 3868 3869
f 3869 3868 3870
f 3869 3870 3871
f 3871 3870 3872
f 3871 3872 3873
f 3873 3872 3874
f 3873 3874 3875
f 3875 3874 3876
f 3875 3876 3877
f 3877 3876 3878
f 3877 3878 3879
f 3879 3878 3880
f 3879 3880 3881
f 3881 3880 3882
f 3881 3882 3883
f 3883 3882 3884
f 3883 3884 3885
f 3885 3884 3886
f 3885 3886 3887
f 3887 3886 3888
f 3887 3888 3889
f 3889 3888 3890
f 3889 3890 3891
f 3891 3890 3892
f 3891 3892 3893
f 3893 3892 3894
f 3893 3894 3895
f 3895 3894 3896
f 3895 3896 3897
f 3897 3896 3898
f 3897 3898 3899
f 3899 3898 3900
f 3899 3900 3901
f 3901 3900 3902
f 3901 3902 3903
f 3903 3902 3904
f 3903 3904 3905
f 3905 3904 3906
f 3905 3906 3907
f 3907 3906 3908
f 3907 3908 3909
f 3909 3908 3910
f 3909 3910 3911
f 3911 3910 3912
f 3911 3912 3913
f 3913 3912 3914
f 3913 3914 3915
f 3915 3914 3916
f 3915 3916 3917
f 3917 3916 3918
f 3917 3918 3919
f 3919 3918 3920
f 3919 3920 3921
f 3921 3920 3922
f 3921 3922 3923
f 3923 3922 3924
f 3923 3924 3925
f 3925 3924 3926
f 3925 3926 3927
f 3927 3926 3928
f 3927 3928 3929
f 3929 3928 3930
f 3929 3930 3931
f 3931 3930 3932
f 3931 3932 3933
f 3933 3932 3934
f 3933 3934 3935
f 3935 3934 3936
f 3935 3936 3937
f 3937 3936 3938
f 3937 3938 3939
f 3939 3938 3940
f 3939 3940 3941
f 3941 3940 3942
f 3941 3942 3943
f 3943 3942 3944
f 3943 3944 3945
f 3945 3944 3946
f 3945 3946 3947
f 3947 3946 3948
f 3947 3948 3949
f 3949 3948 3950
f 3949 3950 3951
f 3951 3950 3952
f 3951 3952 3953
f 3953 3952 3954
f 3953 3954 3955
f 3955 3954 3956
f 3955 3956 3957
f 3957 3956 3958
f 3957 3958 3959
f 3959 3958 3960
f 3959 3960 3961
f 3961 3960 3962
f 3961 3962 3963
f 3963 3962 3964
f 3963 3964 3965
f 3965 3964 3966
f 3965 3966 3967
f 3967 3966 3968
f 3967 3968 3969
f 3969 3968 3970
f 3969 3970 3971
f 3971 3970 3972
f 3971 3972 3973
f 3973 3972 3974
f 3973 3974 3975
f 3975 3974 3976
f 3975 3976 3977
f 3977 3976 3978
f 3977 3978 3979
f 3979 3978 3980
f 3979 3980 3981
f 3981 3980 3982
f 3981 3982 3983
f 3983 3982 3984
f 3983 3984 3985
f 3985 3984 3986
f 3985 3986 3987
f 3987 3986 3988
f 3987 3988 3989
f 3989 3988 3990
f 3989 3990 3991
f 3991 3990 3992
f 3991 3992 3993
f 3993 3992 3994
f 3993 3994 3995
f 3995 3994 3996
f 3995 3996 3997
f 3997 3996 3998
f 3997 3998 3999
f 3999 3998 4000
f 3999 4000 4001
f 4001 4000 4002
f 4001 4002 4003
f 4003 4002 4004
f 4003 4004 4005
f 4005 4004 4006
f 4005 4006 4007
f 4007 4006 4008
f 4007 4008 4009
f 4009 4008 4010
f 4009 4010 4011
f 4011 4010 4012
f 4011 4012 4013
f 4013 4012 4014
f 4013 4014 4015
f 4015 4014 4016
f 4015 4016 4017
f 4017 4016 4018
f 4017 4018 4019
f 4019 4018 4020
f 4019 4020 4021
f 4021 4020 4022
f 4021 4022 4023
f 4023 4022 4024
f 4023 4024 4025
f 4025 4024 4026
f 4025 4026 4027
f 4027 4026 4028
f 4027 4028 4029
f 4029 4028 4030
f 4029 4030 4031
f 4031 4030 4032
f 4031 4032 4033
f 4033 4032 4034
f 4033 4034 4035
f 4035 4034 4036
f 4035 4036 4037
f 4037 4036 4038
f 4037 4038 4039
f 4039 4038 4040
f 4039 4040 4041
f 4041 4040 4042
f 4041 4042 4043
f 4043 4042 4044
f 4043 4044 4045
f 4045 4044 4046
f 4045 4046 4047
f 4047 4046 4048
f 4047 4048 4049
f 4049 4048 4050
f 4049 4050 4051
f 4051 4050 4052
f 4051 4052 4053
f 4053 4052 4054
f 4053 4054 4055
f 4055 4054 4056
f 4055 4056 4057
f 4057 4056 4058
f 4057 4058 4059
f 4059 4058 4060
f 4059 4060 4061
f 4061 4060 4062
f 4061 4062 4063
f 4063 4062 4064
f 4063 4064 4065
f 4065 4064 4066
f 4065 4066 4067
f 4067 4066 4068
f 4067 4068 4069
f 4069 4068 4070
f 4069 4070 4071
f 4071 4070 4072
f 4071 4072 4073
f 4073 4072 4074
f 4073 4074 4075
f 4075 4074 4076
f 4075 4076 4077
f 4077 4076 4078
f 4077 4078 4079
f 4079 4078 4080
f 4079 4080 4081
f 4081 4080 4082
f 4081 4082 4083
f 4083 4082 4084
f 4083 4084 4085
f 4085 4084 4086
f 4085 4086 4087
f 4087 4086 4088
f 4087 4088 4089
f 4089 4088 4090
f 4089 4090 4091
f 4091 4090 4092
f 4091 4092 4093
f 4093 4092 4094
f 4093 4094 4095
f 4095 4094 4096
f 4095 4096 4097
f 4097 4096 4098
f 4097 4098 4099
f 4099 4098 4100
f 4099 4100 4101
f 4101 4100 4102
f 4101 4102 4103
f 4103 4102 4104
f 4103 4104 4105
f 4105 4104 4106
f 4105 4106 4107
f 4107 4106 4108
f 4107 4108 4109
f 4109 4108 4110
f 4109 4110 4111
f 4111 4110 4112
f 4111 4112 4113
f 4113 4112 4114
f 4113 4114 4115
f 4115 4114 4116
f 4115 4116 4117
f 4117 4116 4118
f 4117 4118 4119
f 4119 4118 4120
f 4119 4120 4121
f 4121 4120 4122
f 4121 4122 4123
f 4123 4122 4124
f 4123 4124 4125
f 4125 4124 4126
f 4125 4126 4127
f 4127 4126 4128
f 4127 4128 4129
f 4129 4128 4130
f 4129 4130 4131
f 4131 4130 4132
f 4131 4132 4133
f 4133 4132 4134
f 4133 4134 4135
f 4135 4134 4136
f 4135 4136 4137
f 4137 4136 4138
f 4137 4138 4139
f 4139 4138 4140
f 4139 4140 4141
f 4141 4140 4142
f 4141 4142 4143
f 4143 4142 4144
f 4143 4144 4145
f 4145 4144 4146
f 4145 4146 4147
f 4147 4146 4148
f 4147 4148 4149
f 4149 4148 4150
f 4149 4150 4151
f 4151 4150 4152
f 4151 4152 4153
f 4153 4152 4154
f 4153 4154 4155
f 4155 4154 4156
f 4155 4156 4157
f 4157 4156 4158
f 4157 4158 4159
f 4159 4158 4160
f 4159 4160 4161
f 4161 4160 4162
f 4161 4162 4163
f 4163 4162 4164
f 4163 4164 4165
f 4165 4164 4166
f 4165 4166 4167
f 4167 4166 4168
f 4167 4168 4169
f 4169 4168 4170
f 4169 4170 4171
f 4171 4170 4172
f 4171 4172 4173
f 4173 4172 4174
f 4173 4174 4175
f 4175 4174 4176
f 4175 4176 4177
f 4177 4176 4178
f 4177 4178 4179
f 4179 4178 4180
f 4179 4180 4181
f 4181 4180 4182
f 4181 4182 4183
f 4183 4182 4184
f 4183 4184 4185
f 4185 4184 4186
f 4185 4186 4187
f 4187 4186 4188
f 4187 4188 4189
f 4189 4188 4190
f 4189 4190 4191
f 4191 4190 4192
f 4191 4192 4193
f 4193 4192 4194
f 4193 4194 4195
f 4195 4194 4196
f 4195 4196 4197
f 4197 4196 4198
f 4197 4198 4199
f 4199 4198 4200
f 4199 4200 4201
f 4201 4200 4202
f 4201 4202 4203
f 4203 4202 4204
f 4203 4204 4205
f 4205 4204 4206
f 4205 4206 4207
f 4207 4206 4208
f 4207 4208 4209
f 4209 4208 4210
f 4209 4210 4211
f 4211 4210 4212
f 4211 4212 4213
f 4213 4212 4214
f 4213 4214 4215
f 4215 4214 4216
f 4215 4216 4217
f 4217 4216 4218
f 4217 4218 4219
f 4219 4218 4220
f 4219 4220 4221
f 4221 4220 4222
f 4221 4222 4223
f 4223 4222 4224
f 4223 4224 4225
f 4225 4224 4226
f 4225 4226 4227
f 4227 4226 4228
f 4227 4228 4229
f 4229 4228 4230
f 4229 4230 4231
f 4231 4230 4232
f 4231 4232 4233
f 4233 4232 4234
f 4233 4234 4235
f 4235 4234 4236
f 4235 4236 4237
f 4237 4236 4238
f 4237 4238 4239
f 4239 4238 4240
f 4239 4240 4241
f 4241 4240 4242
f 4241 4242 4243
f 4243 4242 4244
f 4243 4244 4245
f 4245 4244 4246
f 4245 4246 4247
f 4247 4246 4248
f 4247 4248 4249
f 4249 4248 4250
f 4249 4250 4251
f 4251 4250 4252
f 4251 4252 4253
f 4253 4252 4254
f 4253 4254 4255
f 4255 4254 4256
f 4255 4256 4257
f 4257 4256 4258
f 4257 4258 4259
f 4259 4258 4260
f 4259 4260 4261
f 4261 4260 4262
f 4261 4262 4263
f 4263 4262 4264
f 4263 4264 4265
f 4265 4264 4266
f 4265 4266 4267
f 4267 4266 4268
f 4267 4268 4269
f 4269 4268 4270
f 4269 4270 4271
f 4271 4270 4272
f 4271 4272 4273
f 4273 4272 4274
f 4273 4274 4275
f 4275 4274 4276
f 4275 4276 4277
f 4277 4276 4278
f 4277 4278 4279
f 4279 4278 4280
f 4279 4280 4281
f 4281 4280 4282
f 4281 4282 4283
f 4283 4282 4284
f 4283 4284 4285
f 4285 4284 4286
f 4285 4286 4287
f 4287 4286 4288
f 4287 4288 4289
f 4289 4288 4290
f 4289 4290 4291
f 4291 4290 4292
f 4291 4292 4293
f 4293 4292 4294
f 4293 4294 4295
f 4295 4294 4296
f 4295 4296 4297
f 4297 4296 4298
f 4297 4298 4299
f 4299 4298 4300
f 4299 4300 4301
f 4301 4300 4302
f 4301 4302 4303
f 4303 4302 4304
f 4303 4304 4305
f 4305 4304 4306
f 4305 4306 4307
f 4307 4306 4308
f 4307 4308 4309
f 4309 4308 4310
f 4309 4310 4311
f 4311 4310 4312
f 4311 4312 4313
f 4313 4312 4314
f 4313 4314 4315
f 4315 4314 4316
f 4315 4316 4317
f 4317 4316 4318
f 4317 4318 4319
f 4319 4318 4320
f 4319 4320 4321
f 4321 4320 4322
f 4321 4322 4323
f 4323 4322 4324
f 4323 4324 4325
f 4325 4324 4326
f 4325 4326 4327
f 4327 4326 4328
f 4327 4328 4329
f 4329 4328 4330
f 4329 4330 4331
f 4331 4330 4332
f 4331 4332 4333
f 4333 4332 4334
f 4333 4334 4335
f 4335 4334 4336
f 4335 4336 4337
f 4337 4336 4338
f 4337 4338 4339
f 4339 4338 4340
f 4339 4340 4341
f 4341 4340 4342
f 4341 4342 4343
f 4343 4342 4344
f 4343 4344 4345
f 4345 4344 4346
f 4345 4346 4347
f 4347 4346 4348
f 4347 4348 4349
f 4349 4348 4350
f 4349 4350 4351
f 4351 4350 4352
f 4351 4352 4353
f 4353 4352 4354
f 4353 4354 4355
f 4355 4354 4356
f 4355 4356 4357
f 4357 4356 4358
f 4357 4358 4359
f 4359 4358 4360
f 4359 4360 4361
f 4361 4360 4362
f 4361 4362 4363
f 4363 4362 4364
f 4363 4364 4365
f 4365 4364 4366
f 4365 4366 4367
f 4367 4366 4368
f 4367 4368 4369
f 4369 4368 4370
f 4369 4370 4371
f 4371 4370 4372
f 4371 4372 4373
f 4373 4372 4374
f 4373 4374 4375
f 4375 4374 4376
f 4375 4376 4377
f 4377 4376 4378
f 4377 4378 4379
f 4379 4378 4380
f 4379 4380 4381
f 4381 4380 4382
f 4381 4382 4383
f 4383 4382 4384
f 4383 4384 4385
f 4385 4384 4386
f 4385 4386 4387
f 4387 4386 4388
f 4387 4388 4389
f 4389 4388 4390
f 4389 4390 4391
f 4391 4390 4392
f 4391 4392 4393
f 4393 4392 4394
f 4393 4394 4395
f 4395 4394 4396
f 4395 4396 4397
f 4397 4396 4398
f 4397 4398 4399
f 4399 4398 4400
f 4399 4400 4401
f 4401 4400 4402
f 4401 4402 4403
f 4403 4402 4404
f 4403 4404 4405
f 4405 4404 4406
f 4405 4406 4407
f 4407 4406 4408
f 4407 4408 4409
f 4409 4408 4410
f 4409 4410 4411
f 4411 4410 4412
f 4411 4412 4413
f 4413 4412 4414
f 4413 4414 4415
f 4415 4414 4416
f 4415 4416 4417
f 4417 4416 4418
f 4417 4418 4419
f 4419 4418 4420
f 4419 4420 4421
f 4421 4420 4422
f 4421 4422 4423
f 4423 4422 4424
f 4423 4424 4425
f 4425 4424 4426
f 4425 4426 4427
f 4427 4426 4428
f 4427 4428 4429
f 4429 4428 4430
f 4429 4430 4431
f 4431 4430 4432
f 4431 4432 4433
f 4433 4432 4434
f 4433 4434 4435
f 4435 4434 4436
f 4435 4436 4437
f 4437 4436 4438
f 4437 4438 4439
f 4439 4438 4440
f 4439 4440 4441
f 4441 4440 4442
f 4441 4442 4443
f 4443 4442 4444
f 4443 4444 4445
f 4445 4444 4446
f 4445 4446 4447
f 4447 4446 4448
f 4447 4448 4449
f 4449 4448 4450
f 4449 4450 4451
f 4451 4450 4452
f 4451 4452 4453
f 4453 4452 4454
f 4453 4454 4455
f 4455 4454 4456
f 4455 4456 4457
f 4457 4456 4458
f 4457 4458 4459
f 4459 4458 4460
f 4459 4460 4461
f 4461 4460 4462
f 4461 4462 4463
f 4463 4462 4464
f 4463 4464 4465
f 4465 4464 4466
f 4465 4466 4467
f 4467 4466 4468
f 4467 4468 4469
f 4469 4468 4470
f 4469 4470 4471
f 4471 4470 4472
f 4471 4472 4473
f 4473 4472 4474
f 4473 4474 4475
f 4475 4474 4476
f 4475 4476 4477
f 4477 4476 4478
f 4477 4478 4479
f 4479 4478 4480
f 4479 4480 4481
f 4481 4480 4482
f 4481 4482 4483
f 4483 4482 4484
f 4483 4484 4485
f 4485 4484 4486
f 4485 4486 4487
f 4487 4486 4488
f 4487 4488 4489
f 4489 4488 4490
f 4489 4490 4491
f 4491 4490 4492
f 4491 4492 4493
f 4493 4492 4494
f 4493 4494 4495
f 4495 4494 4496
f 4495 4496 4497
f 4497 4496 4498
f 4497 4498 4499
f 4499 4498 4500
f 4499 4500 4501
f 4501 4500 4502
f 4501 4502 4503
f 4503 4502 4504
f 4503 4504 4505
f 4505 4504 4506
f 4505 4506 4507
f 4507 4506 4508
f 4507 4508 4509
f 4509 4508 4510
f 4509 4510 4511
f 4511 4510 4512
f 4511 4512 4513
f 4513 4512 4514
f 4513 4514 4515
f 4515 4514 4516
f 4515 4516 4517
f 4517 4516 4518
f 4517 4518 4519
f 4519 4518 4520
f 4519 4520 4521
f 4521 4520 4522
f 4521 4522 4523
f 4523 4522 4524
f 4523 4524 4525
f 4525 4524 4526
f 4525 4526 4527
f 4527 4526 4528
f 4527 4528 4529
f 4529 4528 4530
f 4529 4530 4531
f 4531 4530 4532
f 4531 4532 4533
f 4533 4532 4534
f 4533 4534 4535
f 4535 4534 4536
f 4535 4536 4537
f 4537 4536 4538
f 4537 4538 4539
f 4539 4538 4540
f 4539 4540 4541
f 4541 4540 4542
f 4541 4542 4543
f 4543 4542 4544
f 4543 4544 4545
f 4545 4544 4546
f 4545 4546 4547
f 4547 4546 4548
f 4547 4548 4549
f 4549 4548 4550
f 4549 4550 4551
f 4551 4550 4552
f 4551 4552 4553
f 4553 4552 4554
f 4553 4554 4555
f 4555 4554 4556
f 4555 4556 4557
f 4557 4556 4558
f 4557 4558 4559
f 4559 4558 4560
f 4559 4560 4561
f 4561 4560 4562
f 4561 4562 4563
f 4563 4562 4564
f 4563 4564 4565
f 4565 4564 4566
f 4565 4566 4567
f 4567 4566 4568
f 4567 4568 4569
f 4569 4568 4570
f 4569 4570 4571
f 4571 4570 4572
f 4571 4572 4573
f 4573 4572 4574
f 4573 4574 4575
f 4575 4574 4576
f 4575 4576 4577
f 4577 4576 4578
f 4577 4578 4579
f 4579 4578 4580
f 4579 4580 4581
f 4581 4580 4582
f 4581 4582 4583
f 4583 4582 4584
f 4583 4584 4585
f 4585 4584 4586
f 4585 4586 4587
f 4587 4586 4588
f 4587 4588 4589
f 4589 4588 4590
f 4589 4590 4591
f 4591 4590 4592
f 4591 4592 4593
f 4593 4592 4594
f 4593 4594 4595
f 4595 4594 4596
f 4595 4596 4597
f 4597 4596 4598
f 4597 4598 4599
f 4599 4598 4600
f 4599 4600 4601
f 4601 4600 4602
f 4601 4602 4603
f 4603 4602 4604
f 4603 4604 4605
f 4605 4604 4606
f 4605 4606 4607
f 4607 4606 4608
f 4607 4608 4609
f 4609 4608 4610
f 4609 4610 4611
f 4611 4610 4612
f 4611 4612 4613
f 4613 4612 4614
f 4613 4614 4615
f 4615 4614 4616
f 4615 4616 4617
f 4617 4616 4618
f 4617 4618 4619
f 4619 4618 4620
f 4619 4620 4621
f 4621 4620 4622
f 4621 4622 4623
f 4623 4622 4624
f 4623 4624 4625
f 4625 4624 4626
f 4625 4626 4627
f 4627 4626 4628
f 4627 4628 4629
f 4629 4628 4630
f 4629 4630 4631
f 4631 4630 4632
f 4631 4632 4633
f 4633 4632 4634
f 4633 4634 4635
f 4635 4634 4636
f 4635 4636 4637
f 4637 4636 4638
f 4637 4638 4639
f 4639 4638 4640
f 4639 4640 4641
f 4641 4640 4642
f 4641 4642 4643
f 4643 4642 4644
f 4643 4644 4645
f 4645 4644 4646
f 4645 4646 4647
f 4647 4646 4648
f 4647 4648 4649
f 4649 4648 4650
f 4649 4650 4651
f 4651 4650 4652
f 4651 4652 4653
f 4653 4652 4654
f 4653 4654 4655
f 4655 4654 4656
f 4655 4656 4657
f 4657 4656 4658
f 4657 4658 4659
f 4659 4658 4660
f 4659 4660 4661
f 4661 4660 4662
f 4661 4662 4663
f 4663 4662 4664
f 4663 4664 4665
f 4665 4664 4666
f 4665 4666 4667
f 4667 4666 4668
f 4667 4668 4669
f 4669 4668 4670
f 4669 4670 4671
f 4671 4670 4672
f 4671 4672 4673
f 4673 4672 4674
f 4673 4674 4675
f 4675 4674 4676
f 4675 4676 4677
f 4677 4676 4678
f 4677 4678 4679
f 4679 4678 4680
f 4679 4680 4681
f 4681 4680 4682
f 4681 4682 4683
f 4683 4682 4684
f 4683 4684 4685
f 4685 4684 4686
f 4685 4686 4687
f 4687 4686 4688
f 4687 4688 4689
f 4689 4688 4690
f 4689 4690 4691
f 4691 4690 4692
f 4691 4692 4693
f 4693 4692 4694
f 4693 4694 4695
f 4695 4694 4696
f 4695 4696 4697
f 4697 4696 4698
f 4697 4698 4699
f 4699 4698 4700
f 4699 4700 4701
f 4701 4700 4702
f 4701 4702 4703
f 4703 4702 4704
f 4703 4704 4705
f 4705 4704 4706
f 4705 4706 4707
f 4707 4706 4708
f 4707 4708 4709
f 4709 4708 4710
f 4709 4710 4711
f 4711 4710 4712
f 4711 4712 4713
f 4713 4712 4714
f 4713 4714 4715
f 4715 4714 4716
f 4715 4716 4717
f 4717 4716 4718
f 4717 4718 4719
f 4719 4718 4720
f 4719 4720 4721
f 4721 4720 4722
f 4721 4722 4723
f 4723 4722 4724
f 4723 4724 4725
f 4725 4724 4726
f 4725 4726 4727
f 4727 4726 4728
f 4727 4728 4729
f 4729 4728 4730
f 4729 4730 4731
f 4731 4730 4732
f 4731 4732 4733
f 4733 4732 4734
f 4733 4734 4735
f 4735 4734 4736
f 4735 4736 4737
f 4737 4736 4738
f 4737 4738 4739
f 4739 4738 4740
f 4739 4740 4741
f 4741 4740 4742
f 4741 4742 4743
f 4743 4742 4744
f 4743 4744 4745
f 4745 4744 4746
f 4745 4746 4747
f 4747 4746 4748
f 4747 4748 4749
f 4749 4748 4750
f 4749 4750 4751
f 4751 4750 4752
f 4751 4752 4753
f 4753 4752 4754
f 4753 4754 4755
f 4755 4754 4756
f 4755 4756 4757
f 4757 4756 4758
f 4757 4758 4759
f 4759 4758 4760
f 4759 4760 4761
f 4761 4760 4762
f 4761 4762 4763
f 4763 4762 4764
f 4763 4764 4765
f 4765 4764 4766
f 4765 4766 4767
f 4767 4766 4768
f 4767 4768 4769
f 4769 4768 4770
f 4769 4770 4771
f 4771 4770 4772
f 4771 4772 4773
f 4773 4772 4774
f 4773 4774 4775
f 4775 4774 4776
f 4775 4776 4777
f 4777 4776 4778
f 4777 4778 4779
f 4779 4778 4780
f 4779 4780 4781
f 4781 4780 4782
f 4781 4782 4783
f 4783 4782 4784
f 4783 4784 4785
f 4785 4784 4786
f 4785 4786 4787
f 4787 4786 4788
f 4787 4788 4789
f 4789 4788 4790
f 4789 4790 4791
f 4791 4790 4792
f 4791 4792 4793
f 4793 4792 4794
f 4793 4794 4795
f 4795 4794 4796
f 4795 4796 4797
f 4797 4796 4798
f 4797 4798 4799
f 4799 4798 4800
f 4799 4800 4801
f 4801 4800 4802
f 4801 4802 4803
f 4803 4802 4804
f 4803 4804 4805
f 4805 4804 4806
f 4805 4806 4807
f 4807 4806 4808
f 4807 4808 4809
f 4809 4808 4810
f 4809 4810 4811
f 4811 4810 4812
f 4811 4812 4813
f 4813 4812 4814
f 4813 4814 4815
f 4815 4814 4816
f 4815 4816 4817
f 4817 4816 4818
f 4817 4818 4819
f 4819 4818 4820
f 4819 4820 4821
f 4821 4820 4822
f 4821 4822 4823
f 4823 4822 4824
f 4823 4824 4825
f 4825 4824 4826
f 4825 4826 4827
f 4827 4826 4828
f 4827 4828 4829
f 4829 4828 4830
f 4829 4830 4831
f 4831 4830 4832
f 4831 4832 4833
f 4833 4832 4834
f 4833 4834 4835
f 4835 4834 4836
f 4835 4836 4837
f 4837 4836 4838
f 4837 4838 4839
f 4839 4838 4840
f 4839 4840 4841
f 4841 4840 4842
f 4841 4842 4843
f 4843 4842 4844
f 4843 4844 4845
f 4845 4844 4846
f 4845 4846 4847
f 4847 4846 4848
f 4847 4848 4849
f 4849 4848 4850
f 4849 4850 4851
f 4851 4850 4852
f 4851 4852 4853
f 4853 4852 4854
f 4853 4854 4855
f 4855 4854 4856
f 4855 4856 4857
f 4857 4856 4858
f 4857 4858 4859
f 4859 4858 4860
f 4859 4860 4861
f 4861 4860 4862
f 4861 4862 4863
f 4863 4862 4864
f 4863 4864 4865
f 4865 4864 4866
f 4865 4866 4867
f 4867 4866 4868
f 4867 4868 4869
f 4869 4868 4870
f 4869 4870 4871
f 4871 4870 4872
f 4871 4872 4873
f 4873 4872 4874
f 4873 4874 4875
f 4875 4874 4876
f 4875 4876 4877
f 4877 4876 4878
f 4877 4878 4879
f 4879 4878 4880
f 4879 4880 4881
f 4881 4880 4882
f 4881 4882 4883
f 4883 4882 4884
f 4883 4884 4885
f 4885 4884 4886
f 4885 4886 4887
f 4887 4886 4888
f 4887 4888 4889
f 4889 4888 4890
f 4889 4890 4891
f 4891 4890 4892
f 4891 4892 4893
f 4893 4892 4894
f 4893 4894 4895
f 4895 4894 4896
f 4895 4896 4897
f 4897 4896 4898
f 4897 4898 4899
f 4899 4898 4900
f 4899 4900 4901
f 4901 4900 4902
f 4901 4902 4903
f 4903 4902 4904
f 4903 4904 4905
f 4905 4904 4906
f 4905 4906 4907
f 4907 4906 4908
f 4907 4908 4909
f 4909 4908 4910
f 4909 4910 4911
f 4911 4910 4912
f 4911 4912 4913
f 4913 4912 4914
f 4913 4914 4915
f 4915 4914 4916
f 4915 4916 4917
f 4917 4916 4918
f 4917 4918 4919
f 4919 4918 4920
f 4919 4920 4921
f 4921 4920 4922
f 4921 4922 4923
f 4923 4922 4924
f 4923 4924 4925
f 4925 4924 4926
f 4925 4926 4927
f 4927 4926 4928
f 4927 4928 4929
f 4929 4928 4930
f 4929 4930 4931
f 4931 4930 4932
f 4931 4932 4933
f 4933 4932 4934
f 4933 4934 4935
f 4935 4934 4936
f 4935 4936 4937
f 4937 4936 4938
f 4937 4938 4939
f 4939 4938 4940
f 4939 4940 4941
f 4941 4940 4942
f 4941 4942 4943
f 4943 4942 4944
f 4943 4944 4945
f 4945 4944 4946
f 4945 4946 4947
f 4947 4946 4948
f 4947 4948 4949
f 4949 4948 4950
f 4949 4950 4951
f 4951 4950 4952
f 4951 4952 4953
f 4953 4952 4954
f 4953 4954 4955
f 4955 4954 4956
f 4955 4956 4957
f 4957 4956 4958
f 4957 4958 4959
f 4959 4958 4960
f 4959 4960 4961
f 4961 4960 4962
f 4961 4962 4963
f 4963 4962 4964
f 4963 4964 4965
f 4965 4964 4966
f 4965 4966 4967
f 4967 4966 4968
f 4967 4968 4969
f 4969 4968 4970
f 4969 4970 4971
f 4971 4970 4972
f 4971 4972 4973
f 4973 4972 4974
f 4973 4974 4975
f 4975 4974 4976
f 4975 4976 4977
f 4977 4976 4978
f 4977 4978 4979
f 4979 4978 4980
f 4979 4980 4981
f 4981 4980 4982
f 4981 4982 4983
f 4983 4982 4984
f 4983 4984 4985
f 4985 4984 4986
f 4985 4986 4987
f 4987 4986 4988
f 4987 4988 4989
f 4989 4988 4990
f 4989 4990 4991
f 4991 4990 4992
f 4991 4992 4993
f 4993 4992 4994
f 4993 4994 4995
f 4995 4994 4996
f 4995 4996 4997
f 4997 4996 4998
f 4997 4998 4999
f 4999 4998 5000
f 4999 5000 5001
f 5001 5000 5002
f 5001 5002 5003
f 5003 5002 5004
f 5003 5004 5005
f 5005 5004 5006
f 5005 5006 5007
f 5007 5006 5008
f 5007 5008 5009
f 5009 5008 5010
f 5009 5010 5011
f 5011 5010 5012
f 5011 5012 5013
f 5013 5012 5014
f 5013 5014 5015
f 5015 5014 5016
f 5015 5016 5017
f 5017 5016 5018
f 5017 5018 5019
f 5019 5018 5020
f 5019 5020 5021
f 5021 5020 5022
f 5021 5022 5023
f 5023 5022 5024
f 5023 5024 5025
f 5025 5024 5026
f 5025 5026 5027
f 5027 5026 5028
f 5027 5028 5029
f 5029 5028 5030
f 5029 5030 5031
f 5031 5030 5032
f 5031 5032 5033
f 5033 5032 5034
f 5033 5034 5035
f 5035 5034 5036
f 5035 5036 5037
f 5037 5036 5038
f 5037 5038 5039
f 5039 5038 5040
f 5039 5040 5041
f 5041 5040 5042
f 5041 5042 5043
f 5043 5042 5044
f 5043 5044 5045
f 5045 5044 5046
f 5045 5046 5047
f 5047 5046 5048
f 5047 5048 5049
f 5049 5048 5050
f 5049 5050 5051
f 5051 5050 5052
f 5051 5052 5053
f 5053 5052 5054
f 5053 5054 5055
f 5055 5054 5056
f 5055 5056 5057
f 5057 5056 5058
f 5057 5058 5059
f 5059 5058 5060
f 5059 5060 5061
f 5061 5060 5062
f 5061 5062 5063
f 5063 5062 5064
f 5063 5064 5065
f 5065 5064 5066
f 5065 5066 5067
f 5067 5066 5068
f 5067 5068 5069
f 5069 5068 5070
f 5069 5070 5071
f 5071 5070 5072
f 5071 5072 5073
f 5073 5072 5074
f 5073 5074 5075
f 5075 5074 5076
f 5075 5076 5077
f 5077 5076 5078
f 5077 5078 5079
f 5079 5078 5080
f 5079 5080 5081
f 5081 5080 5082
f 5081 5082 5083
f 5083 5082 5084
f 5083 5084 5085
f 5085 5084 5086
f 5085 5086 5087
f 5087 5086 5088
f 5087 5088 5089
f 5089 5088 5090
f 5089 5090 5091
f 5091 5090 5092
f 5091 5092 5093
f 5093 5092 5094
f 5093 5094 5095
f 5095 5094 5096
f 5095 5096 5097
f 5097 5096 5098
f 5097 5098 5099
f 5099 5098 5100
f 5099 5100 5101
f 5101 5100 5102
f 5101 5102 5103
f 5103 5102 5104
f 5103 5104 5105
f 5105 5104 5106
f 5105 5106 5107
f 5107 5106 5108
f 5107 5108 5109
f 5109 5108 5110
f 5109 5110 5111
f 5111 5110 5112
f 5111 5112 5113
f 5113 5112 5114
f 5113 5114 5115
f 5115 5114 5116
f 5115 5116 5117
f 5117 5116 5118
f 5117 5118 5119
f 5119 5118 5120
f 5119 5120 5121
f 5121 5120 5122
f 5121 5122 5123
f 5123 5122 5124
f 5123 5124 5125
f 5125 5124 5126
f 5125 5126 5127
f 5127 5126 5128
f 5127 5128 5129
f 5129 5128 5130
f 5129 5130 5131
f 5131 5130 5132
f 5131 5132 5133
f 5133 5132 5134
f 5133 5134 5135
f 5135 5134 5136
f 5135 5136 5137
f 5137 5136 5138
f 5137 5138 5139
f 5139 5138 5140
f 5139 5140 5141
f 5141 5140 5142
f 5141 5142 5143
f 5143 5142 5144
f 5143 5144 5145
f 5145 5144 5146
f 5145 5146 5147
f 5147 5146 5148
f 5147 5148 5149
f 5149 5148 5150
f 5149 5150 5151
f 5151 5150 5152
f 5151 5152 5153
f 5153 5152 5154
f 5153 5154 5155
f 5155 5154 5156
f 5155 5156 5157
f 5157 5156 5158
f 5157 5158 5159
f 5159 5158 5160
f 5159 5160 5161
f 5161 5160 5162
f 5161 5162 5163
f 5163 5162 5164
f 5163 5164 5165
f 5165 5164 5166
f 5165 5166 5167
f 5167 5166 5168
f 5167 5168 5169
f 5169 5168 5170
f 5169 5170 5171
f 5171 5170 5172
f 5171 5172 5173
f 5173 5172 5174
f 5173 5174 5175
f 5175 5174 5176
f 5175 5176 5177
f 5177 5176 5178
f 5177 5178 5179
f 5179 5178 5180
f 5179 5180 5181
f 5181 5180 5182
f 5181 5182 5183
f 5183 5182 5184
f 5183 5184 5185
f 5185 5184 5186
f 5185 5186 5187
f 5187 5186 5188
f 5187 5188 5189
f 5189 5188 5190
f 5189 5190 5191
f 5191 5190 5192
f 5191 5192 5193
f 5193 5192 5194
f 5193 5194 5195
f 5195 5194 5196
f 5195 5196 5197
f 5197 5196 5198
f 5197 5198 5199
f 5199 5198 5200
f 5199 5200 5201
f 5201 5200 5202
f 5201 5202 5203
f 5203 5202 5204
f 5203 5204 5205
f 5205 5204 5206
f 5205 5206 5207
f 5207 5206 5208
f 5207 5208 5209
f 5209 5208 5210
f 5209 5210 5211
f 5211 5210 5212
f 5211 5212 5213
f 5213 5212 5214
f 5213 5214 5215
f 5215 5214 5216
f 5215 5216 5217
f 5217 5216 5218
f 5217 5218 5219
f 5219 5218 5220
f 5219 5220 5221
f 5221 5220 5222
f 5221 5222 5223
f 5223 5222 5224
f 5223 5224 5225
f 5225 5224 5226
f 5225 5226 5227
f 5227 5226 5228
f 5227 5228 5229
f 5229 5228 5230
f 5229 5230 5231
f 5231 5230 5232
f 5231 5232 5233
f 5233 5232 5234
f 5233 5234 5235
f 5235 5234 5236
f 5235 5236 5237
f 5237 5236 5238
f 5237 5238 5239
f 5239 5238 5240
f 5239 5240 5241
f 5241 5240 5242
f 5241 5242 5243
f 5243 5242 5244
f 5243 5244 5245
f 5245 5244 5246
f 5245 5246 5247
f 5247 5246 5248
f 5247 5248 5249
f 5249 5248 5250
f 5249 5250 5251
f 5251 5250 5252
f 5251 5252 5253
f 5253 5252 5254
f 5253 5254 5255
f 5255 5254 5256
f 5255 5256 5257
f 5257 5256 5258
f 5257 5258 5259
f 5259 5258 5260
f 5259 5260 5261
f 5261 5260 5262
f 5261 5262 5263
f 5263 5262 5264
f 5263 5264 5265
f 5265 5264 5266
f 5265 5266 5267
f 5267 5266 5268
f 5267 5268 5269
f 5269 5268 5270
f 5269 5270 5271
f 5271 5270 5272
f 5271 5272 5273
f 5273 5272 5274
f 5273 5274 5275
f 5275 5274 5276
f 5275 5276 5277
f 5277 5276 5278
f 5277 5278 5279
f 5279 5278 5280
f 5279 5280 5281
f 5281 5280 5282
f 5281 5282 5283
f 5283 5282 5284
f 5283 5284 5285
f 5285 5284 5286
f 5285 5286 5287
f 5287 5286 5288
f 5287 5288 5289
f 5289 5288 5290
f 5289 5290 5291
f 5291 5290 5292
f 5291 5292 5293
f 5293 5292 5294
f 5293 5294 5295
f 5295 5294 5296
f 5295 5296 5297
f 5297 5296 5298
f 5297 5298 5299
f 5299 5298 5300
f 5299 5300 5301
f 5301 5300 5302
f 5301 5302 5303
f 5303 5302 5304
f 5303 5304 5305
f 5305 5304 5306
f 5305 5306 5307
f 5307 5306 5308
f 5307 5308 5309
f 5309 5308 5310
f 5309 5310 5311
f 5311 5310 5312
f 5311 5312 5313
f 5313 5312 5314
f 5313 5314 5315
f 5315 5314 5316
f 5315 5316 5317
f 5317 5316 5318
f 5317 5318 5319
f 5319 5318 5320
f 5319 5320 5321
f 5321 5320 5322
f 5321 5322 5323
f 5323 5322 5324
f 5323 5324 5325
f 5325 5324 5326
f 5325 5326 5327
f 5327 5326 5328
f 5327 5328 5329
f 5329 5328 5330
f 5329 5330 5331
f 5331 5330 5332
f 5331 5332 5333
f 5333 5332 5334
f 5333 5334 5335
f 5335 5334 5336
f 5335 5336 5337
f 5337 5336 5338
f 5337 5338 5339
f 5339 5338 5340
f 5339 5340 5341
f 5341 5340 5342
f 5341 5342 5343
f 5343 5342 5344
f 5343 5344 5345
f 5345 5344 5346
f 5345 5346 5347
f 5347 5346 5348
f 5347 5348 5349
f 5349 5348 5350
f 5349 5350 5351
f 5351 5350 5352
f 5351 5352 5353
f 5353 5352 5354
f 5353 5354 5355
f 5355 5354 5356
f 5355 5356 5357
f 5357 5356 5358
f 5357 5358 5359
f 5359 5358 5360
f 5359 5360 5361
f 5361 5360 5362
f 5361 5362 5363
f 5363 5362 5364
f 5363 5364 5365
f 5365 5364 5366
f 5365 5366 5367
f 5367 5366 5368
f 5367 5368 5369
f 5369 5368 5370
f 5369 5370 5371
f 5371 5370 5372
f 5371 5372 5373
f 5373 5372 5374
f 5373 5374 5375
f 5375 5374 5376
f 5375 5376 5377
f 5377 5376 5378
f 5377 5378 5379
f 5379 5378 5380
f 5379 5380 5381
f 5381 5380 5382
f 5381 5382 5383
f 5383 5382 5384
f 5385 5383 5387
f 5387 5383 5388
f 5388 5383 5389
f 5389 5383 5390
f 5390 5383 5391
f 5391 5383 5392
f 5392 5383 5393
f 5393 5383 5394
f 5394 5383 5395
f 5395 5383 5396
f 5396 5383 5397
f 5397 5383 5398
f 5398 5383 5399
f 5399 5383 5400
f 5400 5383 5401
f 5401 5383 5402
f 5402 5383 5403
f 5403 5383 5404
f 5404 5383 5405
f 5405 5383 5406
f 5406 5383 5407
f 5407 5383 5408
f 5408 5383 5409
f 5409 5383 5410
f 5410 5383 5411
f 5411 5383 5412
f 5412 5383 5413
f 5413 5383 5414
f 5414 5383 5415
f 5415 5383 5416
f 5416 5383 5417
f 5417 5383 5418
f 5418 5383 5419
f 5419 5383 5420
f 5420 5383 5421
f 5421 5383 5422
f 5422 5383 5423
f 5423 5383 5424
f 5424 5383 5425
f 5425 5383 5426
f 5426 5383 5427
f 5427 5383 5428
f 5428 5383 5430
f 5430 5383 5432
f 5432 5383 5434
f 5434 5383 5436
f 5436 5383 5438
f 5438 5383 5440
f 5440 5383 5442
f 5442 5383 5444
f 5444 5383 5446
f 5446 5383 5448
f 5448 5383 5450
f 5450 5383 5452
f 5452 5383 5454
f 5454 5383 5456
f 5456 5383 5458
f 5458 5383 5460
f 5460 5383 5462
f 5462 5383 5464
f 5464 5383 5466
f 5466 5383 5468
f 5468 5383 5470
f 5470 5383 5472
f 5472 5383 5474
f 5474 5383 5476
f 5476 5383 5478
f 5478 5383 5480
f 5480 5383 5482
f 5482 5383 5484
f 5484 5383 5486
f 5486 5383 5488
f 5488 5383 5490
f 5490 5383 5492
f 5492 5383 5494
f 5494 5383 5496
f 5496 5383 5498
f 5498 5383 5500
f 5500 5383 5502
f 5502 5383 5504
f 5504 5383 5506
f 5506 5383 5508
f 5508 5383 5510
f 5510 5383 5512
f 5512 5383 5514
f 5514 5383 5516
f 5516 5383 5518
f 5518 5383 5520
f 5520 5383 5522
f 5522 5383 5524
f 5524 5383 5526
f 5526 5383 5528
f 5528 5383 5530
f 5530 5383 5532
f 5532 5383 5534
f 5534 5383 5536
f 5536 5383 5538
f 5538 5383 5540
f 5540 5383 5542
f 5542 5383 5544
f 5544 5383 5546
f 5546 5383 5548
f 5548 5383 5550
f 5550 5383 5552
f 5552 5383 5554
f 5554 5383 5556
f 5556 5383 5558
f 5558 5383 5560
f 5560 5383 5562
f 5562 5383 5564
f 5564 5383 5566
f 5566 5383 5568
f 5568 5383 5570
f 5570 5383 5572
f 5572 5383 5574
f 5574 5383 5576
f 5576 5383 5578
f 5578 5383 5580
f 5580 5383 5582
f 5582 5383 5584
f 5584 5383 5586
f 5586 5383 5588
f 5588 5383 5590
f 5590 5383 5592
f 5592 5383 5594
f 5594 5383 5596
f 5596 5383 5598
f 5598 5383 5600
f 5600 5383 5602
f 5602 5383 5604
f 5604 5383 5606
f 5606 5383 5608
f 5608 5383 5610
f 5610 5383 5612
f 5612 5383 5614
f 5614 5383 5616
f 5616 5383 5618
f 5618 5383 5620
f 5620 5383 5622
f 5622 5383 5624
f 5624 5383 5626
f 5626 5383 5628
f 5628 5383 5630
f 5630 5383 5632
f 5632 5383 5634
f 5634 5383 5636
f 5636 5383 5638
f 5638 5383 5640
f 5640 5383 5642
f 5642 5383 5644
f 5644 5383 5646
f 5646 5383 5648
f 5648 5383 5650
f 5650 5383 5652
f 5652 5383 5654
f 5654 5383 5656
f 5656 5383 5658
f 5658 5383 5660
f 5660 5383 5662
f 5662 5383 5664
f 5664 5383 5666
f 5666 5383 5668
f 5668 5383 5670
f 5670 5383 5672
f 5672 5383 5674
f 5674 5383 5676
f 5676 5383 5678
f 5678 5383 5680
f 5680 5383 5682
f 5682 5383 5684
f 5684 5383 5686
f 5686 5383 5688
f 5688 5383 5690
f 5690 5383 5692
f 5692 5383 5694
f 5694 5383 5696
f 5696 5383 5698
f 5698 5383 5700
f 5700 5383 5702
f 5702 5383 5704
f 5704 5383 5706
f 5706 5383 5708
f 5708 5383 5710
f 5710 5383 5712
f 5712 5383 5714
f 5714 5383 5716
f 5716 5383 5718
f 5718 5383 5720
f 5720 5383 5722
f 5722 5383 5724
f 5724 5383 5726
f 5726 5383 5728
f 5728 5383 5730
f 5730 5383 5732
f 5732 5383 5734
f 5734 5383 5736
f 5736 5383 5738
f 5738 5383 5740
f 5740 5383 5742
f 5742 5383 5744
f 5744 5383 5746
f 5746 5383 5748
f 5748 5383 5750
f 5750 5383 5752
f 5752 5383 5754
f 5754 5383 5756
f 5756 5383 5758
f 5758 5383 5760
f 5760 5383 5762
f 5762 5383 5764
f 5764 5383 5766
f 5766 5383 5768
f 5768 5383 5770
f 5770 5383 5772
f 5772 5383 5774
f 5774 5383 5776
f 5776 5383 5778
f 5778 5383 5780
f 5780 5383 5782
f 5782 5383 5784
f 5784 5383 5786
f 5786 5383 5788
f 5788 5383 5790
f 5790 5383 5792
f 5792 5383 5794
f 5794 5383 5796
f 5796 5383 5798
f 5798 5383 5800
f 5800 5383 5802
f 5802 5383 5804
f 5804 5383 5806
f 5806 5383 5808
f 5808 5383 5810
f 5810 5383 5812
f 5812 5383 5814
f 5814 5383 5816
f 5816 5383 5818
f 5818 5383 5820
f 5820 5383 5822
f 5822 5383 5824
f 5824 5383 5826
f 5826 5383 5828
f 5828 5383 5830
f 5830 5383 5832
f 5832 5383 5834
f 5834 5383 5836
f 5836 5383 5838
f 5838 5383 5840
f 5840 5383 5842
f 5842 5383 5844
f 5844 5383 5846
f 5846 5383 5848
f 5848 5383 5850
f 5850 5383 5852
f 5852 5383 5854
f 5854 5383 5856
f 5856 5383 5858
f 5858 5383 5860
f 5860 5383 5862
f 5862 5383 5864
f 5864 5383 5866
f 5866 5383 5868
f 5868 5383 5870
f 5870 5383 5872
f 5872 5383 5874
f 5874 5383 5876
f 5876 5383 5878
f 5878 5383 5880
f 5880 5383 5882
f 5882 5383 5884
f 5884 5383 5886
f 5886 5383 5888
f 5888 5383 5890
f 5890 5383 5892
f 5892 5383 5894
f 5894 5383 5896
f 5896 5383 5898
f 5898 5383 5900
f 5900 5383 5902
f 5902 5383 5904
f 5904 5383 5906
f 5906 5383 5908
f 5908 5383 5910
f 5910 5383 5912
f 5912 5383 5914
f 5914 5383 5916
f 5916 5383 5918
f 5918 5383 5920
f 5920 5383 5922
f 5922 5383 5924
f 5924 5383 5926
f 5926 5383 5928
f 5928 5383 5930
f 5930 5383 5932
f 5932 5383 5934
f 5934 5383 5936
f 5936 5383 5938
f 5938 5383 5940
f 5940 5383 5942
f 5942 5383 5944
f 5944 5383 5946
f 5946 5383 5948
f 5948 5383 5950
f 5950 5383 5952
f 5952 5383 5954
f 5954 5383 5956
f 5956 5383 5958
f 5958 5383 5960
f 5960 5383 5962
f 5962 5383 5964
f 5964 5383 5966
f 5966 5383 5968
f 5968 5383 5970
f 5970 5383 5972
f 5972 5383 5974
f 5974 5383 5976
f 5976 5383 5978
f 5978 5383 5980
f 5980 5383 5982
f 5982 5383 5984
f 5984 5383 5986
f 5986 5383 5988
f 5988 5383 5990
f 5990 5383 5992
f 5992 5383 5994
f 5994 5383 5996
f 5996 5383 5998
f 5998 5383 6000
f 6000 5383 6002
f 6002 5383 6004
f 6004 5383 6006
f 6006 5383 6008
f 6008 5383 6010
f 6010 5383 6012
f 6012 5383 6014
f 6014 5383 6016
f 6016 5383 6018
f 6018 5383 6020
f 6020 5383 6022
f 6022 5383 6024
f 6024 5383 6026
f 6026 5383 6028
f 6028 5383 6030
f 6030 5383 6032
f 6032 5383 6034
f 6034 5383 6036
f 6036 5383 6038
f 6038 5383 6040
f 6040 5383 6042
f 6042 5383 6044
f 6044 5383 6046
f 6046 5383 6048
f 6048 5383 6050
f 6050 5383 6052
f 6052 5383 6054
f 6054 5383 6056
f 6056 5383 6058
f 6058 5383 6060
f 6060 5383 6062
f 6062 5383 6064
f 6064 5383 6066
f 6066 5383 6068
f 6068 5383 6070
f 6070 5383 6072
f 6072 5383 6074
f 6074 5383 6076
f 6076 5383 6078
f 6078 5383 6080
f 6080 5383 6082
f 6082 5383 6084
f 6084 5383 6086
f 6086 5383 6088
f 6088 5383 6090
f 6090 5383 6092
f 6092 5383 6094
f 6094 5383 6096
f 6096 5383 6098
f 6098 5383 6100
f 6100 5383 6102
f 6102 5383 6104
f 6104 5383 6106
f 6106 5383 6108
f 6108 5383 6110
f 6110 5383 6112
f 6112 5383 6114
f 6114 5383 6116
f 6116 5383 6118
f 6118 5383 6120
f 6120 5383 6122
f 6122 5383 6124
f 6124 5383 6126
f 6126 5383 6128
f 6128 5383 6130
f 6130 5383 6132
f 6132 5383 6134
f 6134 5383 6136
f 6136 5383 6138
f 6138 5383 6140
f 6140 5383 6142
f 6142 5383 6144
f 6144 5383 6146
f 6146 5383 6148
f 6148 5383 6150
f 6150 5383 6152
f 6152 5383 6154
f 6154 5383 6156
f 6156 5383 6158
f 6158 5383 6160
f 6160 5383 6162
f 6162 5383 6164
f 6164 5383 6166
f 6166 5383 6168
f 6168 5383 6170
f 6170 5383 6172
f 6172 5383 6174
f 6174 5383 6176
f 6176 5383 6178
f 6178 5383 6180
f 6180 5383 6182
f 6182 5383 6184
f 6184 5383 6186
f 6186 5383 6188
f 6188 5383 6190
f 6190 5383 6192
f 6192 5383 6194
f 6194 5383 6196
f 6196 5383 6198
f 6198 5383 6200
f 6200 5383 6202
f 6202 5383 6204
f 6204 5383 6206
f 6206 5383 6208
f 6208 5383 6210
f 6210 5383 6212
f 6212 5383 6214
f 6214 5383 6216
f 6216 5383 6218
f 6218 5383 6220
f 6220 5383 6222
f 6222 5383 6224
f 6224 5383 6226
f 6226 5383 6228
f 6228 5383 6230
f 6230 5383 6232
f 6232 5383 6234
f 6234 5383 6236
f 6236 5383 6238
f 6238 5383 6240
f 6240 5383 6242
f 6242 5383 6244
f 6244 5383 6246
f 6246 5383 6248
f 6248 5383 6250
f 6250 5383 6252
f 6252 5383 6254
f 6254 5383 6256
f 6256 5383 6258
f 6258 5383 6260
f 6260 5383 6262
f 6262 5383 6264
f 6264 5383 6266
f 6266 5383 6268
f 6268 5383 6270
f 6270 5383 6272
f 6272 5383 6274
f 6274 5383 6276
f 6276 5383 6278
f 6278 5383 6280
f 6280 5383 6282
f 6282 5383 6284
f 6284 5383 6286
f 6286 5383 6288
f 6288 5383 6290
f 6290 5383 6292
f 6292 5383 6294
f 6294 5383 6296
f 6296 5383 6298
f 6298 5383 6300
f 6300 5383 6302
f 6302 5383 6304
f 6304 5383 6306
f 6306 5383 6308
f 6308 5383 6310
f 6310 5383 6312
f 6312 5383 6314
f 6314 5383 6316
f 6316 5383 6318
f 6318 5383 6320
f 6320 5383 6322
f 6322 5383 6324
f 6324 5383 6326
f 6326 5383 6328
f 6328 5383 6330
f 6330 5383 6332
f 6332 5383 6334
f 6334 5383 6336
f 6336 5383 6338
f 6338 5383 6340
f 6340 5383 6342
f 6342 5383 6344
f 6344 5383 6346
f 6346 5383 6348
f 6348 5383 6350
f 6350 5383 6352
f 6352 5383 6354
f 6354 5383 6356
f 6356 5383 6358
f 6358 5383 6360
f 6360 5383 6362
f 6362 5383 6364
f 6364 5383 6366
f 6366 5383 6368
f 6368 5383 6370
f 6370 5383 6372
f 6372 5383 6374
f 6374 5383 6376
f 6376 5383 6378
f 6378 5383 6380
f 6380 5383 6382
f 6382 5383 6384
f 6384 5383 6386
f 6386 5383 6388
f 6388 5383 6390
f 6390 5383 6392
f 6392 5383 6394
f 6394 5383 6396
f 6396 5383 6398
f 6398 5383 6400
f 6400 5383 6402
f 6402 5383 6404
f 6404 5383 6406
f 6406 5383 6408
f 6408 5383 6410
f 6410 5383 6412
f 6412 5383 6414
f 6414 5383 6416
f 6416 5383 6418
f 6418 5383 6420
f 6420 5383 6422
f 6422 5383 6424
f 6424 5383 6426
f 6426 5383 6428
f 6428 5383 6430
f 6430 5383 6432
f 6432 5383 6434
f 6434 5383 6436
f 6436 5383 6438
f 6438 5383 6440
f 6440 5383 6442
f 6442 5383 6444
f 6444 5383 6446
f 6446 5383 6448
f 6448 5383 6450
f 6450 5383 6452
f 6452 5383 6454
f 6454 5383 6456
f 6456 5383 6458
f 6458 5383 6460
f 6460 5383 6462
f 6462 5383 6464
f 6464 5383 6466
f 6466 5383 6468
f 6468 5383 6470
f 6470 5383 6472
f 6472 5383 6474
f 6474 5383 6476
f 6476 5383 6478
f 6478 5383 6480
f 6480 5383 6482
f 6482 5383 6484
f 6484 5383 6486
f 6486 5383 6488
f 6488 5383 6490
f 6490 5383 6492
f 6492 5383 6494
f 6494 5383 6496
f 6496 5383 6498
f 6498 5383 6500
f 6500 5383 6502
f 6502 5383 6504
f 6504 5383 6506
f 6506 5383 6508
f 6508 5383 6510
f 6510 5383 6512
f 6512 5383 6514
f 6514 5383 6516
f 6516 5383 6518
f 6518 5383 6520
f 6520 5383 6522
f 6522 5383 6524
f 6524 5383 6526
f 6526 5383 6528
f 6528 5383 6530
f 6530 5383 6532
f 6532 5383 6534
f 6534 5383 6536
f 6536 5383 6538
f 6538 5383 6540
f 6540 5383 6542
f 6542 5383 6544
f 6544 5383 6546
f 6546 5383 6548
f 6548 5383 6550
f 6550 5383 6552
f 6552 5383 6554
f 6554 5383 6556
f 6556 5383 6558
f 6558 5383 6560
f 6560 5383 6562
f 6562 5383 6564
f 6564 5383 6566
f 6566 5383 6568
f 6568 5383 6570
f 6570 5383 6572
f 6572 5383 6574
f 6574 5383 6576
f 6576 5383 6578
f 6578 5383 6580
f 6580 5383 6582
f 6582 5383 6584
f 6584 5383 6586
f 6586 5383 6588
f 6588 5383 6590
f 6590 5383 6592
f 6592 5383 6594
f 6594 5383 6596
f 6596 5383 6598
f 6598 5383 6600
f 6600 5383 6602
f 6602 5383 6604
f 6604 5383 6606
f 6606 5383 6608
f 6608 5383 6610
f 6610 5383 6612
f 6612 5383 6614
f 6614 5383 6616
f 6616 5383 6618
f 6618 5383 6620
f 6620 5383 6622
f 6622 5383 6624
f 6624 5383 6626
f 6626 5383 6628
f 6628 5383 6630
f 6630 5383 6632
f 6632 5383 6634
f 6634 5383 6636
f 6636 5383 6638
f 6638 5383 6640
f 6640 5383 6642
f 6642 5383 6644
f 6644 5383 6646
f 6646 5383 6648
f 6648 5383 6650
f 6650 5383 6652
f 6652 5383 6654
f 6654 5383 6656
f 6656 5383 6658
f 6658 5383 6660
f 6660 5383 6662
f 6662 5383 6664
f 6664 5383 6666
f 6666 5383 6668
f 6668 5383 6670
f 6670 5383 6672
f 6672 5383 6674
f 6674 5383 6676
f 6676 5383 6678
f 6678 5383 6680
f 6680 5383 6682
f 6682 5383 6684
f 6684 5383 6686
f 6686 5383 6688
f 6688 5383 6690
f 6690 5383 6692
f 6692 5383 6694
f 6694 5383 6696
f 6696 5383 6698
f 6698 5383 6700
f 6700 5383 6702
f 6702 5383 6704
f 6704 5383 6706
f 6706 5383 6708
f 6708 5383 6710
f 6710 5383 6712
f 6712 5383 6714
f 6714 5383 6716
f 6716 5383 6718
f 6718 5383 6720
f 6720 5383 6722
f 6722 5383 6724
f 6724 5383 6726
f 6726 5383 6728
f 6728 5383 6730
f 6730 5383 6732
f 6732 5383 6734
f 6734 5383 6736
f 6736 5383 6738
f 6738 5383 6740
f 6740 5383 6742
f 6742 5383 6744
f 6744 5383 6746
f 6746 5383 6748
f 6748 5383 6750
f 6750 5383 6752
f 6752 5383 6754
f 6754 5383 6756
f 6756 5383 6758
f 6758 5383 6760
f 6760 5383 6762
f 6762 5383 6764
f 6764 5383 6766
f 6766 5383 6768
f 6768 5383 6770
f 6770 5383 6772
f 6772 5383 6774
f 6774 5383 6776
f 6776 5383 6778
f 6778 5383 6780
f 6780 5383 6782
f 6782 5383 6784
f 6784 5383 6786
f 6786 5383 6788
f 6788 5383 6790
f 6790 5383 6792
f 6792 5383 6794
f 6794 5383 6796
f 6796 5383 6798
f 6798 5383 6800
f 6800 5383 6802
f 6802 5383 6804
f 6804 5383 6806
f 6806 5383 6808
f 6808 5383 6810
f 6810 5383 6812
f 6812 5383 6814
f 6814 5383 6816
f 6816 5383 6818
f 6818 5383 6820
f 6820 5383 6822
f 6822 5383 6824
f 6824 5383 6826
f 6826 5383 6828
f 6828 5383 6830
f 6830 5383 6832
f 6832 5383 6834
f 6834 5383 6836
f 6836 5383 6838
f 6838 5383 6840
f 6840 5383 6842
f 6842 5383 6844
f 6844 5383 6846
f 6846 5383 6848
f 6848 5383 6850
f 6850 5383 6852
f 6852 5383 6854
f 6854 5383 6856
f 6856 5383 6858
f 6858 5383 6860
f 6860 5383 6862
f 6862 5383 6864
f 6864 5383 6866
f 6866 5383 6868
f 6868 5383 6870
f 6870 5383 6872
f 6872 5383 6874
f 6874 5383 6876
f 6876 5383 6878
f 6878 5383 6880
f 6880 5383 6882
f 6882 5383 6884
f 6884 5383 6886
f 6886 5383 6888
f 6888 5383 6890
f 6890 5383 6892
f 6892 5383 6894
f 6894 5383 6896
f 6896 5383 6898
f 6898 5383 6900
f 6900 5383 6902
f 6902 5383 6904
f 6904 5383 6906
f 6906 5383 6908
f 6908 5383 6910
f 6910 5383 6912
f 6912 5383 6914
f 6914 5383 6916
f 6916 5383 6918
f 6918 5383 6920
f 6920 5383 6922
f 6922 5383 6924
f 6924 5383 6926
f 6926 5383 6928
f 6928 5383 6930
f 6930 5383 6932
f 6932 5383 6934
f 6934 5383 6936
f 6936 5383 6938
f 6938 5383 6940
f 6940 5383 6942
f 6942 5383 6944
f 6944 5383 6946
f 6946 5383 6948
f 6948 5383 6950
f 6950 5383 6952
f 6952 5383 6954
f 6954 5383 6956
f 6956 5383 6958
f 6958 5383 6960
f 6960 5383 6962
f 6962 5383 6964
f 6964 5383 6966
f 6966 5383 6968
f 6968 5383 6970
f 6970 5383 6972
f 6972 5383 6974
f 6974 5383 6976
f 6976 5383 6978
f 6978 5383 6980
f 6980 5383 6982
f 6982 5383 6984
f 6984 5383 6986
f 6986 5383 6988
f 6988 5383 6990
f 6990 5383 6992
f 6992 5383 6994
f 6994 5383 6996
f 6996 5383 6998
f 6998 5383 7000
f 7000 5383 7002
f 7002 5383 7004
f 7004 5383 7006
f 7006 5383 7008
f 7008 5383 7010
f 7010 5383 7012
f 7012 5383 7014
f 7014 5383 7016
f 7016 5383 7018
f 7018 5383 7020
f 7020 5383 7022
f 7022 5383 7024
f 7024 5383 7026
f 7026 5383 7028
f 7028 5383 7030
f 7030 5383 7032
f 7032 5383 7034
f 7034 5383 7036
f 7036 5383 7038
f 7038 5383 7040
f 7040 5383 7042
f 7042 5383 7044
f 7044 5383 7046
f 7046 5383 7048
f 7048 5383 7050
f 7050 5383 7052
f 7052 5383 7054
f 7054 5383 7056
f 7056 5383 7058
f 7058 5383 7060
f 7060 5383 7062
f 7062 5383 7064
f 7064 5383 7066
f 7066 5383 7068
f 7068 5383 7070
f 7070 5383 7072
f 7072 5383 7074
f 7074 5383 7076
f 7076 5383 7078
f 7078 5383 7080
f 7080 5383 7082
f 7082 5383 7084
f 7084 5383 7086
f 7086 5383 7088
f 7088 5383 7090
f 7090 5383 7092
f 7092 5383 7094
f 7094 5383 7096
f 7096 5383 7098
f 7098 5383 7100
f 7100 5383 7102
f 7102 5383 7104
f 7104 5383 7106
f 7106 5383 7108
f 7108 5383 7110
f 7110 5383 7112
f 7112 5383 7114
f 7114 5383 7116
f 7116 5383 7118
f 7118 5383 7120
f 7120 5383 7122
f 7122 5383 7124
f 7124 5383 7126
f 7126 5383 7128
f 7128 5383 7130
f 7130 5383 7132
f 7132 5383 7134
f 7134 5383 7136
f 7136 5383 7138
f 7138 5383 7140
f 7140 5383 7142
f 7142 5383 7144
f 7144 5383 7146
f 7146 5383 7148
f 7148 5383 7150
f 7150 5383 7152
f 7152 5383 7154
f 7154 5383 7156
f 7156 5383 7158
f 7158 5383 7160
f 7160 5383 7162
f 7162 5383 7164
f 7164 5383 7166
f 7166 5383 7168
f 7168 5383 7170
f 7170 5383 7172
f 7172 5383 7174
f 7174 5383 7176
f 7176 5383 7178
f 7178 5383 7180
f 7180 5383 7182
f 7182 5383 7184
f 7184 5383 7186
f 7186 5383 7188
f 7188 5383 7190
f 7190 5383 7192
f 7192 5383 7194
f 7194 5383 7196
f 7196 5383 7198
f 7198 5383 7200
f 7200 5383 7202
f 7202 5383 7204
f 7204 5383 7206
f 7206 5383 7208
f 7208 5383 7210
f 7210 5383 7212
f 7212 5383 7214
f 7214 5383 7216
f 7216 5383 7218
f 7218 5383 7220
f 7220 5383 7222
f 7222 5383 7224
f 7224 5383 7226
f 7226 5383 7228
f 7228 5383 7230
f 7230 5383 7232
f 7232 5383 7234
f 7234 5383 7236
f 7236 5383 7238
f 7238 5383 7240
f 7240 5383 7242
f 7242 5383 7244
f 7244 5383 7246
f 7246 5383 7248
f 7248 5383 7250
f 7250 5383 7252
f 7252 5383 7254
f 7254 5383 7256
f 7256 5383 7258
f 7258 5383 7260
f 7260 5383 7262
f 7262 5383 7264
f 7264 5383 7266
f 7266 5383 7268
f 7268 5383 7270
f 7270 5383 7272
f 7272 5383 7274
f 7274 5383 7276
f 7276 5383 7278
f 7278 5383 7280
f 7280 5383 7282
f 7282 5383 7284
f 7284 5383 7286
f 7286 5383 7288
f 7288 5383 7290
f 7290 5383 7292
f 7292 5383 7294
f 7294 5383 7296
f 7296 5383 7298
f 7298 5383 7300
f 7300 5383 7302
f 7302 5383 7304
f 7304 5383 7306
f 7306 5383 7308
f 7308 5383 7310
f 7310 5383 7312
f 7312 5383 7314
f 7314 5383 7316
f 7316 5383 7318
f 7318 5383 7320
f 7320 5383 7322
f 7322 5383 7324
f 7324 5383 7326
f 7326 5383 7328
f 7328 5383 7330
f 7330 5383 7332
f 7332 5383 7334
f 7334 5383 7336
f 7336 5383 7338
f 7338 5383 7340
f 7340 5383 7342
f 7342 5383 7344
f 7344 5383 7346
f 7346 5383 7348
f 7348 5383 7350
f 7350 5383 7352
f 7352 5383 7354
f 7354 5383 7356
f 7356 5383 7358
f 7358 5383 7360
f 7360 5383 7362
f 7362 5383 7364
f 7364 5383 7366
f 7366 5383 7368
f 7368 5383 7370
f 7370 5383 7372
f 7372 5383 7374
f 7374 5383 7376
f 7376 5383 7378
f 7378 5383 7380
f 7380 5383 7382
f 7382 5383 7384
f 7384 5383 7386
f 7386 5383 7388
f 7388 5383 7390
f 7390 5383 7392
f 7392 5383 7394
f 7394 5383 7396
f 7396 5383 7398
f 7398 5383 7400
f 7400 5383 7402
f 7402 5383 7404
f 7404 5383 7406
f 7406 5383 7408
f 7408 5383 7410
f 7410 5383 7412
f 7412 5383 7414
f 7414 5383 7416
f 7416 5383 7418
f 7418 5383 7420
f 7420 5383 7422
f 7422 5383 7424
f 7424 5383 7426
f 7426 5383 7428
f 7428 5383 7430
f 7430 5383 7432
f 7432 5383 7434
f 7434 5383 7436
f 7436 5383 7438
f 7438 5383 7440
f 7440 5383 7442
f 7442 5383 7444
f 7444 5383 7446
f 7446 5383 7448
f 7448 5383 7450
f 7450 5383 7452
f 7452 5383 7454
f 7454 5383 7456
f 7456 5383 7458
f 7458 5383 7460
f 7460 5383 7462
f 7462 5383 7464
f 7464 5383 7466
f 7466 5383 7468
f 7468 5383 7470
f 7470 5383 7472
f 7472 5383 7474
f 7474 5383 7476
f 7476 5383 7478
f 7478 5383 7480
f 7480 5383 7482
f 7482 5383 7484
f 7484 5383 7486
f 7486 5383 7488
f 7488 5383 7490
f 7490 5383 7492
f 7492 5383 7494
f 7494 5383 7496
f 7496 5383 7498
f 7498 5383 7500
f 7500 5383 5386
f 5383 5384 5386

